Copyright 1986-2022 Xilinx, Inc. All Rights Reserved.
---------------------------------------------------------------------------------------------------------------------------------------------------------------------------------------------------------------------------------
| Tool Version : Vivado v.2022.2 (win64) Build 3671981 Fri Oct 14 05:00:03 MDT 2022
| Date         : Sat Nov  8 10:35:09 2025
| Host         : Matrix running 64-bit major release  (build 9200)
| Command      : report_timing_summary -max_paths 10 -report_unconstrained -file soc_lite_top_timing_summary_routed.rpt -pb soc_lite_top_timing_summary_routed.pb -rpx soc_lite_top_timing_summary_routed.rpx -warn_on_violation
| Design       : soc_lite_top
| Device       : 7a200t-fbg676
| Speed File   : -1  PRODUCTION 1.23 2018-06-13
---------------------------------------------------------------------------------------------------------------------------------------------------------------------------------------------------------------------------------

Timing Summary Report

------------------------------------------------------------------------------------------------
| Timer Settings
| --------------
------------------------------------------------------------------------------------------------

  Enable Multi Corner Analysis               :  Yes
  Enable Pessimism Removal                   :  Yes
  Pessimism Removal Resolution               :  Nearest Common Node
  Enable Input Delay Default Clock           :  No
  Enable Preset / Clear Arcs                 :  No
  Disable Flight Delays                      :  No
  Ignore I/O Paths                           :  No
  Timing Early Launch at Borrowing Latches   :  No
  Borrow Time for Max Delay Exceptions       :  Yes
  Merge Timing Exceptions                    :  Yes

  Corner  Analyze    Analyze    
  Name    Max Paths  Min Paths  
  ------  ---------  ---------  
  Slow    Yes        Yes        
  Fast    Yes        Yes        


------------------------------------------------------------------------------------------------
| Report Methodology
| ------------------
------------------------------------------------------------------------------------------------

Rule       Severity  Description                                                                                            Violations  
---------  --------  -----------------------------------------------------------------------------------------------------  ----------  
TIMING-9   Warning   Unknown CDC Logic                                                                                      1           
TIMING-10  Warning   Missing property on synchronizer                                                                       1           
TIMING-47  Warning   False path, asynchronous clock group or max delay datapath only constraint between synchronous clocks  2           
XDCC-1     Warning   Scoped Clock constraint overwritten with the same name                                                 1           
XDCC-7     Warning   Scoped Clock constraint overwritten on the same source                                                 1           

Note: This report is based on the most recent report_methodology run and may not be up-to-date. Run report_methodology on the current design for the latest report.



check_timing report

Table of Contents
-----------------
1. checking no_clock (0)
2. checking constant_clock (0)
3. checking pulse_width_clock (0)
4. checking unconstrained_internal_endpoints (0)
5. checking no_input_delay (15)
6. checking no_output_delay (71)
7. checking multiple_clock (0)
8. checking generated_clocks (0)
9. checking loops (0)
10. checking partial_input_delay (0)
11. checking partial_output_delay (0)
12. checking latch_loops (0)

1. checking no_clock (0)
------------------------
 There are 0 register/latch pins with no clock.


2. checking constant_clock (0)
------------------------------
 There are 0 register/latch pins with constant_clock.


3. checking pulse_width_clock (0)
---------------------------------
 There are 0 register/latch pins which need pulse_width check


4. checking unconstrained_internal_endpoints (0)
------------------------------------------------
 There are 0 pins that are not constrained for maximum delay.

 There are 0 pins that are not constrained for maximum delay due to constant clock.


5. checking no_input_delay (15)
-------------------------------
 There are 15 input ports with no input delay specified. (HIGH)

 There are 0 input ports with no input delay but user has a false path constraint.


6. checking no_output_delay (71)
--------------------------------
 There are 71 ports with no output delay specified. (HIGH)

 There are 0 ports with no output delay but user has a false path constraint

 There are 0 ports with no output delay but with a timing clock defined on it or propagating through it


7. checking multiple_clock (0)
------------------------------
 There are 0 register/latch pins with multiple clocks.


8. checking generated_clocks (0)
--------------------------------
 There are 0 generated clocks that are not connected to a clock source.


9. checking loops (0)
---------------------
 There are 0 combinational loops in the design.


10. checking partial_input_delay (0)
------------------------------------
 There are 0 input ports with partial input delay specified.


11. checking partial_output_delay (0)
-------------------------------------
 There are 0 ports with partial output delay specified.


12. checking latch_loops (0)
----------------------------
 There are 0 combinational latch loops in the design through latch input



------------------------------------------------------------------------------------------------
| Design Timing Summary
| ---------------------
------------------------------------------------------------------------------------------------

    WNS(ns)      TNS(ns)  TNS Failing Endpoints  TNS Total Endpoints      WHS(ns)      THS(ns)  THS Failing Endpoints  THS Total Endpoints     WPWS(ns)     TPWS(ns)  TPWS Failing Endpoints  TPWS Total Endpoints  
    -------      -------  ---------------------  -------------------      -------      -------  ---------------------  -------------------     --------     --------  ----------------------  --------------------  
      4.768        0.000                      0               138698        0.089        0.000                      0               138698        3.000        0.000                       0                 17833  


All user specified timing constraints are met.


------------------------------------------------------------------------------------------------
| Clock Summary
| -------------
------------------------------------------------------------------------------------------------

Clock                Waveform(ns)       Period(ns)      Frequency(MHz)
-----                ------------       ----------      --------------
clk                  {0.000 5.000}      10.000          100.000         
  clkfbout_clk_pll   {0.000 5.000}      10.000          100.000         
  cpu_clk_clk_pll    {0.000 20.000}     40.000          25.000          
  timer_clk_clk_pll  {0.000 5.000}      10.000          100.000         


------------------------------------------------------------------------------------------------
| Intra Clock Table
| -----------------
------------------------------------------------------------------------------------------------

Clock                    WNS(ns)      TNS(ns)  TNS Failing Endpoints  TNS Total Endpoints      WHS(ns)      THS(ns)  THS Failing Endpoints  THS Total Endpoints     WPWS(ns)     TPWS(ns)  TPWS Failing Endpoints  TPWS Total Endpoints  
-----                    -------      -------  ---------------------  -------------------      -------      -------  ---------------------  -------------------     --------     --------  ----------------------  --------------------  
clk                                                                                                                                                                    3.000        0.000                       0                     1  
  clkfbout_clk_pll                                                                                                                                                     7.845        0.000                       0                     3  
  cpu_clk_clk_pll          8.662        0.000                      0               138632        0.089        0.000                      0               138632       18.750        0.000                       0                 17728  
  timer_clk_clk_pll        4.768        0.000                      0                   66        0.119        0.000                      0                   66        4.500        0.000                       0                   101  


------------------------------------------------------------------------------------------------
| Inter Clock Table
| -----------------
------------------------------------------------------------------------------------------------

From Clock    To Clock          WNS(ns)      TNS(ns)  TNS Failing Endpoints  TNS Total Endpoints      WHS(ns)      THS(ns)  THS Failing Endpoints  THS Total Endpoints  
----------    --------          -------      -------  ---------------------  -------------------      -------      -------  ---------------------  -------------------  


------------------------------------------------------------------------------------------------
| Other Path Groups Table
| -----------------------
------------------------------------------------------------------------------------------------

Path Group    From Clock    To Clock          WNS(ns)      TNS(ns)  TNS Failing Endpoints  TNS Total Endpoints      WHS(ns)      THS(ns)  THS Failing Endpoints  THS Total Endpoints  
----------    ----------    --------          -------      -------  ---------------------  -------------------      -------      -------  ---------------------  -------------------  


------------------------------------------------------------------------------------------------
| User Ignored Path Table
| -----------------------
------------------------------------------------------------------------------------------------

Path Group         From Clock         To Clock         
----------         ----------         --------         
(none)             timer_clk_clk_pll  cpu_clk_clk_pll    
(none)             cpu_clk_clk_pll    timer_clk_clk_pll  


------------------------------------------------------------------------------------------------
| Unconstrained Path Table
| ------------------------
------------------------------------------------------------------------------------------------

Path Group        From Clock        To Clock        
----------        ----------        --------        
(none)            clkfbout_clk_pll                    
(none)            cpu_clk_clk_pll                     
(none)                              cpu_clk_clk_pll   


------------------------------------------------------------------------------------------------
| Timing Details
| --------------
------------------------------------------------------------------------------------------------


---------------------------------------------------------------------------------------------------
From Clock:  clk
  To Clock:  clk

Setup :           NA  Failing Endpoints,  Worst Slack           NA  ,  Total Violation           NA
Hold  :           NA  Failing Endpoints,  Worst Slack           NA  ,  Total Violation           NA
PW    :            0  Failing Endpoints,  Worst Slack        3.000ns,  Total Violation        0.000ns
---------------------------------------------------------------------------------------------------


Pulse Width Checks
--------------------------------------------------------------------------------------
Clock Name:         clk
Waveform(ns):       { 0.000 5.000 }
Period(ns):         10.000
Sources:            { clk }

Check Type        Corner  Lib Pin           Reference Pin  Required(ns)  Actual(ns)  Slack(ns)  Location        Pin
Min Period        n/a     PLLE2_ADV/CLKIN1  n/a            1.249         10.000      8.751      PLLE2_ADV_X0Y2  pll.clk_pll/inst/plle2_adv_inst/CLKIN1
Max Period        n/a     PLLE2_ADV/CLKIN1  n/a            52.633        10.000      42.633     PLLE2_ADV_X0Y2  pll.clk_pll/inst/plle2_adv_inst/CLKIN1
Low Pulse Width   Slow    PLLE2_ADV/CLKIN1  n/a            2.000         5.000       3.000      PLLE2_ADV_X0Y2  pll.clk_pll/inst/plle2_adv_inst/CLKIN1
Low Pulse Width   Fast    PLLE2_ADV/CLKIN1  n/a            2.000         5.000       3.000      PLLE2_ADV_X0Y2  pll.clk_pll/inst/plle2_adv_inst/CLKIN1
High Pulse Width  Slow    PLLE2_ADV/CLKIN1  n/a            2.000         5.000       3.000      PLLE2_ADV_X0Y2  pll.clk_pll/inst/plle2_adv_inst/CLKIN1
High Pulse Width  Fast    PLLE2_ADV/CLKIN1  n/a            2.000         5.000       3.000      PLLE2_ADV_X0Y2  pll.clk_pll/inst/plle2_adv_inst/CLKIN1



---------------------------------------------------------------------------------------------------
From Clock:  clkfbout_clk_pll
  To Clock:  clkfbout_clk_pll

Setup :           NA  Failing Endpoints,  Worst Slack           NA  ,  Total Violation           NA
Hold  :           NA  Failing Endpoints,  Worst Slack           NA  ,  Total Violation           NA
PW    :            0  Failing Endpoints,  Worst Slack        7.845ns,  Total Violation        0.000ns
---------------------------------------------------------------------------------------------------


Pulse Width Checks
--------------------------------------------------------------------------------------
Clock Name:         clkfbout_clk_pll
Waveform(ns):       { 0.000 5.000 }
Period(ns):         10.000
Sources:            { pll.clk_pll/inst/plle2_adv_inst/CLKFBOUT }

Check Type  Corner  Lib Pin             Reference Pin  Required(ns)  Actual(ns)  Slack(ns)  Location        Pin
Min Period  n/a     BUFG/I              n/a            2.155         10.000      7.845      BUFGCTRL_X0Y2   pll.clk_pll/inst/clkf_buf/I
Min Period  n/a     PLLE2_ADV/CLKFBOUT  n/a            1.249         10.000      8.751      PLLE2_ADV_X0Y2  pll.clk_pll/inst/plle2_adv_inst/CLKFBOUT
Min Period  n/a     PLLE2_ADV/CLKFBIN   n/a            1.249         10.000      8.751      PLLE2_ADV_X0Y2  pll.clk_pll/inst/plle2_adv_inst/CLKFBIN
Max Period  n/a     PLLE2_ADV/CLKFBIN   n/a            52.633        10.000      42.633     PLLE2_ADV_X0Y2  pll.clk_pll/inst/plle2_adv_inst/CLKFBIN
Max Period  n/a     PLLE2_ADV/CLKFBOUT  n/a            160.000       10.000      150.000    PLLE2_ADV_X0Y2  pll.clk_pll/inst/plle2_adv_inst/CLKFBOUT



---------------------------------------------------------------------------------------------------
From Clock:  cpu_clk_clk_pll
  To Clock:  cpu_clk_clk_pll

Setup :            0  Failing Endpoints,  Worst Slack        8.662ns,  Total Violation        0.000ns
Hold  :            0  Failing Endpoints,  Worst Slack        0.089ns,  Total Violation        0.000ns
PW    :            0  Failing Endpoints,  Worst Slack       18.750ns,  Total Violation        0.000ns
---------------------------------------------------------------------------------------------------


Max Delay Paths
--------------------------------------------------------------------------------------
Slack (MET) :             8.662ns  (required time - arrival time)
  Source:                 cpu/pc_reg[11]/C
                            (rising edge-triggered cell FDSE clocked by cpu_clk_clk_pll  {rise@0.000ns fall@20.000ns period=40.000ns})
  Destination:            cpu/u_regfile/rf_reg_r1_0_31_0_5/RAMC_D1/I
                            (rising edge-triggered cell RAMD32 clocked by cpu_clk_clk_pll  {rise@0.000ns fall@20.000ns period=40.000ns})
  Path Group:             cpu_clk_clk_pll
  Path Type:              Setup (Max at Slow Process Corner)
  Requirement:            40.000ns  (cpu_clk_clk_pll rise@40.000ns - cpu_clk_clk_pll rise@0.000ns)
  Data Path Delay:        30.938ns  (logic 4.148ns (13.407%)  route 26.791ns (86.593%))
  Logic Levels:           15  (CARRY4=2 LUT4=1 LUT5=1 LUT6=4 MUXF7=3 MUXF8=2 RAMD32=1 RAMS64E=1)
  Clock Path Skew:        -0.052ns (DCD - SCD + CPR)
    Destination Clock Delay (DCD):    -1.942ns = ( 38.058 - 40.000 ) 
    Source Clock Delay      (SCD):    -2.310ns
    Clock Pessimism Removal (CPR):    -0.420ns
  Clock Uncertainty:      0.098ns  ((TSJ^2 + DJ^2)^1/2) / 2 + PE
    Total System Jitter     (TSJ):    0.071ns
    Discrete Jitter          (DJ):    0.183ns
    Phase Error              (PE):    0.000ns

    Location             Delay type                Incr(ns)  Path(ns)    Netlist Resource(s)
  -------------------------------------------------------------------    -------------------
                         (clock cpu_clk_clk_pll rise edge)
                                                      0.000     0.000 r  
    AC19                                              0.000     0.000 r  clk (IN)
                         net (fo=0)                   0.000     0.000    pll.clk_pll/inst/clk_in1
    AC19                 IBUF (Prop_ibuf_I_O)         1.485     1.485 r  pll.clk_pll/inst/clkin1_ibufg/O
                         net (fo=1, routed)           1.619     3.104    pll.clk_pll/inst/clk_in1_clk_pll
    PLLE2_ADV_X0Y2       PLLE2_ADV (Prop_plle2_adv_CLKIN1_CLKOUT0)
                                                     -9.006    -5.902 r  pll.clk_pll/inst/plle2_adv_inst/CLKOUT0
                         net (fo=1, routed)           1.837    -4.064    pll.clk_pll/inst/cpu_clk_clk_pll
    BUFGCTRL_X0Y0        BUFG (Prop_bufg_I_O)         0.096    -3.968 r  pll.clk_pll/inst/clkout1_buf/O
                         net (fo=17726, routed)       1.658    -2.310    cpu/cpu_clk
    SLICE_X61Y153        FDSE                                         r  cpu/pc_reg[11]/C
  -------------------------------------------------------------------    -------------------
    SLICE_X61Y153        FDSE (Prop_fdse_C_Q)         0.456    -1.854 r  cpu/pc_reg[11]/Q
                         net (fo=1028, routed)        7.507     5.653    inst_ram/U0/synth_options.dist_mem_inst/gen_sp_ram.spram_inst/a[9]
    SLICE_X113Y63        LUT6 (Prop_lut6_I2_O)        0.124     5.777 r  inst_ram/U0/synth_options.dist_mem_inst/gen_sp_ram.spram_inst/spo[6]_INST_0_i_38/O
                         net (fo=1, routed)           0.000     5.777    inst_ram/U0/synth_options.dist_mem_inst/gen_sp_ram.spram_inst/spo[6]_INST_0_i_38_n_0
    SLICE_X113Y63        MUXF7 (Prop_muxf7_I1_O)      0.217     5.994 r  inst_ram/U0/synth_options.dist_mem_inst/gen_sp_ram.spram_inst/spo[6]_INST_0_i_16/O
                         net (fo=1, routed)           0.000     5.994    inst_ram/U0/synth_options.dist_mem_inst/gen_sp_ram.spram_inst/spo[6]_INST_0_i_16_n_0
    SLICE_X113Y63        MUXF8 (Prop_muxf8_I1_O)      0.094     6.088 r  inst_ram/U0/synth_options.dist_mem_inst/gen_sp_ram.spram_inst/spo[6]_INST_0_i_5/O
                         net (fo=1, routed)           1.257     7.345    inst_ram/U0/synth_options.dist_mem_inst/gen_sp_ram.spram_inst/spo[6]_INST_0_i_5_n_0
    SLICE_X101Y73        LUT6 (Prop_lut6_I3_O)        0.316     7.661 r  inst_ram/U0/synth_options.dist_mem_inst/gen_sp_ram.spram_inst/spo[6]_INST_0_i_1/O
                         net (fo=1, routed)           0.000     7.661    inst_ram/U0/synth_options.dist_mem_inst/gen_sp_ram.spram_inst/spo[6]_INST_0_i_1_n_0
    SLICE_X101Y73        MUXF7 (Prop_muxf7_I0_O)      0.212     7.873 r  inst_ram/U0/synth_options.dist_mem_inst/gen_sp_ram.spram_inst/spo[6]_INST_0/O
                         net (fo=48, routed)          7.421    15.295    cpu/u_regfile/rf_reg_r1_0_31_0_5/ADDRB1
    SLICE_X56Y180        RAMD32 (Prop_ramd32_RADR1_O)
                                                      0.327    15.622 r  cpu/u_regfile/rf_reg_r1_0_31_0_5/RAMB/O
                         net (fo=4, routed)           2.547    18.169    cpu/u_regfile/rdata10[2]
    SLICE_X61Y151        LUT4 (Prop_lut4_I2_O)        0.348    18.517 r  cpu/u_regfile/data_ram_i_55/O
                         net (fo=14, routed)          0.861    19.378    cpu/u_regfile/alu_src1[2]
    SLICE_X47Y155        CARRY4 (Prop_carry4_DI[2]_CO[3])
                                                      0.398    19.776 r  cpu/u_regfile/data_ram_i_3/CO[3]
                         net (fo=1, routed)           0.000    19.776    cpu/u_regfile/data_ram_i_3_n_0
    SLICE_X47Y156        CARRY4 (Prop_carry4_CI_O[1])
                                                      0.334    20.110 r  cpu/u_regfile/data_ram_i_2/O[1]
                         net (fo=659, routed)         2.501    22.610    data_ram/U0/synth_options.dist_mem_inst/gen_sp_ram.spram_inst/ram_reg_768_1023_5_5/A3
    SLICE_X20Y166        RAMS64E (Prop_rams64e_ADR3_O)
                                                      0.453    23.063 r  data_ram/U0/synth_options.dist_mem_inst/gen_sp_ram.spram_inst/ram_reg_768_1023_5_5/RAMS64E_A/O
                         net (fo=1, routed)           0.000    23.063    data_ram/U0/synth_options.dist_mem_inst/gen_sp_ram.spram_inst/ram_reg_768_1023_5_5/OA
    SLICE_X20Y166        MUXF7 (Prop_muxf7_I1_O)      0.214    23.277 r  data_ram/U0/synth_options.dist_mem_inst/gen_sp_ram.spram_inst/ram_reg_768_1023_5_5/F7.A/O
                         net (fo=1, routed)           0.000    23.277    data_ram/U0/synth_options.dist_mem_inst/gen_sp_ram.spram_inst/ram_reg_768_1023_5_5/O1
    SLICE_X20Y166        MUXF8 (Prop_muxf8_I1_O)      0.088    23.365 r  data_ram/U0/synth_options.dist_mem_inst/gen_sp_ram.spram_inst/ram_reg_768_1023_5_5/F8/O
                         net (fo=1, routed)           0.972    24.337    data_ram/U0/synth_options.dist_mem_inst/gen_sp_ram.spram_inst/ram_reg_768_1023_5_5_n_0
    SLICE_X23Y164        LUT6 (Prop_lut6_I0_O)        0.319    24.656 r  data_ram/U0/synth_options.dist_mem_inst/gen_sp_ram.spram_inst/spo[5]_INST_0/O
                         net (fo=1, routed)           1.562    26.218    cpu/u_regfile/rf_reg_r1_0_31_30_31__0_0[4]
    SLICE_X49Y155        LUT6 (Prop_lut6_I5_O)        0.124    26.342 r  cpu/u_regfile/rf_reg_r1_0_31_0_5_i_32/O
                         net (fo=1, routed)           0.582    26.924    cpu/u_regfile/rf_reg_r1_0_31_0_5_i_32_n_0
    SLICE_X53Y155        LUT5 (Prop_lut5_I0_O)        0.124    27.048 r  cpu/u_regfile/rf_reg_r1_0_31_0_5_i_6/O
                         net (fo=2, routed)           1.580    28.628    cpu/u_regfile/rf_reg_r1_0_31_0_5/DIC1
    SLICE_X56Y180        RAMD32                                       r  cpu/u_regfile/rf_reg_r1_0_31_0_5/RAMC_D1/I
  -------------------------------------------------------------------    -------------------

                         (clock cpu_clk_clk_pll rise edge)
                                                     40.000    40.000 r  
    AC19                                              0.000    40.000 r  clk (IN)
                         net (fo=0)                   0.000    40.000    pll.clk_pll/inst/clk_in1
    AC19                 IBUF (Prop_ibuf_I_O)         1.414    41.414 r  pll.clk_pll/inst/clkin1_ibufg/O
                         net (fo=1, routed)           1.531    42.945    pll.clk_pll/inst/clk_in1_clk_pll
    PLLE2_ADV_X0Y2       PLLE2_ADV (Prop_plle2_adv_CLKIN1_CLKOUT0)
                                                     -8.262    34.684 r  pll.clk_pll/inst/plle2_adv_inst/CLKOUT0
                         net (fo=1, routed)           1.755    36.439    pll.clk_pll/inst/cpu_clk_clk_pll
    BUFGCTRL_X0Y0        BUFG (Prop_bufg_I_O)         0.091    36.530 r  pll.clk_pll/inst/clkout1_buf/O
                         net (fo=17726, routed)       1.528    38.058    cpu/u_regfile/rf_reg_r1_0_31_0_5/WCLK
    SLICE_X56Y180        RAMD32                                       r  cpu/u_regfile/rf_reg_r1_0_31_0_5/RAMC_D1/CLK
                         clock pessimism             -0.420    37.638    
                         clock uncertainty           -0.098    37.539    
    SLICE_X56Y180        RAMD32 (Setup_ramd32_CLK_I)
                                                     -0.249    37.290    cpu/u_regfile/rf_reg_r1_0_31_0_5/RAMC_D1
  -------------------------------------------------------------------
                         required time                         37.290    
                         arrival time                         -28.628    
  -------------------------------------------------------------------
                         slack                                  8.662    

Slack (MET) :             8.994ns  (required time - arrival time)
  Source:                 cpu/pc_reg[11]/C
                            (rising edge-triggered cell FDSE clocked by cpu_clk_clk_pll  {rise@0.000ns fall@20.000ns period=40.000ns})
  Destination:            cpu/u_regfile/rf_reg_r2_0_31_6_11/RAMA/I
                            (rising edge-triggered cell RAMD32 clocked by cpu_clk_clk_pll  {rise@0.000ns fall@20.000ns period=40.000ns})
  Path Group:             cpu_clk_clk_pll
  Path Type:              Setup (Max at Slow Process Corner)
  Requirement:            40.000ns  (cpu_clk_clk_pll rise@40.000ns - cpu_clk_clk_pll rise@0.000ns)
  Data Path Delay:        30.696ns  (logic 5.423ns (17.667%)  route 25.273ns (82.333%))
  Logic Levels:           14  (CARRY4=2 LUT4=1 LUT6=4 MUXF7=3 MUXF8=2 RAMD32=1 RAMS64E=1)
  Clock Path Skew:        -0.051ns (DCD - SCD + CPR)
    Destination Clock Delay (DCD):    -1.941ns = ( 38.059 - 40.000 ) 
    Source Clock Delay      (SCD):    -2.310ns
    Clock Pessimism Removal (CPR):    -0.420ns
  Clock Uncertainty:      0.098ns  ((TSJ^2 + DJ^2)^1/2) / 2 + PE
    Total System Jitter     (TSJ):    0.071ns
    Discrete Jitter          (DJ):    0.183ns
    Phase Error              (PE):    0.000ns

    Location             Delay type                Incr(ns)  Path(ns)    Netlist Resource(s)
  -------------------------------------------------------------------    -------------------
                         (clock cpu_clk_clk_pll rise edge)
                                                      0.000     0.000 r  
    AC19                                              0.000     0.000 r  clk (IN)
                         net (fo=0)                   0.000     0.000    pll.clk_pll/inst/clk_in1
    AC19                 IBUF (Prop_ibuf_I_O)         1.485     1.485 r  pll.clk_pll/inst/clkin1_ibufg/O
                         net (fo=1, routed)           1.619     3.104    pll.clk_pll/inst/clk_in1_clk_pll
    PLLE2_ADV_X0Y2       PLLE2_ADV (Prop_plle2_adv_CLKIN1_CLKOUT0)
                                                     -9.006    -5.902 r  pll.clk_pll/inst/plle2_adv_inst/CLKOUT0
                         net (fo=1, routed)           1.837    -4.064    pll.clk_pll/inst/cpu_clk_clk_pll
    BUFGCTRL_X0Y0        BUFG (Prop_bufg_I_O)         0.096    -3.968 r  pll.clk_pll/inst/clkout1_buf/O
                         net (fo=17726, routed)       1.658    -2.310    cpu/cpu_clk
    SLICE_X61Y153        FDSE                                         r  cpu/pc_reg[11]/C
  -------------------------------------------------------------------    -------------------
    SLICE_X61Y153        FDSE (Prop_fdse_C_Q)         0.456    -1.854 r  cpu/pc_reg[11]/Q
                         net (fo=1028, routed)        7.507     5.653    inst_ram/U0/synth_options.dist_mem_inst/gen_sp_ram.spram_inst/a[9]
    SLICE_X113Y63        LUT6 (Prop_lut6_I2_O)        0.124     5.777 r  inst_ram/U0/synth_options.dist_mem_inst/gen_sp_ram.spram_inst/spo[6]_INST_0_i_38/O
                         net (fo=1, routed)           0.000     5.777    inst_ram/U0/synth_options.dist_mem_inst/gen_sp_ram.spram_inst/spo[6]_INST_0_i_38_n_0
    SLICE_X113Y63        MUXF7 (Prop_muxf7_I1_O)      0.217     5.994 r  inst_ram/U0/synth_options.dist_mem_inst/gen_sp_ram.spram_inst/spo[6]_INST_0_i_16/O
                         net (fo=1, routed)           0.000     5.994    inst_ram/U0/synth_options.dist_mem_inst/gen_sp_ram.spram_inst/spo[6]_INST_0_i_16_n_0
    SLICE_X113Y63        MUXF8 (Prop_muxf8_I1_O)      0.094     6.088 r  inst_ram/U0/synth_options.dist_mem_inst/gen_sp_ram.spram_inst/spo[6]_INST_0_i_5/O
                         net (fo=1, routed)           1.257     7.345    inst_ram/U0/synth_options.dist_mem_inst/gen_sp_ram.spram_inst/spo[6]_INST_0_i_5_n_0
    SLICE_X101Y73        LUT6 (Prop_lut6_I3_O)        0.316     7.661 r  inst_ram/U0/synth_options.dist_mem_inst/gen_sp_ram.spram_inst/spo[6]_INST_0_i_1/O
                         net (fo=1, routed)           0.000     7.661    inst_ram/U0/synth_options.dist_mem_inst/gen_sp_ram.spram_inst/spo[6]_INST_0_i_1_n_0
    SLICE_X101Y73        MUXF7 (Prop_muxf7_I0_O)      0.212     7.873 r  inst_ram/U0/synth_options.dist_mem_inst/gen_sp_ram.spram_inst/spo[6]_INST_0/O
                         net (fo=48, routed)          7.421    15.295    cpu/u_regfile/rf_reg_r1_0_31_0_5/ADDRB1
    SLICE_X56Y180        RAMD32 (Prop_ramd32_RADR1_O)
                                                      0.327    15.622 r  cpu/u_regfile/rf_reg_r1_0_31_0_5/RAMB/O
                         net (fo=4, routed)           2.547    18.169    cpu/u_regfile/rdata10[2]
    SLICE_X61Y151        LUT4 (Prop_lut4_I2_O)        0.348    18.517 r  cpu/u_regfile/data_ram_i_55/O
                         net (fo=14, routed)          0.861    19.378    cpu/u_regfile/alu_src1[2]
    SLICE_X47Y155        CARRY4 (Prop_carry4_DI[2]_CO[3])
                                                      0.398    19.776 r  cpu/u_regfile/data_ram_i_3/CO[3]
                         net (fo=1, routed)           0.000    19.776    cpu/u_regfile/data_ram_i_3_n_0
    SLICE_X47Y156        CARRY4 (Prop_carry4_CI_O[0])
                                                      0.222    19.998 r  cpu/u_regfile/data_ram_i_2/O[0]
                         net (fo=660, routed)         2.048    22.045    data_ram/U0/synth_options.dist_mem_inst/gen_sp_ram.spram_inst/ram_reg_256_511_6_6/A2
    SLICE_X44Y185        RAMS64E (Prop_rams64e_ADR2_O)
                                                      1.964    24.009 r  data_ram/U0/synth_options.dist_mem_inst/gen_sp_ram.spram_inst/ram_reg_256_511_6_6/RAMS64E_A/O
                         net (fo=1, routed)           0.000    24.009    data_ram/U0/synth_options.dist_mem_inst/gen_sp_ram.spram_inst/ram_reg_256_511_6_6/OA
    SLICE_X44Y185        MUXF7 (Prop_muxf7_I1_O)      0.214    24.223 r  data_ram/U0/synth_options.dist_mem_inst/gen_sp_ram.spram_inst/ram_reg_256_511_6_6/F7.A/O
                         net (fo=1, routed)           0.000    24.223    data_ram/U0/synth_options.dist_mem_inst/gen_sp_ram.spram_inst/ram_reg_256_511_6_6/O1
    SLICE_X44Y185        MUXF8 (Prop_muxf8_I1_O)      0.088    24.311 r  data_ram/U0/synth_options.dist_mem_inst/gen_sp_ram.spram_inst/ram_reg_256_511_6_6/F8/O
                         net (fo=1, routed)           0.810    25.121    data_ram/U0/synth_options.dist_mem_inst/gen_sp_ram.spram_inst/ram_reg_256_511_6_6_n_0
    SLICE_X45Y184        LUT6 (Prop_lut6_I3_O)        0.319    25.440 r  data_ram/U0/synth_options.dist_mem_inst/gen_sp_ram.spram_inst/spo[6]_INST_0/O
                         net (fo=1, routed)           1.767    27.207    cpu/u_regfile/rf_reg_r1_0_31_30_31__0_0[5]
    SLICE_X55Y158        LUT6 (Prop_lut6_I4_O)        0.124    27.331 r  cpu/u_regfile/rf_reg_r1_0_31_6_11_i_2/O
                         net (fo=2, routed)           1.054    28.385    cpu/u_regfile/rf_reg_r2_0_31_6_11/DIA0
    SLICE_X56Y181        RAMD32                                       r  cpu/u_regfile/rf_reg_r2_0_31_6_11/RAMA/I
  -------------------------------------------------------------------    -------------------

                         (clock cpu_clk_clk_pll rise edge)
                                                     40.000    40.000 r  
    AC19                                              0.000    40.000 r  clk (IN)
                         net (fo=0)                   0.000    40.000    pll.clk_pll/inst/clk_in1
    AC19                 IBUF (Prop_ibuf_I_O)         1.414    41.414 r  pll.clk_pll/inst/clkin1_ibufg/O
                         net (fo=1, routed)           1.531    42.945    pll.clk_pll/inst/clk_in1_clk_pll
    PLLE2_ADV_X0Y2       PLLE2_ADV (Prop_plle2_adv_CLKIN1_CLKOUT0)
                                                     -8.262    34.684 r  pll.clk_pll/inst/plle2_adv_inst/CLKOUT0
                         net (fo=1, routed)           1.755    36.439    pll.clk_pll/inst/cpu_clk_clk_pll
    BUFGCTRL_X0Y0        BUFG (Prop_bufg_I_O)         0.091    36.530 r  pll.clk_pll/inst/clkout1_buf/O
                         net (fo=17726, routed)       1.529    38.059    cpu/u_regfile/rf_reg_r2_0_31_6_11/WCLK
    SLICE_X56Y181        RAMD32                                       r  cpu/u_regfile/rf_reg_r2_0_31_6_11/RAMA/CLK
                         clock pessimism             -0.420    37.639    
                         clock uncertainty           -0.098    37.540    
    SLICE_X56Y181        RAMD32 (Setup_ramd32_CLK_I)
                                                     -0.161    37.379    cpu/u_regfile/rf_reg_r2_0_31_6_11/RAMA
  -------------------------------------------------------------------
                         required time                         37.379    
                         arrival time                         -28.385    
  -------------------------------------------------------------------
                         slack                                  8.994    

Slack (MET) :             9.009ns  (required time - arrival time)
  Source:                 cpu/pc_reg[11]/C
                            (rising edge-triggered cell FDSE clocked by cpu_clk_clk_pll  {rise@0.000ns fall@20.000ns period=40.000ns})
  Destination:            cpu/u_regfile/rf_reg_r2_0_31_6_11/RAMB_D1/I
                            (rising edge-triggered cell RAMD32 clocked by cpu_clk_clk_pll  {rise@0.000ns fall@20.000ns period=40.000ns})
  Path Group:             cpu_clk_clk_pll
  Path Type:              Setup (Max at Slow Process Corner)
  Requirement:            40.000ns  (cpu_clk_clk_pll rise@40.000ns - cpu_clk_clk_pll rise@0.000ns)
  Data Path Delay:        30.614ns  (logic 3.620ns (11.825%)  route 26.994ns (88.175%))
  Logic Levels:           13  (CARRY4=1 LUT4=1 LUT6=4 MUXF7=3 MUXF8=2 RAMD32=1 RAMS64E=1)
  Clock Path Skew:        -0.051ns (DCD - SCD + CPR)
    Destination Clock Delay (DCD):    -1.941ns = ( 38.059 - 40.000 ) 
    Source Clock Delay      (SCD):    -2.310ns
    Clock Pessimism Removal (CPR):    -0.420ns
  Clock Uncertainty:      0.098ns  ((TSJ^2 + DJ^2)^1/2) / 2 + PE
    Total System Jitter     (TSJ):    0.071ns
    Discrete Jitter          (DJ):    0.183ns
    Phase Error              (PE):    0.000ns

    Location             Delay type                Incr(ns)  Path(ns)    Netlist Resource(s)
  -------------------------------------------------------------------    -------------------
                         (clock cpu_clk_clk_pll rise edge)
                                                      0.000     0.000 r  
    AC19                                              0.000     0.000 r  clk (IN)
                         net (fo=0)                   0.000     0.000    pll.clk_pll/inst/clk_in1
    AC19                 IBUF (Prop_ibuf_I_O)         1.485     1.485 r  pll.clk_pll/inst/clkin1_ibufg/O
                         net (fo=1, routed)           1.619     3.104    pll.clk_pll/inst/clk_in1_clk_pll
    PLLE2_ADV_X0Y2       PLLE2_ADV (Prop_plle2_adv_CLKIN1_CLKOUT0)
                                                     -9.006    -5.902 r  pll.clk_pll/inst/plle2_adv_inst/CLKOUT0
                         net (fo=1, routed)           1.837    -4.064    pll.clk_pll/inst/cpu_clk_clk_pll
    BUFGCTRL_X0Y0        BUFG (Prop_bufg_I_O)         0.096    -3.968 r  pll.clk_pll/inst/clkout1_buf/O
                         net (fo=17726, routed)       1.658    -2.310    cpu/cpu_clk
    SLICE_X61Y153        FDSE                                         r  cpu/pc_reg[11]/C
  -------------------------------------------------------------------    -------------------
    SLICE_X61Y153        FDSE (Prop_fdse_C_Q)         0.456    -1.854 r  cpu/pc_reg[11]/Q
                         net (fo=1028, routed)        7.507     5.653    inst_ram/U0/synth_options.dist_mem_inst/gen_sp_ram.spram_inst/a[9]
    SLICE_X113Y63        LUT6 (Prop_lut6_I2_O)        0.124     5.777 r  inst_ram/U0/synth_options.dist_mem_inst/gen_sp_ram.spram_inst/spo[6]_INST_0_i_38/O
                         net (fo=1, routed)           0.000     5.777    inst_ram/U0/synth_options.dist_mem_inst/gen_sp_ram.spram_inst/spo[6]_INST_0_i_38_n_0
    SLICE_X113Y63        MUXF7 (Prop_muxf7_I1_O)      0.217     5.994 r  inst_ram/U0/synth_options.dist_mem_inst/gen_sp_ram.spram_inst/spo[6]_INST_0_i_16/O
                         net (fo=1, routed)           0.000     5.994    inst_ram/U0/synth_options.dist_mem_inst/gen_sp_ram.spram_inst/spo[6]_INST_0_i_16_n_0
    SLICE_X113Y63        MUXF8 (Prop_muxf8_I1_O)      0.094     6.088 r  inst_ram/U0/synth_options.dist_mem_inst/gen_sp_ram.spram_inst/spo[6]_INST_0_i_5/O
                         net (fo=1, routed)           1.257     7.345    inst_ram/U0/synth_options.dist_mem_inst/gen_sp_ram.spram_inst/spo[6]_INST_0_i_5_n_0
    SLICE_X101Y73        LUT6 (Prop_lut6_I3_O)        0.316     7.661 r  inst_ram/U0/synth_options.dist_mem_inst/gen_sp_ram.spram_inst/spo[6]_INST_0_i_1/O
                         net (fo=1, routed)           0.000     7.661    inst_ram/U0/synth_options.dist_mem_inst/gen_sp_ram.spram_inst/spo[6]_INST_0_i_1_n_0
    SLICE_X101Y73        MUXF7 (Prop_muxf7_I0_O)      0.212     7.873 r  inst_ram/U0/synth_options.dist_mem_inst/gen_sp_ram.spram_inst/spo[6]_INST_0/O
                         net (fo=48, routed)          7.421    15.295    cpu/u_regfile/rf_reg_r1_0_31_0_5/ADDRB1
    SLICE_X56Y180        RAMD32 (Prop_ramd32_RADR1_O)
                                                      0.327    15.622 r  cpu/u_regfile/rf_reg_r1_0_31_0_5/RAMB/O
                         net (fo=4, routed)           2.547    18.169    cpu/u_regfile/rdata10[2]
    SLICE_X61Y151        LUT4 (Prop_lut4_I2_O)        0.348    18.517 r  cpu/u_regfile/data_ram_i_55/O
                         net (fo=14, routed)          0.861    19.378    cpu/u_regfile/alu_src1[2]
    SLICE_X47Y155        CARRY4 (Prop_carry4_DI[2]_O[3])
                                                      0.438    19.816 r  cpu/u_regfile/data_ram_i_3/O[3]
                         net (fo=518, routed)         3.128    22.944    data_ram/U0/synth_options.dist_mem_inst/gen_sp_ram.spram_inst/ram_reg_512_767_9_9/A1
    SLICE_X22Y169        RAMS64E (Prop_rams64e_ADR1_O)
                                                      0.306    23.250 r  data_ram/U0/synth_options.dist_mem_inst/gen_sp_ram.spram_inst/ram_reg_512_767_9_9/RAMS64E_D/O
                         net (fo=1, routed)           0.000    23.250    data_ram/U0/synth_options.dist_mem_inst/gen_sp_ram.spram_inst/ram_reg_512_767_9_9/OD
    SLICE_X22Y169        MUXF7 (Prop_muxf7_I0_O)      0.241    23.490 r  data_ram/U0/synth_options.dist_mem_inst/gen_sp_ram.spram_inst/ram_reg_512_767_9_9/F7.B/O
                         net (fo=1, routed)           0.000    23.490    data_ram/U0/synth_options.dist_mem_inst/gen_sp_ram.spram_inst/ram_reg_512_767_9_9/O0
    SLICE_X22Y169        MUXF8 (Prop_muxf8_I0_O)      0.098    23.588 r  data_ram/U0/synth_options.dist_mem_inst/gen_sp_ram.spram_inst/ram_reg_512_767_9_9/F8/O
                         net (fo=1, routed)           0.742    24.331    data_ram/U0/synth_options.dist_mem_inst/gen_sp_ram.spram_inst/ram_reg_512_767_9_9_n_0
    SLICE_X21Y168        LUT6 (Prop_lut6_I1_O)        0.319    24.650 r  data_ram/U0/synth_options.dist_mem_inst/gen_sp_ram.spram_inst/spo[9]_INST_0/O
                         net (fo=1, routed)           1.898    26.548    cpu/u_regfile/rf_reg_r1_0_31_30_31__0_0[8]
    SLICE_X53Y155        LUT6 (Prop_lut6_I4_O)        0.124    26.672 r  cpu/u_regfile/rf_reg_r1_0_31_6_11_i_3/O
                         net (fo=2, routed)           1.632    28.303    cpu/u_regfile/rf_reg_r2_0_31_6_11/DIB1
    SLICE_X56Y181        RAMD32                                       r  cpu/u_regfile/rf_reg_r2_0_31_6_11/RAMB_D1/I
  -------------------------------------------------------------------    -------------------

                         (clock cpu_clk_clk_pll rise edge)
                                                     40.000    40.000 r  
    AC19                                              0.000    40.000 r  clk (IN)
                         net (fo=0)                   0.000    40.000    pll.clk_pll/inst/clk_in1
    AC19                 IBUF (Prop_ibuf_I_O)         1.414    41.414 r  pll.clk_pll/inst/clkin1_ibufg/O
                         net (fo=1, routed)           1.531    42.945    pll.clk_pll/inst/clk_in1_clk_pll
    PLLE2_ADV_X0Y2       PLLE2_ADV (Prop_plle2_adv_CLKIN1_CLKOUT0)
                                                     -8.262    34.684 r  pll.clk_pll/inst/plle2_adv_inst/CLKOUT0
                         net (fo=1, routed)           1.755    36.439    pll.clk_pll/inst/cpu_clk_clk_pll
    BUFGCTRL_X0Y0        BUFG (Prop_bufg_I_O)         0.091    36.530 r  pll.clk_pll/inst/clkout1_buf/O
                         net (fo=17726, routed)       1.529    38.059    cpu/u_regfile/rf_reg_r2_0_31_6_11/WCLK
    SLICE_X56Y181        RAMD32                                       r  cpu/u_regfile/rf_reg_r2_0_31_6_11/RAMB_D1/CLK
                         clock pessimism             -0.420    37.639    
                         clock uncertainty           -0.098    37.540    
    SLICE_X56Y181        RAMD32 (Setup_ramd32_CLK_I)
                                                     -0.228    37.312    cpu/u_regfile/rf_reg_r2_0_31_6_11/RAMB_D1
  -------------------------------------------------------------------
                         required time                         37.312    
                         arrival time                         -28.303    
  -------------------------------------------------------------------
                         slack                                  9.009    

Slack (MET) :             9.017ns  (required time - arrival time)
  Source:                 cpu/pc_reg[11]/C
                            (rising edge-triggered cell FDSE clocked by cpu_clk_clk_pll  {rise@0.000ns fall@20.000ns period=40.000ns})
  Destination:            cpu/u_regfile/rf_reg_r1_0_31_24_29/RAMA/I
                            (rising edge-triggered cell RAMD32 clocked by cpu_clk_clk_pll  {rise@0.000ns fall@20.000ns period=40.000ns})
  Path Group:             cpu_clk_clk_pll
  Path Type:              Setup (Max at Slow Process Corner)
  Requirement:            40.000ns  (cpu_clk_clk_pll rise@40.000ns - cpu_clk_clk_pll rise@0.000ns)
  Data Path Delay:        30.679ns  (logic 3.795ns (12.370%)  route 26.884ns (87.630%))
  Logic Levels:           14  (CARRY4=2 LUT4=1 LUT6=4 MUXF7=3 MUXF8=2 RAMD32=1 RAMS64E=1)
  Clock Path Skew:        -0.045ns (DCD - SCD + CPR)
    Destination Clock Delay (DCD):    -1.935ns = ( 38.065 - 40.000 ) 
    Source Clock Delay      (SCD):    -2.310ns
    Clock Pessimism Removal (CPR):    -0.420ns
  Clock Uncertainty:      0.098ns  ((TSJ^2 + DJ^2)^1/2) / 2 + PE
    Total System Jitter     (TSJ):    0.071ns
    Discrete Jitter          (DJ):    0.183ns
    Phase Error              (PE):    0.000ns

    Location             Delay type                Incr(ns)  Path(ns)    Netlist Resource(s)
  -------------------------------------------------------------------    -------------------
                         (clock cpu_clk_clk_pll rise edge)
                                                      0.000     0.000 r  
    AC19                                              0.000     0.000 r  clk (IN)
                         net (fo=0)                   0.000     0.000    pll.clk_pll/inst/clk_in1
    AC19                 IBUF (Prop_ibuf_I_O)         1.485     1.485 r  pll.clk_pll/inst/clkin1_ibufg/O
                         net (fo=1, routed)           1.619     3.104    pll.clk_pll/inst/clk_in1_clk_pll
    PLLE2_ADV_X0Y2       PLLE2_ADV (Prop_plle2_adv_CLKIN1_CLKOUT0)
                                                     -9.006    -5.902 r  pll.clk_pll/inst/plle2_adv_inst/CLKOUT0
                         net (fo=1, routed)           1.837    -4.064    pll.clk_pll/inst/cpu_clk_clk_pll
    BUFGCTRL_X0Y0        BUFG (Prop_bufg_I_O)         0.096    -3.968 r  pll.clk_pll/inst/clkout1_buf/O
                         net (fo=17726, routed)       1.658    -2.310    cpu/cpu_clk
    SLICE_X61Y153        FDSE                                         r  cpu/pc_reg[11]/C
  -------------------------------------------------------------------    -------------------
    SLICE_X61Y153        FDSE (Prop_fdse_C_Q)         0.456    -1.854 r  cpu/pc_reg[11]/Q
                         net (fo=1028, routed)        7.507     5.653    inst_ram/U0/synth_options.dist_mem_inst/gen_sp_ram.spram_inst/a[9]
    SLICE_X113Y63        LUT6 (Prop_lut6_I2_O)        0.124     5.777 r  inst_ram/U0/synth_options.dist_mem_inst/gen_sp_ram.spram_inst/spo[6]_INST_0_i_38/O
                         net (fo=1, routed)           0.000     5.777    inst_ram/U0/synth_options.dist_mem_inst/gen_sp_ram.spram_inst/spo[6]_INST_0_i_38_n_0
    SLICE_X113Y63        MUXF7 (Prop_muxf7_I1_O)      0.217     5.994 r  inst_ram/U0/synth_options.dist_mem_inst/gen_sp_ram.spram_inst/spo[6]_INST_0_i_16/O
                         net (fo=1, routed)           0.000     5.994    inst_ram/U0/synth_options.dist_mem_inst/gen_sp_ram.spram_inst/spo[6]_INST_0_i_16_n_0
    SLICE_X113Y63        MUXF8 (Prop_muxf8_I1_O)      0.094     6.088 r  inst_ram/U0/synth_options.dist_mem_inst/gen_sp_ram.spram_inst/spo[6]_INST_0_i_5/O
                         net (fo=1, routed)           1.257     7.345    inst_ram/U0/synth_options.dist_mem_inst/gen_sp_ram.spram_inst/spo[6]_INST_0_i_5_n_0
    SLICE_X101Y73        LUT6 (Prop_lut6_I3_O)        0.316     7.661 r  inst_ram/U0/synth_options.dist_mem_inst/gen_sp_ram.spram_inst/spo[6]_INST_0_i_1/O
                         net (fo=1, routed)           0.000     7.661    inst_ram/U0/synth_options.dist_mem_inst/gen_sp_ram.spram_inst/spo[6]_INST_0_i_1_n_0
    SLICE_X101Y73        MUXF7 (Prop_muxf7_I0_O)      0.212     7.873 r  inst_ram/U0/synth_options.dist_mem_inst/gen_sp_ram.spram_inst/spo[6]_INST_0/O
                         net (fo=48, routed)          7.421    15.295    cpu/u_regfile/rf_reg_r1_0_31_0_5/ADDRB1
    SLICE_X56Y180        RAMD32 (Prop_ramd32_RADR1_O)
                                                      0.327    15.622 r  cpu/u_regfile/rf_reg_r1_0_31_0_5/RAMB/O
                         net (fo=4, routed)           2.547    18.169    cpu/u_regfile/rdata10[2]
    SLICE_X61Y151        LUT4 (Prop_lut4_I2_O)        0.348    18.517 r  cpu/u_regfile/data_ram_i_55/O
                         net (fo=14, routed)          0.861    19.378    cpu/u_regfile/alu_src1[2]
    SLICE_X47Y155        CARRY4 (Prop_carry4_DI[2]_CO[3])
                                                      0.398    19.776 r  cpu/u_regfile/data_ram_i_3/CO[3]
                         net (fo=1, routed)           0.000    19.776    cpu/u_regfile/data_ram_i_3_n_0
    SLICE_X47Y156        CARRY4 (Prop_carry4_CI_O[0])
                                                      0.222    19.998 r  cpu/u_regfile/data_ram_i_2/O[0]
                         net (fo=660, routed)         3.644    23.642    data_ram/U0/synth_options.dist_mem_inst/gen_sp_ram.spram_inst/ram_reg_512_767_24_24/A2
    SLICE_X46Y192        RAMS64E (Prop_rams64e_ADR2_O)
                                                      0.299    23.941 r  data_ram/U0/synth_options.dist_mem_inst/gen_sp_ram.spram_inst/ram_reg_512_767_24_24/RAMS64E_D/O
                         net (fo=1, routed)           0.000    23.941    data_ram/U0/synth_options.dist_mem_inst/gen_sp_ram.spram_inst/ram_reg_512_767_24_24/OD
    SLICE_X46Y192        MUXF7 (Prop_muxf7_I0_O)      0.241    24.182 r  data_ram/U0/synth_options.dist_mem_inst/gen_sp_ram.spram_inst/ram_reg_512_767_24_24/F7.B/O
                         net (fo=1, routed)           0.000    24.182    data_ram/U0/synth_options.dist_mem_inst/gen_sp_ram.spram_inst/ram_reg_512_767_24_24/O0
    SLICE_X46Y192        MUXF8 (Prop_muxf8_I0_O)      0.098    24.280 r  data_ram/U0/synth_options.dist_mem_inst/gen_sp_ram.spram_inst/ram_reg_512_767_24_24/F8/O
                         net (fo=1, routed)           0.870    25.150    data_ram/U0/synth_options.dist_mem_inst/gen_sp_ram.spram_inst/ram_reg_512_767_24_24_n_0
    SLICE_X53Y192        LUT6 (Prop_lut6_I1_O)        0.319    25.469 r  data_ram/U0/synth_options.dist_mem_inst/gen_sp_ram.spram_inst/spo[24]_INST_0/O
                         net (fo=1, routed)           1.942    27.411    cpu/u_regfile/rf_reg_r1_0_31_30_31__0_0[23]
    SLICE_X58Y166        LUT6 (Prop_lut6_I5_O)        0.124    27.535 r  cpu/u_regfile/rf_reg_r1_0_31_24_29_i_2/O
                         net (fo=2, routed)           0.834    28.368    cpu/u_regfile/rf_reg_r1_0_31_24_29/DIA0
    SLICE_X56Y162        RAMD32                                       r  cpu/u_regfile/rf_reg_r1_0_31_24_29/RAMA/I
  -------------------------------------------------------------------    -------------------

                         (clock cpu_clk_clk_pll rise edge)
                                                     40.000    40.000 r  
    AC19                                              0.000    40.000 r  clk (IN)
                         net (fo=0)                   0.000    40.000    pll.clk_pll/inst/clk_in1
    AC19                 IBUF (Prop_ibuf_I_O)         1.414    41.414 r  pll.clk_pll/inst/clkin1_ibufg/O
                         net (fo=1, routed)           1.531    42.945    pll.clk_pll/inst/clk_in1_clk_pll
    PLLE2_ADV_X0Y2       PLLE2_ADV (Prop_plle2_adv_CLKIN1_CLKOUT0)
                                                     -8.262    34.684 r  pll.clk_pll/inst/plle2_adv_inst/CLKOUT0
                         net (fo=1, routed)           1.755    36.439    pll.clk_pll/inst/cpu_clk_clk_pll
    BUFGCTRL_X0Y0        BUFG (Prop_bufg_I_O)         0.091    36.530 r  pll.clk_pll/inst/clkout1_buf/O
                         net (fo=17726, routed)       1.535    38.065    cpu/u_regfile/rf_reg_r1_0_31_24_29/WCLK
    SLICE_X56Y162        RAMD32                                       r  cpu/u_regfile/rf_reg_r1_0_31_24_29/RAMA/CLK
                         clock pessimism             -0.420    37.645    
                         clock uncertainty           -0.098    37.546    
    SLICE_X56Y162        RAMD32 (Setup_ramd32_CLK_I)
                                                     -0.161    37.385    cpu/u_regfile/rf_reg_r1_0_31_24_29/RAMA
  -------------------------------------------------------------------
                         required time                         37.385    
                         arrival time                         -28.368    
  -------------------------------------------------------------------
                         slack                                  9.017    

Slack (MET) :             9.025ns  (required time - arrival time)
  Source:                 cpu/pc_reg[11]/C
                            (rising edge-triggered cell FDSE clocked by cpu_clk_clk_pll  {rise@0.000ns fall@20.000ns period=40.000ns})
  Destination:            cpu/u_regfile/rf_reg_r1_0_31_18_23/RAMC_D1/I
                            (rising edge-triggered cell RAMD32 clocked by cpu_clk_clk_pll  {rise@0.000ns fall@20.000ns period=40.000ns})
  Path Group:             cpu_clk_clk_pll
  Path Type:              Setup (Max at Slow Process Corner)
  Requirement:            40.000ns  (cpu_clk_clk_pll rise@40.000ns - cpu_clk_clk_pll rise@0.000ns)
  Data Path Delay:        30.586ns  (logic 3.796ns (12.409%)  route 26.791ns (87.591%))
  Logic Levels:           14  (CARRY4=2 LUT4=1 LUT6=4 MUXF7=3 MUXF8=2 RAMD32=1 RAMS64E=1)
  Clock Path Skew:        -0.042ns (DCD - SCD + CPR)
    Destination Clock Delay (DCD):    -1.932ns = ( 38.068 - 40.000 ) 
    Source Clock Delay      (SCD):    -2.310ns
    Clock Pessimism Removal (CPR):    -0.420ns
  Clock Uncertainty:      0.098ns  ((TSJ^2 + DJ^2)^1/2) / 2 + PE
    Total System Jitter     (TSJ):    0.071ns
    Discrete Jitter          (DJ):    0.183ns
    Phase Error              (PE):    0.000ns

    Location             Delay type                Incr(ns)  Path(ns)    Netlist Resource(s)
  -------------------------------------------------------------------    -------------------
                         (clock cpu_clk_clk_pll rise edge)
                                                      0.000     0.000 r  
    AC19                                              0.000     0.000 r  clk (IN)
                         net (fo=0)                   0.000     0.000    pll.clk_pll/inst/clk_in1
    AC19                 IBUF (Prop_ibuf_I_O)         1.485     1.485 r  pll.clk_pll/inst/clkin1_ibufg/O
                         net (fo=1, routed)           1.619     3.104    pll.clk_pll/inst/clk_in1_clk_pll
    PLLE2_ADV_X0Y2       PLLE2_ADV (Prop_plle2_adv_CLKIN1_CLKOUT0)
                                                     -9.006    -5.902 r  pll.clk_pll/inst/plle2_adv_inst/CLKOUT0
                         net (fo=1, routed)           1.837    -4.064    pll.clk_pll/inst/cpu_clk_clk_pll
    BUFGCTRL_X0Y0        BUFG (Prop_bufg_I_O)         0.096    -3.968 r  pll.clk_pll/inst/clkout1_buf/O
                         net (fo=17726, routed)       1.658    -2.310    cpu/cpu_clk
    SLICE_X61Y153        FDSE                                         r  cpu/pc_reg[11]/C
  -------------------------------------------------------------------    -------------------
    SLICE_X61Y153        FDSE (Prop_fdse_C_Q)         0.456    -1.854 r  cpu/pc_reg[11]/Q
                         net (fo=1028, routed)        7.507     5.653    inst_ram/U0/synth_options.dist_mem_inst/gen_sp_ram.spram_inst/a[9]
    SLICE_X113Y63        LUT6 (Prop_lut6_I2_O)        0.124     5.777 r  inst_ram/U0/synth_options.dist_mem_inst/gen_sp_ram.spram_inst/spo[6]_INST_0_i_38/O
                         net (fo=1, routed)           0.000     5.777    inst_ram/U0/synth_options.dist_mem_inst/gen_sp_ram.spram_inst/spo[6]_INST_0_i_38_n_0
    SLICE_X113Y63        MUXF7 (Prop_muxf7_I1_O)      0.217     5.994 r  inst_ram/U0/synth_options.dist_mem_inst/gen_sp_ram.spram_inst/spo[6]_INST_0_i_16/O
                         net (fo=1, routed)           0.000     5.994    inst_ram/U0/synth_options.dist_mem_inst/gen_sp_ram.spram_inst/spo[6]_INST_0_i_16_n_0
    SLICE_X113Y63        MUXF8 (Prop_muxf8_I1_O)      0.094     6.088 r  inst_ram/U0/synth_options.dist_mem_inst/gen_sp_ram.spram_inst/spo[6]_INST_0_i_5/O
                         net (fo=1, routed)           1.257     7.345    inst_ram/U0/synth_options.dist_mem_inst/gen_sp_ram.spram_inst/spo[6]_INST_0_i_5_n_0
    SLICE_X101Y73        LUT6 (Prop_lut6_I3_O)        0.316     7.661 r  inst_ram/U0/synth_options.dist_mem_inst/gen_sp_ram.spram_inst/spo[6]_INST_0_i_1/O
                         net (fo=1, routed)           0.000     7.661    inst_ram/U0/synth_options.dist_mem_inst/gen_sp_ram.spram_inst/spo[6]_INST_0_i_1_n_0
    SLICE_X101Y73        MUXF7 (Prop_muxf7_I0_O)      0.212     7.873 r  inst_ram/U0/synth_options.dist_mem_inst/gen_sp_ram.spram_inst/spo[6]_INST_0/O
                         net (fo=48, routed)          7.421    15.295    cpu/u_regfile/rf_reg_r1_0_31_0_5/ADDRB1
    SLICE_X56Y180        RAMD32 (Prop_ramd32_RADR1_O)
                                                      0.327    15.622 r  cpu/u_regfile/rf_reg_r1_0_31_0_5/RAMB/O
                         net (fo=4, routed)           2.547    18.169    cpu/u_regfile/rdata10[2]
    SLICE_X61Y151        LUT4 (Prop_lut4_I2_O)        0.348    18.517 r  cpu/u_regfile/data_ram_i_55/O
                         net (fo=14, routed)          0.861    19.378    cpu/u_regfile/alu_src1[2]
    SLICE_X47Y155        CARRY4 (Prop_carry4_DI[2]_CO[3])
                                                      0.398    19.776 r  cpu/u_regfile/data_ram_i_3/CO[3]
                         net (fo=1, routed)           0.000    19.776    cpu/u_regfile/data_ram_i_3_n_0
    SLICE_X47Y156        CARRY4 (Prop_carry4_CI_O[0])
                                                      0.222    19.998 r  cpu/u_regfile/data_ram_i_2/O[0]
                         net (fo=660, routed)         3.779    23.776    data_ram/U0/synth_options.dist_mem_inst/gen_sp_ram.spram_inst/ram_reg_512_767_23_23/A2
    SLICE_X48Y189        RAMS64E (Prop_rams64e_ADR2_O)
                                                      0.294    24.070 r  data_ram/U0/synth_options.dist_mem_inst/gen_sp_ram.spram_inst/ram_reg_512_767_23_23/RAMS64E_C/O
                         net (fo=1, routed)           0.000    24.070    data_ram/U0/synth_options.dist_mem_inst/gen_sp_ram.spram_inst/ram_reg_512_767_23_23/OC
    SLICE_X48Y189        MUXF7 (Prop_muxf7_I1_O)      0.247    24.317 r  data_ram/U0/synth_options.dist_mem_inst/gen_sp_ram.spram_inst/ram_reg_512_767_23_23/F7.B/O
                         net (fo=1, routed)           0.000    24.317    data_ram/U0/synth_options.dist_mem_inst/gen_sp_ram.spram_inst/ram_reg_512_767_23_23/O0
    SLICE_X48Y189        MUXF8 (Prop_muxf8_I0_O)      0.098    24.415 r  data_ram/U0/synth_options.dist_mem_inst/gen_sp_ram.spram_inst/ram_reg_512_767_23_23/F8/O
                         net (fo=1, routed)           0.720    25.135    data_ram/U0/synth_options.dist_mem_inst/gen_sp_ram.spram_inst/ram_reg_512_767_23_23_n_0
    SLICE_X53Y190        LUT6 (Prop_lut6_I1_O)        0.319    25.454 r  data_ram/U0/synth_options.dist_mem_inst/gen_sp_ram.spram_inst/spo[23]_INST_0/O
                         net (fo=1, routed)           1.782    27.236    cpu/u_regfile/rf_reg_r1_0_31_30_31__0_0[22]
    SLICE_X58Y166        LUT6 (Prop_lut6_I5_O)        0.124    27.360 r  cpu/u_regfile/rf_reg_r1_0_31_18_23_i_5/O
                         net (fo=2, routed)           0.916    28.276    cpu/u_regfile/rf_reg_r1_0_31_18_23/DIC1
    SLICE_X52Y160        RAMD32                                       r  cpu/u_regfile/rf_reg_r1_0_31_18_23/RAMC_D1/I
  -------------------------------------------------------------------    -------------------

                         (clock cpu_clk_clk_pll rise edge)
                                                     40.000    40.000 r  
    AC19                                              0.000    40.000 r  clk (IN)
                         net (fo=0)                   0.000    40.000    pll.clk_pll/inst/clk_in1
    AC19                 IBUF (Prop_ibuf_I_O)         1.414    41.414 r  pll.clk_pll/inst/clkin1_ibufg/O
                         net (fo=1, routed)           1.531    42.945    pll.clk_pll/inst/clk_in1_clk_pll
    PLLE2_ADV_X0Y2       PLLE2_ADV (Prop_plle2_adv_CLKIN1_CLKOUT0)
                                                     -8.262    34.684 r  pll.clk_pll/inst/plle2_adv_inst/CLKOUT0
                         net (fo=1, routed)           1.755    36.439    pll.clk_pll/inst/cpu_clk_clk_pll
    BUFGCTRL_X0Y0        BUFG (Prop_bufg_I_O)         0.091    36.530 r  pll.clk_pll/inst/clkout1_buf/O
                         net (fo=17726, routed)       1.538    38.068    cpu/u_regfile/rf_reg_r1_0_31_18_23/WCLK
    SLICE_X52Y160        RAMD32                                       r  cpu/u_regfile/rf_reg_r1_0_31_18_23/RAMC_D1/CLK
                         clock pessimism             -0.420    37.648    
                         clock uncertainty           -0.098    37.549    
    SLICE_X52Y160        RAMD32 (Setup_ramd32_CLK_I)
                                                     -0.249    37.300    cpu/u_regfile/rf_reg_r1_0_31_18_23/RAMC_D1
  -------------------------------------------------------------------
                         required time                         37.300    
                         arrival time                         -28.276    
  -------------------------------------------------------------------
                         slack                                  9.025    

Slack (MET) :             9.037ns  (required time - arrival time)
  Source:                 cpu/pc_reg[11]/C
                            (rising edge-triggered cell FDSE clocked by cpu_clk_clk_pll  {rise@0.000ns fall@20.000ns period=40.000ns})
  Destination:            cpu/u_regfile/rf_reg_r2_0_31_6_11/RAMC/I
                            (rising edge-triggered cell RAMD32 clocked by cpu_clk_clk_pll  {rise@0.000ns fall@20.000ns period=40.000ns})
  Path Group:             cpu_clk_clk_pll
  Path Type:              Setup (Max at Slow Process Corner)
  Requirement:            40.000ns  (cpu_clk_clk_pll rise@40.000ns - cpu_clk_clk_pll rise@0.000ns)
  Data Path Delay:        30.639ns  (logic 3.795ns (12.386%)  route 26.844ns (87.614%))
  Logic Levels:           14  (CARRY4=2 LUT4=1 LUT6=4 MUXF7=3 MUXF8=2 RAMD32=1 RAMS64E=1)
  Clock Path Skew:        -0.051ns (DCD - SCD + CPR)
    Destination Clock Delay (DCD):    -1.941ns = ( 38.059 - 40.000 ) 
    Source Clock Delay      (SCD):    -2.310ns
    Clock Pessimism Removal (CPR):    -0.420ns
  Clock Uncertainty:      0.098ns  ((TSJ^2 + DJ^2)^1/2) / 2 + PE
    Total System Jitter     (TSJ):    0.071ns
    Discrete Jitter          (DJ):    0.183ns
    Phase Error              (PE):    0.000ns

    Location             Delay type                Incr(ns)  Path(ns)    Netlist Resource(s)
  -------------------------------------------------------------------    -------------------
                         (clock cpu_clk_clk_pll rise edge)
                                                      0.000     0.000 r  
    AC19                                              0.000     0.000 r  clk (IN)
                         net (fo=0)                   0.000     0.000    pll.clk_pll/inst/clk_in1
    AC19                 IBUF (Prop_ibuf_I_O)         1.485     1.485 r  pll.clk_pll/inst/clkin1_ibufg/O
                         net (fo=1, routed)           1.619     3.104    pll.clk_pll/inst/clk_in1_clk_pll
    PLLE2_ADV_X0Y2       PLLE2_ADV (Prop_plle2_adv_CLKIN1_CLKOUT0)
                                                     -9.006    -5.902 r  pll.clk_pll/inst/plle2_adv_inst/CLKOUT0
                         net (fo=1, routed)           1.837    -4.064    pll.clk_pll/inst/cpu_clk_clk_pll
    BUFGCTRL_X0Y0        BUFG (Prop_bufg_I_O)         0.096    -3.968 r  pll.clk_pll/inst/clkout1_buf/O
                         net (fo=17726, routed)       1.658    -2.310    cpu/cpu_clk
    SLICE_X61Y153        FDSE                                         r  cpu/pc_reg[11]/C
  -------------------------------------------------------------------    -------------------
    SLICE_X61Y153        FDSE (Prop_fdse_C_Q)         0.456    -1.854 r  cpu/pc_reg[11]/Q
                         net (fo=1028, routed)        7.507     5.653    inst_ram/U0/synth_options.dist_mem_inst/gen_sp_ram.spram_inst/a[9]
    SLICE_X113Y63        LUT6 (Prop_lut6_I2_O)        0.124     5.777 r  inst_ram/U0/synth_options.dist_mem_inst/gen_sp_ram.spram_inst/spo[6]_INST_0_i_38/O
                         net (fo=1, routed)           0.000     5.777    inst_ram/U0/synth_options.dist_mem_inst/gen_sp_ram.spram_inst/spo[6]_INST_0_i_38_n_0
    SLICE_X113Y63        MUXF7 (Prop_muxf7_I1_O)      0.217     5.994 r  inst_ram/U0/synth_options.dist_mem_inst/gen_sp_ram.spram_inst/spo[6]_INST_0_i_16/O
                         net (fo=1, routed)           0.000     5.994    inst_ram/U0/synth_options.dist_mem_inst/gen_sp_ram.spram_inst/spo[6]_INST_0_i_16_n_0
    SLICE_X113Y63        MUXF8 (Prop_muxf8_I1_O)      0.094     6.088 r  inst_ram/U0/synth_options.dist_mem_inst/gen_sp_ram.spram_inst/spo[6]_INST_0_i_5/O
                         net (fo=1, routed)           1.257     7.345    inst_ram/U0/synth_options.dist_mem_inst/gen_sp_ram.spram_inst/spo[6]_INST_0_i_5_n_0
    SLICE_X101Y73        LUT6 (Prop_lut6_I3_O)        0.316     7.661 r  inst_ram/U0/synth_options.dist_mem_inst/gen_sp_ram.spram_inst/spo[6]_INST_0_i_1/O
                         net (fo=1, routed)           0.000     7.661    inst_ram/U0/synth_options.dist_mem_inst/gen_sp_ram.spram_inst/spo[6]_INST_0_i_1_n_0
    SLICE_X101Y73        MUXF7 (Prop_muxf7_I0_O)      0.212     7.873 r  inst_ram/U0/synth_options.dist_mem_inst/gen_sp_ram.spram_inst/spo[6]_INST_0/O
                         net (fo=48, routed)          7.421    15.295    cpu/u_regfile/rf_reg_r1_0_31_0_5/ADDRB1
    SLICE_X56Y180        RAMD32 (Prop_ramd32_RADR1_O)
                                                      0.327    15.622 r  cpu/u_regfile/rf_reg_r1_0_31_0_5/RAMB/O
                         net (fo=4, routed)           2.547    18.169    cpu/u_regfile/rdata10[2]
    SLICE_X61Y151        LUT4 (Prop_lut4_I2_O)        0.348    18.517 r  cpu/u_regfile/data_ram_i_55/O
                         net (fo=14, routed)          0.861    19.378    cpu/u_regfile/alu_src1[2]
    SLICE_X47Y155        CARRY4 (Prop_carry4_DI[2]_CO[3])
                                                      0.398    19.776 r  cpu/u_regfile/data_ram_i_3/CO[3]
                         net (fo=1, routed)           0.000    19.776    cpu/u_regfile/data_ram_i_3_n_0
    SLICE_X47Y156        CARRY4 (Prop_carry4_CI_O[0])
                                                      0.222    19.998 r  cpu/u_regfile/data_ram_i_2/O[0]
                         net (fo=660, routed)         3.706    23.704    data_ram/U0/synth_options.dist_mem_inst/gen_sp_ram.spram_inst/ram_reg_0_255_10_10/A2
    SLICE_X42Y184        RAMS64E (Prop_rams64e_ADR2_O)
                                                      0.299    24.003 r  data_ram/U0/synth_options.dist_mem_inst/gen_sp_ram.spram_inst/ram_reg_0_255_10_10/RAMS64E_D/O
                         net (fo=1, routed)           0.000    24.003    data_ram/U0/synth_options.dist_mem_inst/gen_sp_ram.spram_inst/ram_reg_0_255_10_10/OD
    SLICE_X42Y184        MUXF7 (Prop_muxf7_I0_O)      0.241    24.244 r  data_ram/U0/synth_options.dist_mem_inst/gen_sp_ram.spram_inst/ram_reg_0_255_10_10/F7.B/O
                         net (fo=1, routed)           0.000    24.244    data_ram/U0/synth_options.dist_mem_inst/gen_sp_ram.spram_inst/ram_reg_0_255_10_10/O0
    SLICE_X42Y184        MUXF8 (Prop_muxf8_I0_O)      0.098    24.342 r  data_ram/U0/synth_options.dist_mem_inst/gen_sp_ram.spram_inst/ram_reg_0_255_10_10/F8/O
                         net (fo=1, routed)           0.651    24.993    data_ram/U0/synth_options.dist_mem_inst/gen_sp_ram.spram_inst/ram_reg_0_255_10_10_n_0
    SLICE_X47Y178        LUT6 (Prop_lut6_I5_O)        0.319    25.312 r  data_ram/U0/synth_options.dist_mem_inst/gen_sp_ram.spram_inst/spo[10]_INST_0/O
                         net (fo=1, routed)           1.584    26.896    cpu/u_regfile/rf_reg_r1_0_31_30_31__0_0[9]
    SLICE_X54Y160        LUT6 (Prop_lut6_I5_O)        0.124    27.020 r  cpu/u_regfile/rf_reg_r1_0_31_6_11_i_6/O
                         net (fo=2, routed)           1.308    28.329    cpu/u_regfile/rf_reg_r2_0_31_6_11/DIC0
    SLICE_X56Y181        RAMD32                                       r  cpu/u_regfile/rf_reg_r2_0_31_6_11/RAMC/I
  -------------------------------------------------------------------    -------------------

                         (clock cpu_clk_clk_pll rise edge)
                                                     40.000    40.000 r  
    AC19                                              0.000    40.000 r  clk (IN)
                         net (fo=0)                   0.000    40.000    pll.clk_pll/inst/clk_in1
    AC19                 IBUF (Prop_ibuf_I_O)         1.414    41.414 r  pll.clk_pll/inst/clkin1_ibufg/O
                         net (fo=1, routed)           1.531    42.945    pll.clk_pll/inst/clk_in1_clk_pll
    PLLE2_ADV_X0Y2       PLLE2_ADV (Prop_plle2_adv_CLKIN1_CLKOUT0)
                                                     -8.262    34.684 r  pll.clk_pll/inst/plle2_adv_inst/CLKOUT0
                         net (fo=1, routed)           1.755    36.439    pll.clk_pll/inst/cpu_clk_clk_pll
    BUFGCTRL_X0Y0        BUFG (Prop_bufg_I_O)         0.091    36.530 r  pll.clk_pll/inst/clkout1_buf/O
                         net (fo=17726, routed)       1.529    38.059    cpu/u_regfile/rf_reg_r2_0_31_6_11/WCLK
    SLICE_X56Y181        RAMD32                                       r  cpu/u_regfile/rf_reg_r2_0_31_6_11/RAMC/CLK
                         clock pessimism             -0.420    37.639    
                         clock uncertainty           -0.098    37.540    
    SLICE_X56Y181        RAMD32 (Setup_ramd32_CLK_I)
                                                     -0.175    37.365    cpu/u_regfile/rf_reg_r2_0_31_6_11/RAMC
  -------------------------------------------------------------------
                         required time                         37.365    
                         arrival time                         -28.329    
  -------------------------------------------------------------------
                         slack                                  9.037    

Slack (MET) :             9.055ns  (required time - arrival time)
  Source:                 cpu/pc_reg[11]/C
                            (rising edge-triggered cell FDSE clocked by cpu_clk_clk_pll  {rise@0.000ns fall@20.000ns period=40.000ns})
  Destination:            cpu/u_regfile/rf_reg_r1_0_31_12_17/RAMC/I
                            (rising edge-triggered cell RAMD32 clocked by cpu_clk_clk_pll  {rise@0.000ns fall@20.000ns period=40.000ns})
  Path Group:             cpu_clk_clk_pll
  Path Type:              Setup (Max at Slow Process Corner)
  Requirement:            40.000ns  (cpu_clk_clk_pll rise@40.000ns - cpu_clk_clk_pll rise@0.000ns)
  Data Path Delay:        30.631ns  (logic 3.903ns (12.742%)  route 26.728ns (87.258%))
  Logic Levels:           14  (CARRY4=2 LUT4=1 LUT6=4 MUXF7=3 MUXF8=2 RAMD32=1 RAMS64E=1)
  Clock Path Skew:        -0.041ns (DCD - SCD + CPR)
    Destination Clock Delay (DCD):    -1.931ns = ( 38.069 - 40.000 ) 
    Source Clock Delay      (SCD):    -2.310ns
    Clock Pessimism Removal (CPR):    -0.420ns
  Clock Uncertainty:      0.098ns  ((TSJ^2 + DJ^2)^1/2) / 2 + PE
    Total System Jitter     (TSJ):    0.071ns
    Discrete Jitter          (DJ):    0.183ns
    Phase Error              (PE):    0.000ns

    Location             Delay type                Incr(ns)  Path(ns)    Netlist Resource(s)
  -------------------------------------------------------------------    -------------------
                         (clock cpu_clk_clk_pll rise edge)
                                                      0.000     0.000 r  
    AC19                                              0.000     0.000 r  clk (IN)
                         net (fo=0)                   0.000     0.000    pll.clk_pll/inst/clk_in1
    AC19                 IBUF (Prop_ibuf_I_O)         1.485     1.485 r  pll.clk_pll/inst/clkin1_ibufg/O
                         net (fo=1, routed)           1.619     3.104    pll.clk_pll/inst/clk_in1_clk_pll
    PLLE2_ADV_X0Y2       PLLE2_ADV (Prop_plle2_adv_CLKIN1_CLKOUT0)
                                                     -9.006    -5.902 r  pll.clk_pll/inst/plle2_adv_inst/CLKOUT0
                         net (fo=1, routed)           1.837    -4.064    pll.clk_pll/inst/cpu_clk_clk_pll
    BUFGCTRL_X0Y0        BUFG (Prop_bufg_I_O)         0.096    -3.968 r  pll.clk_pll/inst/clkout1_buf/O
                         net (fo=17726, routed)       1.658    -2.310    cpu/cpu_clk
    SLICE_X61Y153        FDSE                                         r  cpu/pc_reg[11]/C
  -------------------------------------------------------------------    -------------------
    SLICE_X61Y153        FDSE (Prop_fdse_C_Q)         0.456    -1.854 r  cpu/pc_reg[11]/Q
                         net (fo=1028, routed)        7.507     5.653    inst_ram/U0/synth_options.dist_mem_inst/gen_sp_ram.spram_inst/a[9]
    SLICE_X113Y63        LUT6 (Prop_lut6_I2_O)        0.124     5.777 r  inst_ram/U0/synth_options.dist_mem_inst/gen_sp_ram.spram_inst/spo[6]_INST_0_i_38/O
                         net (fo=1, routed)           0.000     5.777    inst_ram/U0/synth_options.dist_mem_inst/gen_sp_ram.spram_inst/spo[6]_INST_0_i_38_n_0
    SLICE_X113Y63        MUXF7 (Prop_muxf7_I1_O)      0.217     5.994 r  inst_ram/U0/synth_options.dist_mem_inst/gen_sp_ram.spram_inst/spo[6]_INST_0_i_16/O
                         net (fo=1, routed)           0.000     5.994    inst_ram/U0/synth_options.dist_mem_inst/gen_sp_ram.spram_inst/spo[6]_INST_0_i_16_n_0
    SLICE_X113Y63        MUXF8 (Prop_muxf8_I1_O)      0.094     6.088 r  inst_ram/U0/synth_options.dist_mem_inst/gen_sp_ram.spram_inst/spo[6]_INST_0_i_5/O
                         net (fo=1, routed)           1.257     7.345    inst_ram/U0/synth_options.dist_mem_inst/gen_sp_ram.spram_inst/spo[6]_INST_0_i_5_n_0
    SLICE_X101Y73        LUT6 (Prop_lut6_I3_O)        0.316     7.661 r  inst_ram/U0/synth_options.dist_mem_inst/gen_sp_ram.spram_inst/spo[6]_INST_0_i_1/O
                         net (fo=1, routed)           0.000     7.661    inst_ram/U0/synth_options.dist_mem_inst/gen_sp_ram.spram_inst/spo[6]_INST_0_i_1_n_0
    SLICE_X101Y73        MUXF7 (Prop_muxf7_I0_O)      0.212     7.873 r  inst_ram/U0/synth_options.dist_mem_inst/gen_sp_ram.spram_inst/spo[6]_INST_0/O
                         net (fo=48, routed)          7.421    15.295    cpu/u_regfile/rf_reg_r1_0_31_0_5/ADDRB1
    SLICE_X56Y180        RAMD32 (Prop_ramd32_RADR1_O)
                                                      0.327    15.622 r  cpu/u_regfile/rf_reg_r1_0_31_0_5/RAMB/O
                         net (fo=4, routed)           2.547    18.169    cpu/u_regfile/rdata10[2]
    SLICE_X61Y151        LUT4 (Prop_lut4_I2_O)        0.348    18.517 r  cpu/u_regfile/data_ram_i_55/O
                         net (fo=14, routed)          0.861    19.378    cpu/u_regfile/alu_src1[2]
    SLICE_X47Y155        CARRY4 (Prop_carry4_DI[2]_CO[3])
                                                      0.398    19.776 r  cpu/u_regfile/data_ram_i_3/CO[3]
                         net (fo=1, routed)           0.000    19.776    cpu/u_regfile/data_ram_i_3_n_0
    SLICE_X47Y156        CARRY4 (Prop_carry4_CI_O[0])
                                                      0.222    19.998 r  cpu/u_regfile/data_ram_i_2/O[0]
                         net (fo=660, routed)         3.691    23.688    data_ram/U0/synth_options.dist_mem_inst/gen_sp_ram.spram_inst/ram_reg_512_767_16_16/A2
    SLICE_X46Y190        RAMS64E (Prop_rams64e_ADR2_O)
                                                      0.444    24.132 r  data_ram/U0/synth_options.dist_mem_inst/gen_sp_ram.spram_inst/ram_reg_512_767_16_16/RAMS64E_A/O
                         net (fo=1, routed)           0.000    24.132    data_ram/U0/synth_options.dist_mem_inst/gen_sp_ram.spram_inst/ram_reg_512_767_16_16/OA
    SLICE_X46Y190        MUXF7 (Prop_muxf7_I1_O)      0.214    24.346 r  data_ram/U0/synth_options.dist_mem_inst/gen_sp_ram.spram_inst/ram_reg_512_767_16_16/F7.A/O
                         net (fo=1, routed)           0.000    24.346    data_ram/U0/synth_options.dist_mem_inst/gen_sp_ram.spram_inst/ram_reg_512_767_16_16/O1
    SLICE_X46Y190        MUXF8 (Prop_muxf8_I1_O)      0.088    24.434 r  data_ram/U0/synth_options.dist_mem_inst/gen_sp_ram.spram_inst/ram_reg_512_767_16_16/F8/O
                         net (fo=1, routed)           1.082    25.516    data_ram/U0/synth_options.dist_mem_inst/gen_sp_ram.spram_inst/ram_reg_512_767_16_16_n_0
    SLICE_X53Y190        LUT6 (Prop_lut6_I1_O)        0.319    25.835 r  data_ram/U0/synth_options.dist_mem_inst/gen_sp_ram.spram_inst/spo[16]_INST_0/O
                         net (fo=1, routed)           1.857    27.692    cpu/u_regfile/rf_reg_r1_0_31_30_31__0_0[15]
    SLICE_X55Y160        LUT6 (Prop_lut6_I5_O)        0.124    27.816 r  cpu/u_regfile/rf_reg_r1_0_31_12_17_i_6/O
                         net (fo=2, routed)           0.504    28.320    cpu/u_regfile/rf_reg_r1_0_31_12_17/DIC0
    SLICE_X52Y158        RAMD32                                       r  cpu/u_regfile/rf_reg_r1_0_31_12_17/RAMC/I
  -------------------------------------------------------------------    -------------------

                         (clock cpu_clk_clk_pll rise edge)
                                                     40.000    40.000 r  
    AC19                                              0.000    40.000 r  clk (IN)
                         net (fo=0)                   0.000    40.000    pll.clk_pll/inst/clk_in1
    AC19                 IBUF (Prop_ibuf_I_O)         1.414    41.414 r  pll.clk_pll/inst/clkin1_ibufg/O
                         net (fo=1, routed)           1.531    42.945    pll.clk_pll/inst/clk_in1_clk_pll
    PLLE2_ADV_X0Y2       PLLE2_ADV (Prop_plle2_adv_CLKIN1_CLKOUT0)
                                                     -8.262    34.684 r  pll.clk_pll/inst/plle2_adv_inst/CLKOUT0
                         net (fo=1, routed)           1.755    36.439    pll.clk_pll/inst/cpu_clk_clk_pll
    BUFGCTRL_X0Y0        BUFG (Prop_bufg_I_O)         0.091    36.530 r  pll.clk_pll/inst/clkout1_buf/O
                         net (fo=17726, routed)       1.539    38.069    cpu/u_regfile/rf_reg_r1_0_31_12_17/WCLK
    SLICE_X52Y158        RAMD32                                       r  cpu/u_regfile/rf_reg_r1_0_31_12_17/RAMC/CLK
                         clock pessimism             -0.420    37.649    
                         clock uncertainty           -0.098    37.550    
    SLICE_X52Y158        RAMD32 (Setup_ramd32_CLK_I)
                                                     -0.175    37.375    cpu/u_regfile/rf_reg_r1_0_31_12_17/RAMC
  -------------------------------------------------------------------
                         required time                         37.375    
                         arrival time                         -28.320    
  -------------------------------------------------------------------
                         slack                                  9.055    

Slack (MET) :             9.069ns  (required time - arrival time)
  Source:                 cpu/pc_reg[11]/C
                            (rising edge-triggered cell FDSE clocked by cpu_clk_clk_pll  {rise@0.000ns fall@20.000ns period=40.000ns})
  Destination:            cpu/u_regfile/rf_reg_r2_0_31_12_17/RAMC/I
                            (rising edge-triggered cell RAMD32 clocked by cpu_clk_clk_pll  {rise@0.000ns fall@20.000ns period=40.000ns})
  Path Group:             cpu_clk_clk_pll
  Path Type:              Setup (Max at Slow Process Corner)
  Requirement:            40.000ns  (cpu_clk_clk_pll rise@40.000ns - cpu_clk_clk_pll rise@0.000ns)
  Data Path Delay:        30.616ns  (logic 3.903ns (12.749%)  route 26.713ns (87.251%))
  Logic Levels:           14  (CARRY4=2 LUT4=1 LUT6=4 MUXF7=3 MUXF8=2 RAMD32=1 RAMS64E=1)
  Clock Path Skew:        -0.042ns (DCD - SCD + CPR)
    Destination Clock Delay (DCD):    -1.932ns = ( 38.068 - 40.000 ) 
    Source Clock Delay      (SCD):    -2.310ns
    Clock Pessimism Removal (CPR):    -0.420ns
  Clock Uncertainty:      0.098ns  ((TSJ^2 + DJ^2)^1/2) / 2 + PE
    Total System Jitter     (TSJ):    0.071ns
    Discrete Jitter          (DJ):    0.183ns
    Phase Error              (PE):    0.000ns

    Location             Delay type                Incr(ns)  Path(ns)    Netlist Resource(s)
  -------------------------------------------------------------------    -------------------
                         (clock cpu_clk_clk_pll rise edge)
                                                      0.000     0.000 r  
    AC19                                              0.000     0.000 r  clk (IN)
                         net (fo=0)                   0.000     0.000    pll.clk_pll/inst/clk_in1
    AC19                 IBUF (Prop_ibuf_I_O)         1.485     1.485 r  pll.clk_pll/inst/clkin1_ibufg/O
                         net (fo=1, routed)           1.619     3.104    pll.clk_pll/inst/clk_in1_clk_pll
    PLLE2_ADV_X0Y2       PLLE2_ADV (Prop_plle2_adv_CLKIN1_CLKOUT0)
                                                     -9.006    -5.902 r  pll.clk_pll/inst/plle2_adv_inst/CLKOUT0
                         net (fo=1, routed)           1.837    -4.064    pll.clk_pll/inst/cpu_clk_clk_pll
    BUFGCTRL_X0Y0        BUFG (Prop_bufg_I_O)         0.096    -3.968 r  pll.clk_pll/inst/clkout1_buf/O
                         net (fo=17726, routed)       1.658    -2.310    cpu/cpu_clk
    SLICE_X61Y153        FDSE                                         r  cpu/pc_reg[11]/C
  -------------------------------------------------------------------    -------------------
    SLICE_X61Y153        FDSE (Prop_fdse_C_Q)         0.456    -1.854 r  cpu/pc_reg[11]/Q
                         net (fo=1028, routed)        7.507     5.653    inst_ram/U0/synth_options.dist_mem_inst/gen_sp_ram.spram_inst/a[9]
    SLICE_X113Y63        LUT6 (Prop_lut6_I2_O)        0.124     5.777 r  inst_ram/U0/synth_options.dist_mem_inst/gen_sp_ram.spram_inst/spo[6]_INST_0_i_38/O
                         net (fo=1, routed)           0.000     5.777    inst_ram/U0/synth_options.dist_mem_inst/gen_sp_ram.spram_inst/spo[6]_INST_0_i_38_n_0
    SLICE_X113Y63        MUXF7 (Prop_muxf7_I1_O)      0.217     5.994 r  inst_ram/U0/synth_options.dist_mem_inst/gen_sp_ram.spram_inst/spo[6]_INST_0_i_16/O
                         net (fo=1, routed)           0.000     5.994    inst_ram/U0/synth_options.dist_mem_inst/gen_sp_ram.spram_inst/spo[6]_INST_0_i_16_n_0
    SLICE_X113Y63        MUXF8 (Prop_muxf8_I1_O)      0.094     6.088 r  inst_ram/U0/synth_options.dist_mem_inst/gen_sp_ram.spram_inst/spo[6]_INST_0_i_5/O
                         net (fo=1, routed)           1.257     7.345    inst_ram/U0/synth_options.dist_mem_inst/gen_sp_ram.spram_inst/spo[6]_INST_0_i_5_n_0
    SLICE_X101Y73        LUT6 (Prop_lut6_I3_O)        0.316     7.661 r  inst_ram/U0/synth_options.dist_mem_inst/gen_sp_ram.spram_inst/spo[6]_INST_0_i_1/O
                         net (fo=1, routed)           0.000     7.661    inst_ram/U0/synth_options.dist_mem_inst/gen_sp_ram.spram_inst/spo[6]_INST_0_i_1_n_0
    SLICE_X101Y73        MUXF7 (Prop_muxf7_I0_O)      0.212     7.873 r  inst_ram/U0/synth_options.dist_mem_inst/gen_sp_ram.spram_inst/spo[6]_INST_0/O
                         net (fo=48, routed)          7.421    15.295    cpu/u_regfile/rf_reg_r1_0_31_0_5/ADDRB1
    SLICE_X56Y180        RAMD32 (Prop_ramd32_RADR1_O)
                                                      0.327    15.622 r  cpu/u_regfile/rf_reg_r1_0_31_0_5/RAMB/O
                         net (fo=4, routed)           2.547    18.169    cpu/u_regfile/rdata10[2]
    SLICE_X61Y151        LUT4 (Prop_lut4_I2_O)        0.348    18.517 r  cpu/u_regfile/data_ram_i_55/O
                         net (fo=14, routed)          0.861    19.378    cpu/u_regfile/alu_src1[2]
    SLICE_X47Y155        CARRY4 (Prop_carry4_DI[2]_CO[3])
                                                      0.398    19.776 r  cpu/u_regfile/data_ram_i_3/CO[3]
                         net (fo=1, routed)           0.000    19.776    cpu/u_regfile/data_ram_i_3_n_0
    SLICE_X47Y156        CARRY4 (Prop_carry4_CI_O[0])
                                                      0.222    19.998 r  cpu/u_regfile/data_ram_i_2/O[0]
                         net (fo=660, routed)         3.691    23.688    data_ram/U0/synth_options.dist_mem_inst/gen_sp_ram.spram_inst/ram_reg_512_767_16_16/A2
    SLICE_X46Y190        RAMS64E (Prop_rams64e_ADR2_O)
                                                      0.444    24.132 r  data_ram/U0/synth_options.dist_mem_inst/gen_sp_ram.spram_inst/ram_reg_512_767_16_16/RAMS64E_A/O
                         net (fo=1, routed)           0.000    24.132    data_ram/U0/synth_options.dist_mem_inst/gen_sp_ram.spram_inst/ram_reg_512_767_16_16/OA
    SLICE_X46Y190        MUXF7 (Prop_muxf7_I1_O)      0.214    24.346 r  data_ram/U0/synth_options.dist_mem_inst/gen_sp_ram.spram_inst/ram_reg_512_767_16_16/F7.A/O
                         net (fo=1, routed)           0.000    24.346    data_ram/U0/synth_options.dist_mem_inst/gen_sp_ram.spram_inst/ram_reg_512_767_16_16/O1
    SLICE_X46Y190        MUXF8 (Prop_muxf8_I1_O)      0.088    24.434 r  data_ram/U0/synth_options.dist_mem_inst/gen_sp_ram.spram_inst/ram_reg_512_767_16_16/F8/O
                         net (fo=1, routed)           1.082    25.516    data_ram/U0/synth_options.dist_mem_inst/gen_sp_ram.spram_inst/ram_reg_512_767_16_16_n_0
    SLICE_X53Y190        LUT6 (Prop_lut6_I1_O)        0.319    25.835 r  data_ram/U0/synth_options.dist_mem_inst/gen_sp_ram.spram_inst/spo[16]_INST_0/O
                         net (fo=1, routed)           1.857    27.692    cpu/u_regfile/rf_reg_r1_0_31_30_31__0_0[15]
    SLICE_X55Y160        LUT6 (Prop_lut6_I5_O)        0.124    27.816 r  cpu/u_regfile/rf_reg_r1_0_31_12_17_i_6/O
                         net (fo=2, routed)           0.489    28.306    cpu/u_regfile/rf_reg_r2_0_31_12_17/DIC0
    SLICE_X56Y158        RAMD32                                       r  cpu/u_regfile/rf_reg_r2_0_31_12_17/RAMC/I
  -------------------------------------------------------------------    -------------------

                         (clock cpu_clk_clk_pll rise edge)
                                                     40.000    40.000 r  
    AC19                                              0.000    40.000 r  clk (IN)
                         net (fo=0)                   0.000    40.000    pll.clk_pll/inst/clk_in1
    AC19                 IBUF (Prop_ibuf_I_O)         1.414    41.414 r  pll.clk_pll/inst/clkin1_ibufg/O
                         net (fo=1, routed)           1.531    42.945    pll.clk_pll/inst/clk_in1_clk_pll
    PLLE2_ADV_X0Y2       PLLE2_ADV (Prop_plle2_adv_CLKIN1_CLKOUT0)
                                                     -8.262    34.684 r  pll.clk_pll/inst/plle2_adv_inst/CLKOUT0
                         net (fo=1, routed)           1.755    36.439    pll.clk_pll/inst/cpu_clk_clk_pll
    BUFGCTRL_X0Y0        BUFG (Prop_bufg_I_O)         0.091    36.530 r  pll.clk_pll/inst/clkout1_buf/O
                         net (fo=17726, routed)       1.538    38.068    cpu/u_regfile/rf_reg_r2_0_31_12_17/WCLK
    SLICE_X56Y158        RAMD32                                       r  cpu/u_regfile/rf_reg_r2_0_31_12_17/RAMC/CLK
                         clock pessimism             -0.420    37.648    
                         clock uncertainty           -0.098    37.549    
    SLICE_X56Y158        RAMD32 (Setup_ramd32_CLK_I)
                                                     -0.175    37.374    cpu/u_regfile/rf_reg_r2_0_31_12_17/RAMC
  -------------------------------------------------------------------
                         required time                         37.374    
                         arrival time                         -28.306    
  -------------------------------------------------------------------
                         slack                                  9.069    

Slack (MET) :             9.159ns  (required time - arrival time)
  Source:                 cpu/pc_reg[11]/C
                            (rising edge-triggered cell FDSE clocked by cpu_clk_clk_pll  {rise@0.000ns fall@20.000ns period=40.000ns})
  Destination:            cpu/u_regfile/rf_reg_r2_0_31_24_29/RAMA/I
                            (rising edge-triggered cell RAMD32 clocked by cpu_clk_clk_pll  {rise@0.000ns fall@20.000ns period=40.000ns})
  Path Group:             cpu_clk_clk_pll
  Path Type:              Setup (Max at Slow Process Corner)
  Requirement:            40.000ns  (cpu_clk_clk_pll rise@40.000ns - cpu_clk_clk_pll rise@0.000ns)
  Data Path Delay:        30.538ns  (logic 3.795ns (12.427%)  route 26.743ns (87.573%))
  Logic Levels:           14  (CARRY4=2 LUT4=1 LUT6=4 MUXF7=3 MUXF8=2 RAMD32=1 RAMS64E=1)
  Clock Path Skew:        -0.044ns (DCD - SCD + CPR)
    Destination Clock Delay (DCD):    -1.934ns = ( 38.066 - 40.000 ) 
    Source Clock Delay      (SCD):    -2.310ns
    Clock Pessimism Removal (CPR):    -0.420ns
  Clock Uncertainty:      0.098ns  ((TSJ^2 + DJ^2)^1/2) / 2 + PE
    Total System Jitter     (TSJ):    0.071ns
    Discrete Jitter          (DJ):    0.183ns
    Phase Error              (PE):    0.000ns

    Location             Delay type                Incr(ns)  Path(ns)    Netlist Resource(s)
  -------------------------------------------------------------------    -------------------
                         (clock cpu_clk_clk_pll rise edge)
                                                      0.000     0.000 r  
    AC19                                              0.000     0.000 r  clk (IN)
                         net (fo=0)                   0.000     0.000    pll.clk_pll/inst/clk_in1
    AC19                 IBUF (Prop_ibuf_I_O)         1.485     1.485 r  pll.clk_pll/inst/clkin1_ibufg/O
                         net (fo=1, routed)           1.619     3.104    pll.clk_pll/inst/clk_in1_clk_pll
    PLLE2_ADV_X0Y2       PLLE2_ADV (Prop_plle2_adv_CLKIN1_CLKOUT0)
                                                     -9.006    -5.902 r  pll.clk_pll/inst/plle2_adv_inst/CLKOUT0
                         net (fo=1, routed)           1.837    -4.064    pll.clk_pll/inst/cpu_clk_clk_pll
    BUFGCTRL_X0Y0        BUFG (Prop_bufg_I_O)         0.096    -3.968 r  pll.clk_pll/inst/clkout1_buf/O
                         net (fo=17726, routed)       1.658    -2.310    cpu/cpu_clk
    SLICE_X61Y153        FDSE                                         r  cpu/pc_reg[11]/C
  -------------------------------------------------------------------    -------------------
    SLICE_X61Y153        FDSE (Prop_fdse_C_Q)         0.456    -1.854 r  cpu/pc_reg[11]/Q
                         net (fo=1028, routed)        7.507     5.653    inst_ram/U0/synth_options.dist_mem_inst/gen_sp_ram.spram_inst/a[9]
    SLICE_X113Y63        LUT6 (Prop_lut6_I2_O)        0.124     5.777 r  inst_ram/U0/synth_options.dist_mem_inst/gen_sp_ram.spram_inst/spo[6]_INST_0_i_38/O
                         net (fo=1, routed)           0.000     5.777    inst_ram/U0/synth_options.dist_mem_inst/gen_sp_ram.spram_inst/spo[6]_INST_0_i_38_n_0
    SLICE_X113Y63        MUXF7 (Prop_muxf7_I1_O)      0.217     5.994 r  inst_ram/U0/synth_options.dist_mem_inst/gen_sp_ram.spram_inst/spo[6]_INST_0_i_16/O
                         net (fo=1, routed)           0.000     5.994    inst_ram/U0/synth_options.dist_mem_inst/gen_sp_ram.spram_inst/spo[6]_INST_0_i_16_n_0
    SLICE_X113Y63        MUXF8 (Prop_muxf8_I1_O)      0.094     6.088 r  inst_ram/U0/synth_options.dist_mem_inst/gen_sp_ram.spram_inst/spo[6]_INST_0_i_5/O
                         net (fo=1, routed)           1.257     7.345    inst_ram/U0/synth_options.dist_mem_inst/gen_sp_ram.spram_inst/spo[6]_INST_0_i_5_n_0
    SLICE_X101Y73        LUT6 (Prop_lut6_I3_O)        0.316     7.661 r  inst_ram/U0/synth_options.dist_mem_inst/gen_sp_ram.spram_inst/spo[6]_INST_0_i_1/O
                         net (fo=1, routed)           0.000     7.661    inst_ram/U0/synth_options.dist_mem_inst/gen_sp_ram.spram_inst/spo[6]_INST_0_i_1_n_0
    SLICE_X101Y73        MUXF7 (Prop_muxf7_I0_O)      0.212     7.873 r  inst_ram/U0/synth_options.dist_mem_inst/gen_sp_ram.spram_inst/spo[6]_INST_0/O
                         net (fo=48, routed)          7.421    15.295    cpu/u_regfile/rf_reg_r1_0_31_0_5/ADDRB1
    SLICE_X56Y180        RAMD32 (Prop_ramd32_RADR1_O)
                                                      0.327    15.622 r  cpu/u_regfile/rf_reg_r1_0_31_0_5/RAMB/O
                         net (fo=4, routed)           2.547    18.169    cpu/u_regfile/rdata10[2]
    SLICE_X61Y151        LUT4 (Prop_lut4_I2_O)        0.348    18.517 r  cpu/u_regfile/data_ram_i_55/O
                         net (fo=14, routed)          0.861    19.378    cpu/u_regfile/alu_src1[2]
    SLICE_X47Y155        CARRY4 (Prop_carry4_DI[2]_CO[3])
                                                      0.398    19.776 r  cpu/u_regfile/data_ram_i_3/CO[3]
                         net (fo=1, routed)           0.000    19.776    cpu/u_regfile/data_ram_i_3_n_0
    SLICE_X47Y156        CARRY4 (Prop_carry4_CI_O[0])
                                                      0.222    19.998 r  cpu/u_regfile/data_ram_i_2/O[0]
                         net (fo=660, routed)         3.644    23.642    data_ram/U0/synth_options.dist_mem_inst/gen_sp_ram.spram_inst/ram_reg_512_767_24_24/A2
    SLICE_X46Y192        RAMS64E (Prop_rams64e_ADR2_O)
                                                      0.299    23.941 r  data_ram/U0/synth_options.dist_mem_inst/gen_sp_ram.spram_inst/ram_reg_512_767_24_24/RAMS64E_D/O
                         net (fo=1, routed)           0.000    23.941    data_ram/U0/synth_options.dist_mem_inst/gen_sp_ram.spram_inst/ram_reg_512_767_24_24/OD
    SLICE_X46Y192        MUXF7 (Prop_muxf7_I0_O)      0.241    24.182 r  data_ram/U0/synth_options.dist_mem_inst/gen_sp_ram.spram_inst/ram_reg_512_767_24_24/F7.B/O
                         net (fo=1, routed)           0.000    24.182    data_ram/U0/synth_options.dist_mem_inst/gen_sp_ram.spram_inst/ram_reg_512_767_24_24/O0
    SLICE_X46Y192        MUXF8 (Prop_muxf8_I0_O)      0.098    24.280 r  data_ram/U0/synth_options.dist_mem_inst/gen_sp_ram.spram_inst/ram_reg_512_767_24_24/F8/O
                         net (fo=1, routed)           0.870    25.150    data_ram/U0/synth_options.dist_mem_inst/gen_sp_ram.spram_inst/ram_reg_512_767_24_24_n_0
    SLICE_X53Y192        LUT6 (Prop_lut6_I1_O)        0.319    25.469 r  data_ram/U0/synth_options.dist_mem_inst/gen_sp_ram.spram_inst/spo[24]_INST_0/O
                         net (fo=1, routed)           1.942    27.411    cpu/u_regfile/rf_reg_r1_0_31_30_31__0_0[23]
    SLICE_X58Y166        LUT6 (Prop_lut6_I5_O)        0.124    27.535 r  cpu/u_regfile/rf_reg_r1_0_31_24_29_i_2/O
                         net (fo=2, routed)           0.693    28.228    cpu/u_regfile/rf_reg_r2_0_31_24_29/DIA0
    SLICE_X56Y161        RAMD32                                       r  cpu/u_regfile/rf_reg_r2_0_31_24_29/RAMA/I
  -------------------------------------------------------------------    -------------------

                         (clock cpu_clk_clk_pll rise edge)
                                                     40.000    40.000 r  
    AC19                                              0.000    40.000 r  clk (IN)
                         net (fo=0)                   0.000    40.000    pll.clk_pll/inst/clk_in1
    AC19                 IBUF (Prop_ibuf_I_O)         1.414    41.414 r  pll.clk_pll/inst/clkin1_ibufg/O
                         net (fo=1, routed)           1.531    42.945    pll.clk_pll/inst/clk_in1_clk_pll
    PLLE2_ADV_X0Y2       PLLE2_ADV (Prop_plle2_adv_CLKIN1_CLKOUT0)
                                                     -8.262    34.684 r  pll.clk_pll/inst/plle2_adv_inst/CLKOUT0
                         net (fo=1, routed)           1.755    36.439    pll.clk_pll/inst/cpu_clk_clk_pll
    BUFGCTRL_X0Y0        BUFG (Prop_bufg_I_O)         0.091    36.530 r  pll.clk_pll/inst/clkout1_buf/O
                         net (fo=17726, routed)       1.536    38.066    cpu/u_regfile/rf_reg_r2_0_31_24_29/WCLK
    SLICE_X56Y161        RAMD32                                       r  cpu/u_regfile/rf_reg_r2_0_31_24_29/RAMA/CLK
                         clock pessimism             -0.420    37.646    
                         clock uncertainty           -0.098    37.547    
    SLICE_X56Y161        RAMD32 (Setup_ramd32_CLK_I)
                                                     -0.161    37.386    cpu/u_regfile/rf_reg_r2_0_31_24_29/RAMA
  -------------------------------------------------------------------
                         required time                         37.386    
                         arrival time                         -28.228    
  -------------------------------------------------------------------
                         slack                                  9.159    

Slack (MET) :             9.183ns  (required time - arrival time)
  Source:                 cpu/pc_reg[11]/C
                            (rising edge-triggered cell FDSE clocked by cpu_clk_clk_pll  {rise@0.000ns fall@20.000ns period=40.000ns})
  Destination:            cpu/u_regfile/rf_reg_r1_0_31_0_5/RAMB_D1/I
                            (rising edge-triggered cell RAMD32 clocked by cpu_clk_clk_pll  {rise@0.000ns fall@20.000ns period=40.000ns})
  Path Group:             cpu_clk_clk_pll
  Path Type:              Setup (Max at Slow Process Corner)
  Requirement:            40.000ns  (cpu_clk_clk_pll rise@40.000ns - cpu_clk_clk_pll rise@0.000ns)
  Data Path Delay:        30.438ns  (logic 3.744ns (12.300%)  route 26.694ns (87.700%))
  Logic Levels:           14  (CARRY4=1 LUT4=1 LUT5=1 LUT6=4 MUXF7=3 MUXF8=2 RAMD32=1 RAMS64E=1)
  Clock Path Skew:        -0.052ns (DCD - SCD + CPR)
    Destination Clock Delay (DCD):    -1.942ns = ( 38.058 - 40.000 ) 
    Source Clock Delay      (SCD):    -2.310ns
    Clock Pessimism Removal (CPR):    -0.420ns
  Clock Uncertainty:      0.098ns  ((TSJ^2 + DJ^2)^1/2) / 2 + PE
    Total System Jitter     (TSJ):    0.071ns
    Discrete Jitter          (DJ):    0.183ns
    Phase Error              (PE):    0.000ns

    Location             Delay type                Incr(ns)  Path(ns)    Netlist Resource(s)
  -------------------------------------------------------------------    -------------------
                         (clock cpu_clk_clk_pll rise edge)
                                                      0.000     0.000 r  
    AC19                                              0.000     0.000 r  clk (IN)
                         net (fo=0)                   0.000     0.000    pll.clk_pll/inst/clk_in1
    AC19                 IBUF (Prop_ibuf_I_O)         1.485     1.485 r  pll.clk_pll/inst/clkin1_ibufg/O
                         net (fo=1, routed)           1.619     3.104    pll.clk_pll/inst/clk_in1_clk_pll
    PLLE2_ADV_X0Y2       PLLE2_ADV (Prop_plle2_adv_CLKIN1_CLKOUT0)
                                                     -9.006    -5.902 r  pll.clk_pll/inst/plle2_adv_inst/CLKOUT0
                         net (fo=1, routed)           1.837    -4.064    pll.clk_pll/inst/cpu_clk_clk_pll
    BUFGCTRL_X0Y0        BUFG (Prop_bufg_I_O)         0.096    -3.968 r  pll.clk_pll/inst/clkout1_buf/O
                         net (fo=17726, routed)       1.658    -2.310    cpu/cpu_clk
    SLICE_X61Y153        FDSE                                         r  cpu/pc_reg[11]/C
  -------------------------------------------------------------------    -------------------
    SLICE_X61Y153        FDSE (Prop_fdse_C_Q)         0.456    -1.854 r  cpu/pc_reg[11]/Q
                         net (fo=1028, routed)        7.507     5.653    inst_ram/U0/synth_options.dist_mem_inst/gen_sp_ram.spram_inst/a[9]
    SLICE_X113Y63        LUT6 (Prop_lut6_I2_O)        0.124     5.777 r  inst_ram/U0/synth_options.dist_mem_inst/gen_sp_ram.spram_inst/spo[6]_INST_0_i_38/O
                         net (fo=1, routed)           0.000     5.777    inst_ram/U0/synth_options.dist_mem_inst/gen_sp_ram.spram_inst/spo[6]_INST_0_i_38_n_0
    SLICE_X113Y63        MUXF7 (Prop_muxf7_I1_O)      0.217     5.994 r  inst_ram/U0/synth_options.dist_mem_inst/gen_sp_ram.spram_inst/spo[6]_INST_0_i_16/O
                         net (fo=1, routed)           0.000     5.994    inst_ram/U0/synth_options.dist_mem_inst/gen_sp_ram.spram_inst/spo[6]_INST_0_i_16_n_0
    SLICE_X113Y63        MUXF8 (Prop_muxf8_I1_O)      0.094     6.088 r  inst_ram/U0/synth_options.dist_mem_inst/gen_sp_ram.spram_inst/spo[6]_INST_0_i_5/O
                         net (fo=1, routed)           1.257     7.345    inst_ram/U0/synth_options.dist_mem_inst/gen_sp_ram.spram_inst/spo[6]_INST_0_i_5_n_0
    SLICE_X101Y73        LUT6 (Prop_lut6_I3_O)        0.316     7.661 r  inst_ram/U0/synth_options.dist_mem_inst/gen_sp_ram.spram_inst/spo[6]_INST_0_i_1/O
                         net (fo=1, routed)           0.000     7.661    inst_ram/U0/synth_options.dist_mem_inst/gen_sp_ram.spram_inst/spo[6]_INST_0_i_1_n_0
    SLICE_X101Y73        MUXF7 (Prop_muxf7_I0_O)      0.212     7.873 r  inst_ram/U0/synth_options.dist_mem_inst/gen_sp_ram.spram_inst/spo[6]_INST_0/O
                         net (fo=48, routed)          7.421    15.295    cpu/u_regfile/rf_reg_r1_0_31_0_5/ADDRB1
    SLICE_X56Y180        RAMD32 (Prop_ramd32_RADR1_O)
                                                      0.327    15.622 r  cpu/u_regfile/rf_reg_r1_0_31_0_5/RAMB/O
                         net (fo=4, routed)           2.547    18.169    cpu/u_regfile/rdata10[2]
    SLICE_X61Y151        LUT4 (Prop_lut4_I2_O)        0.348    18.517 r  cpu/u_regfile/data_ram_i_55/O
                         net (fo=14, routed)          0.861    19.378    cpu/u_regfile/alu_src1[2]
    SLICE_X47Y155        CARRY4 (Prop_carry4_DI[2]_O[3])
                                                      0.438    19.816 r  cpu/u_regfile/data_ram_i_3/O[3]
                         net (fo=518, routed)         3.059    22.875    data_ram/U0/synth_options.dist_mem_inst/gen_sp_ram.spram_inst/ram_reg_256_511_3_3/A1
    SLICE_X20Y164        RAMS64E (Prop_rams64e_ADR1_O)
                                                      0.306    23.181 r  data_ram/U0/synth_options.dist_mem_inst/gen_sp_ram.spram_inst/ram_reg_256_511_3_3/RAMS64E_D/O
                         net (fo=1, routed)           0.000    23.181    data_ram/U0/synth_options.dist_mem_inst/gen_sp_ram.spram_inst/ram_reg_256_511_3_3/OD
    SLICE_X20Y164        MUXF7 (Prop_muxf7_I0_O)      0.241    23.422 r  data_ram/U0/synth_options.dist_mem_inst/gen_sp_ram.spram_inst/ram_reg_256_511_3_3/F7.B/O
                         net (fo=1, routed)           0.000    23.422    data_ram/U0/synth_options.dist_mem_inst/gen_sp_ram.spram_inst/ram_reg_256_511_3_3/O0
    SLICE_X20Y164        MUXF8 (Prop_muxf8_I0_O)      0.098    23.520 r  data_ram/U0/synth_options.dist_mem_inst/gen_sp_ram.spram_inst/ram_reg_256_511_3_3/F8/O
                         net (fo=1, routed)           0.929    24.448    data_ram/U0/synth_options.dist_mem_inst/gen_sp_ram.spram_inst/ram_reg_256_511_3_3_n_0
    SLICE_X21Y156        LUT6 (Prop_lut6_I3_O)        0.319    24.767 r  data_ram/U0/synth_options.dist_mem_inst/gen_sp_ram.spram_inst/spo[3]_INST_0/O
                         net (fo=1, routed)           1.235    26.003    cpu/u_regfile/rf_reg_r1_0_31_30_31__0_0[2]
    SLICE_X49Y155        LUT6 (Prop_lut6_I5_O)        0.124    26.127 r  cpu/u_regfile/rf_reg_r1_0_31_0_5_i_25/O
                         net (fo=1, routed)           0.725    26.852    cpu/u_regfile/rf_reg_r1_0_31_0_5_i_25_n_0
    SLICE_X53Y156        LUT5 (Prop_lut5_I0_O)        0.124    26.976 r  cpu/u_regfile/rf_reg_r1_0_31_0_5_i_4/O
                         net (fo=2, routed)           1.152    28.128    cpu/u_regfile/rf_reg_r1_0_31_0_5/DIB1
    SLICE_X56Y180        RAMD32                                       r  cpu/u_regfile/rf_reg_r1_0_31_0_5/RAMB_D1/I
  -------------------------------------------------------------------    -------------------

                         (clock cpu_clk_clk_pll rise edge)
                                                     40.000    40.000 r  
    AC19                                              0.000    40.000 r  clk (IN)
                         net (fo=0)                   0.000    40.000    pll.clk_pll/inst/clk_in1
    AC19                 IBUF (Prop_ibuf_I_O)         1.414    41.414 r  pll.clk_pll/inst/clkin1_ibufg/O
                         net (fo=1, routed)           1.531    42.945    pll.clk_pll/inst/clk_in1_clk_pll
    PLLE2_ADV_X0Y2       PLLE2_ADV (Prop_plle2_adv_CLKIN1_CLKOUT0)
                                                     -8.262    34.684 r  pll.clk_pll/inst/plle2_adv_inst/CLKOUT0
                         net (fo=1, routed)           1.755    36.439    pll.clk_pll/inst/cpu_clk_clk_pll
    BUFGCTRL_X0Y0        BUFG (Prop_bufg_I_O)         0.091    36.530 r  pll.clk_pll/inst/clkout1_buf/O
                         net (fo=17726, routed)       1.528    38.058    cpu/u_regfile/rf_reg_r1_0_31_0_5/WCLK
    SLICE_X56Y180        RAMD32                                       r  cpu/u_regfile/rf_reg_r1_0_31_0_5/RAMB_D1/CLK
                         clock pessimism             -0.420    37.638    
                         clock uncertainty           -0.098    37.539    
    SLICE_X56Y180        RAMD32 (Setup_ramd32_CLK_I)
                                                     -0.228    37.311    cpu/u_regfile/rf_reg_r1_0_31_0_5/RAMB_D1
  -------------------------------------------------------------------
                         required time                         37.311    
                         arrival time                         -28.128    
  -------------------------------------------------------------------
                         slack                                  9.183    





Min Delay Paths
--------------------------------------------------------------------------------------
Slack (MET) :             0.089ns  (arrival time - required time)
  Source:                 u_confreg/key_count_reg[7]/C
                            (rising edge-triggered cell FDRE clocked by cpu_clk_clk_pll  {rise@0.000ns fall@20.000ns period=40.000ns})
  Destination:            u_confreg/key_count_reg[8]/D
                            (rising edge-triggered cell FDRE clocked by cpu_clk_clk_pll  {rise@0.000ns fall@20.000ns period=40.000ns})
  Path Group:             cpu_clk_clk_pll
  Path Type:              Hold (Min at Fast Process Corner)
  Requirement:            0.000ns  (cpu_clk_clk_pll rise@0.000ns - cpu_clk_clk_pll rise@0.000ns)
  Data Path Delay:        0.464ns  (logic 0.355ns (76.531%)  route 0.109ns (23.469%))
  Logic Levels:           2  (CARRY4=2)
  Clock Path Skew:        0.270ns (DCD - SCD - CPR)
    Destination Clock Delay (DCD):    -0.264ns
    Source Clock Delay      (SCD):    -0.503ns
    Clock Pessimism Removal (CPR):    -0.031ns

    Location             Delay type                Incr(ns)  Path(ns)    Netlist Resource(s)
  -------------------------------------------------------------------    -------------------
                         (clock cpu_clk_clk_pll rise edge)
                                                      0.000     0.000 r  
    AC19                                              0.000     0.000 r  clk (IN)
                         net (fo=0)                   0.000     0.000    pll.clk_pll/inst/clk_in1
    AC19                 IBUF (Prop_ibuf_I_O)         0.253     0.253 r  pll.clk_pll/inst/clkin1_ibufg/O
                         net (fo=1, routed)           0.565     0.818    pll.clk_pll/inst/clk_in1_clk_pll
    PLLE2_ADV_X0Y2       PLLE2_ADV (Prop_plle2_adv_CLKIN1_CLKOUT0)
                                                     -2.523    -1.705 r  pll.clk_pll/inst/plle2_adv_inst/CLKOUT0
                         net (fo=1, routed)           0.560    -1.146    pll.clk_pll/inst/cpu_clk_clk_pll
    BUFGCTRL_X0Y0        BUFG (Prop_bufg_I_O)         0.026    -1.120 r  pll.clk_pll/inst/clkout1_buf/O
                         net (fo=17726, routed)       0.617    -0.503    u_confreg/cpu_clk
    SLICE_X37Y149        FDRE                                         r  u_confreg/key_count_reg[7]/C
  -------------------------------------------------------------------    -------------------
    SLICE_X37Y149        FDRE (Prop_fdre_C_Q)         0.141    -0.362 r  u_confreg/key_count_reg[7]/Q
                         net (fo=1, routed)           0.108    -0.254    u_confreg/key_count_reg_n_0_[7]
    SLICE_X37Y149        CARRY4 (Prop_carry4_S[3]_CO[3])
                                                      0.160    -0.094 r  u_confreg/key_count_reg[4]_i_1/CO[3]
                         net (fo=1, routed)           0.001    -0.093    u_confreg/key_count_reg[4]_i_1_n_0
    SLICE_X37Y150        CARRY4 (Prop_carry4_CI_O[0])
                                                      0.054    -0.039 r  u_confreg/key_count_reg[8]_i_1/O[0]
                         net (fo=1, routed)           0.000    -0.039    u_confreg/key_count_reg[8]_i_1_n_7
    SLICE_X37Y150        FDRE                                         r  u_confreg/key_count_reg[8]/D
  -------------------------------------------------------------------    -------------------

                         (clock cpu_clk_clk_pll rise edge)
                                                      0.000     0.000 r  
    AC19                                              0.000     0.000 r  clk (IN)
                         net (fo=0)                   0.000     0.000    pll.clk_pll/inst/clk_in1
    AC19                 IBUF (Prop_ibuf_I_O)         0.441     0.441 r  pll.clk_pll/inst/clkin1_ibufg/O
                         net (fo=1, routed)           0.620     1.061    pll.clk_pll/inst/clk_in1_clk_pll
    PLLE2_ADV_X0Y2       PLLE2_ADV (Prop_plle2_adv_CLKIN1_CLKOUT0)
                                                     -2.851    -1.790 r  pll.clk_pll/inst/plle2_adv_inst/CLKOUT0
                         net (fo=1, routed)           0.611    -1.180    pll.clk_pll/inst/cpu_clk_clk_pll
    BUFGCTRL_X0Y0        BUFG (Prop_bufg_I_O)         0.029    -1.151 r  pll.clk_pll/inst/clkout1_buf/O
                         net (fo=17726, routed)       0.887    -0.264    u_confreg/cpu_clk
    SLICE_X37Y150        FDRE                                         r  u_confreg/key_count_reg[8]/C
                         clock pessimism              0.031    -0.233    
    SLICE_X37Y150        FDRE (Hold_fdre_C_D)         0.105    -0.128    u_confreg/key_count_reg[8]
  -------------------------------------------------------------------
                         required time                          0.128    
                         arrival time                          -0.039    
  -------------------------------------------------------------------
                         slack                                  0.089    

Slack (MET) :             0.100ns  (arrival time - required time)
  Source:                 u_confreg/key_count_reg[7]/C
                            (rising edge-triggered cell FDRE clocked by cpu_clk_clk_pll  {rise@0.000ns fall@20.000ns period=40.000ns})
  Destination:            u_confreg/key_count_reg[10]/D
                            (rising edge-triggered cell FDRE clocked by cpu_clk_clk_pll  {rise@0.000ns fall@20.000ns period=40.000ns})
  Path Group:             cpu_clk_clk_pll
  Path Type:              Hold (Min at Fast Process Corner)
  Requirement:            0.000ns  (cpu_clk_clk_pll rise@0.000ns - cpu_clk_clk_pll rise@0.000ns)
  Data Path Delay:        0.475ns  (logic 0.366ns (77.074%)  route 0.109ns (22.926%))
  Logic Levels:           2  (CARRY4=2)
  Clock Path Skew:        0.270ns (DCD - SCD - CPR)
    Destination Clock Delay (DCD):    -0.264ns
    Source Clock Delay      (SCD):    -0.503ns
    Clock Pessimism Removal (CPR):    -0.031ns

    Location             Delay type                Incr(ns)  Path(ns)    Netlist Resource(s)
  -------------------------------------------------------------------    -------------------
                         (clock cpu_clk_clk_pll rise edge)
                                                      0.000     0.000 r  
    AC19                                              0.000     0.000 r  clk (IN)
                         net (fo=0)                   0.000     0.000    pll.clk_pll/inst/clk_in1
    AC19                 IBUF (Prop_ibuf_I_O)         0.253     0.253 r  pll.clk_pll/inst/clkin1_ibufg/O
                         net (fo=1, routed)           0.565     0.818    pll.clk_pll/inst/clk_in1_clk_pll
    PLLE2_ADV_X0Y2       PLLE2_ADV (Prop_plle2_adv_CLKIN1_CLKOUT0)
                                                     -2.523    -1.705 r  pll.clk_pll/inst/plle2_adv_inst/CLKOUT0
                         net (fo=1, routed)           0.560    -1.146    pll.clk_pll/inst/cpu_clk_clk_pll
    BUFGCTRL_X0Y0        BUFG (Prop_bufg_I_O)         0.026    -1.120 r  pll.clk_pll/inst/clkout1_buf/O
                         net (fo=17726, routed)       0.617    -0.503    u_confreg/cpu_clk
    SLICE_X37Y149        FDRE                                         r  u_confreg/key_count_reg[7]/C
  -------------------------------------------------------------------    -------------------
    SLICE_X37Y149        FDRE (Prop_fdre_C_Q)         0.141    -0.362 r  u_confreg/key_count_reg[7]/Q
                         net (fo=1, routed)           0.108    -0.254    u_confreg/key_count_reg_n_0_[7]
    SLICE_X37Y149        CARRY4 (Prop_carry4_S[3]_CO[3])
                                                      0.160    -0.094 r  u_confreg/key_count_reg[4]_i_1/CO[3]
                         net (fo=1, routed)           0.001    -0.093    u_confreg/key_count_reg[4]_i_1_n_0
    SLICE_X37Y150        CARRY4 (Prop_carry4_CI_O[2])
                                                      0.065    -0.028 r  u_confreg/key_count_reg[8]_i_1/O[2]
                         net (fo=1, routed)           0.000    -0.028    u_confreg/key_count_reg[8]_i_1_n_5
    SLICE_X37Y150        FDRE                                         r  u_confreg/key_count_reg[10]/D
  -------------------------------------------------------------------    -------------------

                         (clock cpu_clk_clk_pll rise edge)
                                                      0.000     0.000 r  
    AC19                                              0.000     0.000 r  clk (IN)
                         net (fo=0)                   0.000     0.000    pll.clk_pll/inst/clk_in1
    AC19                 IBUF (Prop_ibuf_I_O)         0.441     0.441 r  pll.clk_pll/inst/clkin1_ibufg/O
                         net (fo=1, routed)           0.620     1.061    pll.clk_pll/inst/clk_in1_clk_pll
    PLLE2_ADV_X0Y2       PLLE2_ADV (Prop_plle2_adv_CLKIN1_CLKOUT0)
                                                     -2.851    -1.790 r  pll.clk_pll/inst/plle2_adv_inst/CLKOUT0
                         net (fo=1, routed)           0.611    -1.180    pll.clk_pll/inst/cpu_clk_clk_pll
    BUFGCTRL_X0Y0        BUFG (Prop_bufg_I_O)         0.029    -1.151 r  pll.clk_pll/inst/clkout1_buf/O
                         net (fo=17726, routed)       0.887    -0.264    u_confreg/cpu_clk
    SLICE_X37Y150        FDRE                                         r  u_confreg/key_count_reg[10]/C
                         clock pessimism              0.031    -0.233    
    SLICE_X37Y150        FDRE (Hold_fdre_C_D)         0.105    -0.128    u_confreg/key_count_reg[10]
  -------------------------------------------------------------------
                         required time                          0.128    
                         arrival time                          -0.028    
  -------------------------------------------------------------------
                         slack                                  0.100    

Slack (MET) :             0.119ns  (arrival time - required time)
  Source:                 u_confreg/timer_r1_reg[31]/C
                            (rising edge-triggered cell FDRE clocked by cpu_clk_clk_pll  {rise@0.000ns fall@20.000ns period=40.000ns})
  Destination:            u_confreg/timer_r2_reg[31]/D
                            (rising edge-triggered cell FDRE clocked by cpu_clk_clk_pll  {rise@0.000ns fall@20.000ns period=40.000ns})
  Path Group:             cpu_clk_clk_pll
  Path Type:              Hold (Min at Fast Process Corner)
  Requirement:            0.000ns  (cpu_clk_clk_pll rise@0.000ns - cpu_clk_clk_pll rise@0.000ns)
  Data Path Delay:        0.197ns  (logic 0.141ns (71.611%)  route 0.056ns (28.389%))
  Logic Levels:           0  
  Clock Path Skew:        0.000ns (DCD - SCD - CPR)
    Destination Clock Delay (DCD):    -0.304ns
    Source Clock Delay      (SCD):    -0.541ns
    Clock Pessimism Removal (CPR):    0.237ns

    Location             Delay type                Incr(ns)  Path(ns)    Netlist Resource(s)
  -------------------------------------------------------------------    -------------------
                         (clock cpu_clk_clk_pll rise edge)
                                                      0.000     0.000 r  
    AC19                                              0.000     0.000 r  clk (IN)
                         net (fo=0)                   0.000     0.000    pll.clk_pll/inst/clk_in1
    AC19                 IBUF (Prop_ibuf_I_O)         0.253     0.253 r  pll.clk_pll/inst/clkin1_ibufg/O
                         net (fo=1, routed)           0.565     0.818    pll.clk_pll/inst/clk_in1_clk_pll
    PLLE2_ADV_X0Y2       PLLE2_ADV (Prop_plle2_adv_CLKIN1_CLKOUT0)
                                                     -2.523    -1.705 r  pll.clk_pll/inst/plle2_adv_inst/CLKOUT0
                         net (fo=1, routed)           0.560    -1.146    pll.clk_pll/inst/cpu_clk_clk_pll
    BUFGCTRL_X0Y0        BUFG (Prop_bufg_I_O)         0.026    -1.120 r  pll.clk_pll/inst/clkout1_buf/O
                         net (fo=17726, routed)       0.579    -0.541    u_confreg/cpu_clk
    SLICE_X49Y166        FDRE                                         r  u_confreg/timer_r1_reg[31]/C
  -------------------------------------------------------------------    -------------------
    SLICE_X49Y166        FDRE (Prop_fdre_C_Q)         0.141    -0.400 r  u_confreg/timer_r1_reg[31]/Q
                         net (fo=1, routed)           0.056    -0.344    u_confreg/timer_r1[31]
    SLICE_X49Y166        FDRE                                         r  u_confreg/timer_r2_reg[31]/D
  -------------------------------------------------------------------    -------------------

                         (clock cpu_clk_clk_pll rise edge)
                                                      0.000     0.000 r  
    AC19                                              0.000     0.000 r  clk (IN)
                         net (fo=0)                   0.000     0.000    pll.clk_pll/inst/clk_in1
    AC19                 IBUF (Prop_ibuf_I_O)         0.441     0.441 r  pll.clk_pll/inst/clkin1_ibufg/O
                         net (fo=1, routed)           0.620     1.061    pll.clk_pll/inst/clk_in1_clk_pll
    PLLE2_ADV_X0Y2       PLLE2_ADV (Prop_plle2_adv_CLKIN1_CLKOUT0)
                                                     -2.851    -1.790 r  pll.clk_pll/inst/plle2_adv_inst/CLKOUT0
                         net (fo=1, routed)           0.611    -1.180    pll.clk_pll/inst/cpu_clk_clk_pll
    BUFGCTRL_X0Y0        BUFG (Prop_bufg_I_O)         0.029    -1.151 r  pll.clk_pll/inst/clkout1_buf/O
                         net (fo=17726, routed)       0.846    -0.304    u_confreg/cpu_clk
    SLICE_X49Y166        FDRE                                         r  u_confreg/timer_r2_reg[31]/C
                         clock pessimism             -0.237    -0.541    
    SLICE_X49Y166        FDRE (Hold_fdre_C_D)         0.078    -0.463    u_confreg/timer_r2_reg[31]
  -------------------------------------------------------------------
                         required time                          0.463    
                         arrival time                          -0.344    
  -------------------------------------------------------------------
                         slack                                  0.119    

Slack (MET) :             0.121ns  (arrival time - required time)
  Source:                 u_confreg/timer_r1_reg[29]/C
                            (rising edge-triggered cell FDRE clocked by cpu_clk_clk_pll  {rise@0.000ns fall@20.000ns period=40.000ns})
  Destination:            u_confreg/timer_r2_reg[29]/D
                            (rising edge-triggered cell FDRE clocked by cpu_clk_clk_pll  {rise@0.000ns fall@20.000ns period=40.000ns})
  Path Group:             cpu_clk_clk_pll
  Path Type:              Hold (Min at Fast Process Corner)
  Requirement:            0.000ns  (cpu_clk_clk_pll rise@0.000ns - cpu_clk_clk_pll rise@0.000ns)
  Data Path Delay:        0.197ns  (logic 0.141ns (71.611%)  route 0.056ns (28.389%))
  Logic Levels:           0  
  Clock Path Skew:        0.000ns (DCD - SCD - CPR)
    Destination Clock Delay (DCD):    -0.304ns
    Source Clock Delay      (SCD):    -0.541ns
    Clock Pessimism Removal (CPR):    0.237ns

    Location             Delay type                Incr(ns)  Path(ns)    Netlist Resource(s)
  -------------------------------------------------------------------    -------------------
                         (clock cpu_clk_clk_pll rise edge)
                                                      0.000     0.000 r  
    AC19                                              0.000     0.000 r  clk (IN)
                         net (fo=0)                   0.000     0.000    pll.clk_pll/inst/clk_in1
    AC19                 IBUF (Prop_ibuf_I_O)         0.253     0.253 r  pll.clk_pll/inst/clkin1_ibufg/O
                         net (fo=1, routed)           0.565     0.818    pll.clk_pll/inst/clk_in1_clk_pll
    PLLE2_ADV_X0Y2       PLLE2_ADV (Prop_plle2_adv_CLKIN1_CLKOUT0)
                                                     -2.523    -1.705 r  pll.clk_pll/inst/plle2_adv_inst/CLKOUT0
                         net (fo=1, routed)           0.560    -1.146    pll.clk_pll/inst/cpu_clk_clk_pll
    BUFGCTRL_X0Y0        BUFG (Prop_bufg_I_O)         0.026    -1.120 r  pll.clk_pll/inst/clkout1_buf/O
                         net (fo=17726, routed)       0.579    -0.541    u_confreg/cpu_clk
    SLICE_X49Y166        FDRE                                         r  u_confreg/timer_r1_reg[29]/C
  -------------------------------------------------------------------    -------------------
    SLICE_X49Y166        FDRE (Prop_fdre_C_Q)         0.141    -0.400 r  u_confreg/timer_r1_reg[29]/Q
                         net (fo=1, routed)           0.056    -0.344    u_confreg/timer_r1[29]
    SLICE_X49Y166        FDRE                                         r  u_confreg/timer_r2_reg[29]/D
  -------------------------------------------------------------------    -------------------

                         (clock cpu_clk_clk_pll rise edge)
                                                      0.000     0.000 r  
    AC19                                              0.000     0.000 r  clk (IN)
                         net (fo=0)                   0.000     0.000    pll.clk_pll/inst/clk_in1
    AC19                 IBUF (Prop_ibuf_I_O)         0.441     0.441 r  pll.clk_pll/inst/clkin1_ibufg/O
                         net (fo=1, routed)           0.620     1.061    pll.clk_pll/inst/clk_in1_clk_pll
    PLLE2_ADV_X0Y2       PLLE2_ADV (Prop_plle2_adv_CLKIN1_CLKOUT0)
                                                     -2.851    -1.790 r  pll.clk_pll/inst/plle2_adv_inst/CLKOUT0
                         net (fo=1, routed)           0.611    -1.180    pll.clk_pll/inst/cpu_clk_clk_pll
    BUFGCTRL_X0Y0        BUFG (Prop_bufg_I_O)         0.029    -1.151 r  pll.clk_pll/inst/clkout1_buf/O
                         net (fo=17726, routed)       0.846    -0.304    u_confreg/cpu_clk
    SLICE_X49Y166        FDRE                                         r  u_confreg/timer_r2_reg[29]/C
                         clock pessimism             -0.237    -0.541    
    SLICE_X49Y166        FDRE (Hold_fdre_C_D)         0.076    -0.465    u_confreg/timer_r2_reg[29]
  -------------------------------------------------------------------
                         required time                          0.465    
                         arrival time                          -0.344    
  -------------------------------------------------------------------
                         slack                                  0.121    

Slack (MET) :             0.122ns  (arrival time - required time)
  Source:                 u_confreg/timer_r1_reg[16]/C
                            (rising edge-triggered cell FDRE clocked by cpu_clk_clk_pll  {rise@0.000ns fall@20.000ns period=40.000ns})
  Destination:            u_confreg/timer_r2_reg[16]/D
                            (rising edge-triggered cell FDRE clocked by cpu_clk_clk_pll  {rise@0.000ns fall@20.000ns period=40.000ns})
  Path Group:             cpu_clk_clk_pll
  Path Type:              Hold (Min at Fast Process Corner)
  Requirement:            0.000ns  (cpu_clk_clk_pll rise@0.000ns - cpu_clk_clk_pll rise@0.000ns)
  Data Path Delay:        0.197ns  (logic 0.141ns (71.611%)  route 0.056ns (28.389%))
  Logic Levels:           0  
  Clock Path Skew:        0.000ns (DCD - SCD - CPR)
    Destination Clock Delay (DCD):    -0.304ns
    Source Clock Delay      (SCD):    -0.541ns
    Clock Pessimism Removal (CPR):    0.237ns

    Location             Delay type                Incr(ns)  Path(ns)    Netlist Resource(s)
  -------------------------------------------------------------------    -------------------
                         (clock cpu_clk_clk_pll rise edge)
                                                      0.000     0.000 r  
    AC19                                              0.000     0.000 r  clk (IN)
                         net (fo=0)                   0.000     0.000    pll.clk_pll/inst/clk_in1
    AC19                 IBUF (Prop_ibuf_I_O)         0.253     0.253 r  pll.clk_pll/inst/clkin1_ibufg/O
                         net (fo=1, routed)           0.565     0.818    pll.clk_pll/inst/clk_in1_clk_pll
    PLLE2_ADV_X0Y2       PLLE2_ADV (Prop_plle2_adv_CLKIN1_CLKOUT0)
                                                     -2.523    -1.705 r  pll.clk_pll/inst/plle2_adv_inst/CLKOUT0
                         net (fo=1, routed)           0.560    -1.146    pll.clk_pll/inst/cpu_clk_clk_pll
    BUFGCTRL_X0Y0        BUFG (Prop_bufg_I_O)         0.026    -1.120 r  pll.clk_pll/inst/clkout1_buf/O
                         net (fo=17726, routed)       0.579    -0.541    u_confreg/cpu_clk
    SLICE_X49Y166        FDRE                                         r  u_confreg/timer_r1_reg[16]/C
  -------------------------------------------------------------------    -------------------
    SLICE_X49Y166        FDRE (Prop_fdre_C_Q)         0.141    -0.400 r  u_confreg/timer_r1_reg[16]/Q
                         net (fo=1, routed)           0.056    -0.344    u_confreg/timer_r1[16]
    SLICE_X49Y166        FDRE                                         r  u_confreg/timer_r2_reg[16]/D
  -------------------------------------------------------------------    -------------------

                         (clock cpu_clk_clk_pll rise edge)
                                                      0.000     0.000 r  
    AC19                                              0.000     0.000 r  clk (IN)
                         net (fo=0)                   0.000     0.000    pll.clk_pll/inst/clk_in1
    AC19                 IBUF (Prop_ibuf_I_O)         0.441     0.441 r  pll.clk_pll/inst/clkin1_ibufg/O
                         net (fo=1, routed)           0.620     1.061    pll.clk_pll/inst/clk_in1_clk_pll
    PLLE2_ADV_X0Y2       PLLE2_ADV (Prop_plle2_adv_CLKIN1_CLKOUT0)
                                                     -2.851    -1.790 r  pll.clk_pll/inst/plle2_adv_inst/CLKOUT0
                         net (fo=1, routed)           0.611    -1.180    pll.clk_pll/inst/cpu_clk_clk_pll
    BUFGCTRL_X0Y0        BUFG (Prop_bufg_I_O)         0.029    -1.151 r  pll.clk_pll/inst/clkout1_buf/O
                         net (fo=17726, routed)       0.846    -0.304    u_confreg/cpu_clk
    SLICE_X49Y166        FDRE                                         r  u_confreg/timer_r2_reg[16]/C
                         clock pessimism             -0.237    -0.541    
    SLICE_X49Y166        FDRE (Hold_fdre_C_D)         0.075    -0.466    u_confreg/timer_r2_reg[16]
  -------------------------------------------------------------------
                         required time                          0.466    
                         arrival time                          -0.344    
  -------------------------------------------------------------------
                         slack                                  0.122    

Slack (MET) :             0.125ns  (arrival time - required time)
  Source:                 u_confreg/key_count_reg[7]/C
                            (rising edge-triggered cell FDRE clocked by cpu_clk_clk_pll  {rise@0.000ns fall@20.000ns period=40.000ns})
  Destination:            u_confreg/key_count_reg[11]/D
                            (rising edge-triggered cell FDRE clocked by cpu_clk_clk_pll  {rise@0.000ns fall@20.000ns period=40.000ns})
  Path Group:             cpu_clk_clk_pll
  Path Type:              Hold (Min at Fast Process Corner)
  Requirement:            0.000ns  (cpu_clk_clk_pll rise@0.000ns - cpu_clk_clk_pll rise@0.000ns)
  Data Path Delay:        0.500ns  (logic 0.391ns (78.221%)  route 0.109ns (21.779%))
  Logic Levels:           2  (CARRY4=2)
  Clock Path Skew:        0.270ns (DCD - SCD - CPR)
    Destination Clock Delay (DCD):    -0.264ns
    Source Clock Delay      (SCD):    -0.503ns
    Clock Pessimism Removal (CPR):    -0.031ns

    Location             Delay type                Incr(ns)  Path(ns)    Netlist Resource(s)
  -------------------------------------------------------------------    -------------------
                         (clock cpu_clk_clk_pll rise edge)
                                                      0.000     0.000 r  
    AC19                                              0.000     0.000 r  clk (IN)
                         net (fo=0)                   0.000     0.000    pll.clk_pll/inst/clk_in1
    AC19                 IBUF (Prop_ibuf_I_O)         0.253     0.253 r  pll.clk_pll/inst/clkin1_ibufg/O
                         net (fo=1, routed)           0.565     0.818    pll.clk_pll/inst/clk_in1_clk_pll
    PLLE2_ADV_X0Y2       PLLE2_ADV (Prop_plle2_adv_CLKIN1_CLKOUT0)
                                                     -2.523    -1.705 r  pll.clk_pll/inst/plle2_adv_inst/CLKOUT0
                         net (fo=1, routed)           0.560    -1.146    pll.clk_pll/inst/cpu_clk_clk_pll
    BUFGCTRL_X0Y0        BUFG (Prop_bufg_I_O)         0.026    -1.120 r  pll.clk_pll/inst/clkout1_buf/O
                         net (fo=17726, routed)       0.617    -0.503    u_confreg/cpu_clk
    SLICE_X37Y149        FDRE                                         r  u_confreg/key_count_reg[7]/C
  -------------------------------------------------------------------    -------------------
    SLICE_X37Y149        FDRE (Prop_fdre_C_Q)         0.141    -0.362 r  u_confreg/key_count_reg[7]/Q
                         net (fo=1, routed)           0.108    -0.254    u_confreg/key_count_reg_n_0_[7]
    SLICE_X37Y149        CARRY4 (Prop_carry4_S[3]_CO[3])
                                                      0.160    -0.094 r  u_confreg/key_count_reg[4]_i_1/CO[3]
                         net (fo=1, routed)           0.001    -0.093    u_confreg/key_count_reg[4]_i_1_n_0
    SLICE_X37Y150        CARRY4 (Prop_carry4_CI_O[3])
                                                      0.090    -0.003 r  u_confreg/key_count_reg[8]_i_1/O[3]
                         net (fo=1, routed)           0.000    -0.003    u_confreg/key_count_reg[8]_i_1_n_4
    SLICE_X37Y150        FDRE                                         r  u_confreg/key_count_reg[11]/D
  -------------------------------------------------------------------    -------------------

                         (clock cpu_clk_clk_pll rise edge)
                                                      0.000     0.000 r  
    AC19                                              0.000     0.000 r  clk (IN)
                         net (fo=0)                   0.000     0.000    pll.clk_pll/inst/clk_in1
    AC19                 IBUF (Prop_ibuf_I_O)         0.441     0.441 r  pll.clk_pll/inst/clkin1_ibufg/O
                         net (fo=1, routed)           0.620     1.061    pll.clk_pll/inst/clk_in1_clk_pll
    PLLE2_ADV_X0Y2       PLLE2_ADV (Prop_plle2_adv_CLKIN1_CLKOUT0)
                                                     -2.851    -1.790 r  pll.clk_pll/inst/plle2_adv_inst/CLKOUT0
                         net (fo=1, routed)           0.611    -1.180    pll.clk_pll/inst/cpu_clk_clk_pll
    BUFGCTRL_X0Y0        BUFG (Prop_bufg_I_O)         0.029    -1.151 r  pll.clk_pll/inst/clkout1_buf/O
                         net (fo=17726, routed)       0.887    -0.264    u_confreg/cpu_clk
    SLICE_X37Y150        FDRE                                         r  u_confreg/key_count_reg[11]/C
                         clock pessimism              0.031    -0.233    
    SLICE_X37Y150        FDRE (Hold_fdre_C_D)         0.105    -0.128    u_confreg/key_count_reg[11]
  -------------------------------------------------------------------
                         required time                          0.128    
                         arrival time                          -0.003    
  -------------------------------------------------------------------
                         slack                                  0.125    

Slack (MET) :             0.125ns  (arrival time - required time)
  Source:                 u_confreg/key_count_reg[7]/C
                            (rising edge-triggered cell FDRE clocked by cpu_clk_clk_pll  {rise@0.000ns fall@20.000ns period=40.000ns})
  Destination:            u_confreg/key_count_reg[9]/D
                            (rising edge-triggered cell FDRE clocked by cpu_clk_clk_pll  {rise@0.000ns fall@20.000ns period=40.000ns})
  Path Group:             cpu_clk_clk_pll
  Path Type:              Hold (Min at Fast Process Corner)
  Requirement:            0.000ns  (cpu_clk_clk_pll rise@0.000ns - cpu_clk_clk_pll rise@0.000ns)
  Data Path Delay:        0.500ns  (logic 0.391ns (78.221%)  route 0.109ns (21.779%))
  Logic Levels:           2  (CARRY4=2)
  Clock Path Skew:        0.270ns (DCD - SCD - CPR)
    Destination Clock Delay (DCD):    -0.264ns
    Source Clock Delay      (SCD):    -0.503ns
    Clock Pessimism Removal (CPR):    -0.031ns

    Location             Delay type                Incr(ns)  Path(ns)    Netlist Resource(s)
  -------------------------------------------------------------------    -------------------
                         (clock cpu_clk_clk_pll rise edge)
                                                      0.000     0.000 r  
    AC19                                              0.000     0.000 r  clk (IN)
                         net (fo=0)                   0.000     0.000    pll.clk_pll/inst/clk_in1
    AC19                 IBUF (Prop_ibuf_I_O)         0.253     0.253 r  pll.clk_pll/inst/clkin1_ibufg/O
                         net (fo=1, routed)           0.565     0.818    pll.clk_pll/inst/clk_in1_clk_pll
    PLLE2_ADV_X0Y2       PLLE2_ADV (Prop_plle2_adv_CLKIN1_CLKOUT0)
                                                     -2.523    -1.705 r  pll.clk_pll/inst/plle2_adv_inst/CLKOUT0
                         net (fo=1, routed)           0.560    -1.146    pll.clk_pll/inst/cpu_clk_clk_pll
    BUFGCTRL_X0Y0        BUFG (Prop_bufg_I_O)         0.026    -1.120 r  pll.clk_pll/inst/clkout1_buf/O
                         net (fo=17726, routed)       0.617    -0.503    u_confreg/cpu_clk
    SLICE_X37Y149        FDRE                                         r  u_confreg/key_count_reg[7]/C
  -------------------------------------------------------------------    -------------------
    SLICE_X37Y149        FDRE (Prop_fdre_C_Q)         0.141    -0.362 r  u_confreg/key_count_reg[7]/Q
                         net (fo=1, routed)           0.108    -0.254    u_confreg/key_count_reg_n_0_[7]
    SLICE_X37Y149        CARRY4 (Prop_carry4_S[3]_CO[3])
                                                      0.160    -0.094 r  u_confreg/key_count_reg[4]_i_1/CO[3]
                         net (fo=1, routed)           0.001    -0.093    u_confreg/key_count_reg[4]_i_1_n_0
    SLICE_X37Y150        CARRY4 (Prop_carry4_CI_O[1])
                                                      0.090    -0.003 r  u_confreg/key_count_reg[8]_i_1/O[1]
                         net (fo=1, routed)           0.000    -0.003    u_confreg/key_count_reg[8]_i_1_n_6
    SLICE_X37Y150        FDRE                                         r  u_confreg/key_count_reg[9]/D
  -------------------------------------------------------------------    -------------------

                         (clock cpu_clk_clk_pll rise edge)
                                                      0.000     0.000 r  
    AC19                                              0.000     0.000 r  clk (IN)
                         net (fo=0)                   0.000     0.000    pll.clk_pll/inst/clk_in1
    AC19                 IBUF (Prop_ibuf_I_O)         0.441     0.441 r  pll.clk_pll/inst/clkin1_ibufg/O
                         net (fo=1, routed)           0.620     1.061    pll.clk_pll/inst/clk_in1_clk_pll
    PLLE2_ADV_X0Y2       PLLE2_ADV (Prop_plle2_adv_CLKIN1_CLKOUT0)
                                                     -2.851    -1.790 r  pll.clk_pll/inst/plle2_adv_inst/CLKOUT0
                         net (fo=1, routed)           0.611    -1.180    pll.clk_pll/inst/cpu_clk_clk_pll
    BUFGCTRL_X0Y0        BUFG (Prop_bufg_I_O)         0.029    -1.151 r  pll.clk_pll/inst/clkout1_buf/O
                         net (fo=17726, routed)       0.887    -0.264    u_confreg/cpu_clk
    SLICE_X37Y150        FDRE                                         r  u_confreg/key_count_reg[9]/C
                         clock pessimism              0.031    -0.233    
    SLICE_X37Y150        FDRE (Hold_fdre_C_D)         0.105    -0.128    u_confreg/key_count_reg[9]
  -------------------------------------------------------------------
                         required time                          0.128    
                         arrival time                          -0.003    
  -------------------------------------------------------------------
                         slack                                  0.125    

Slack (MET) :             0.126ns  (arrival time - required time)
  Source:                 u_confreg/timer_r1_reg[28]/C
                            (rising edge-triggered cell FDRE clocked by cpu_clk_clk_pll  {rise@0.000ns fall@20.000ns period=40.000ns})
  Destination:            u_confreg/timer_r2_reg[28]/D
                            (rising edge-triggered cell FDRE clocked by cpu_clk_clk_pll  {rise@0.000ns fall@20.000ns period=40.000ns})
  Path Group:             cpu_clk_clk_pll
  Path Type:              Hold (Min at Fast Process Corner)
  Requirement:            0.000ns  (cpu_clk_clk_pll rise@0.000ns - cpu_clk_clk_pll rise@0.000ns)
  Data Path Delay:        0.197ns  (logic 0.141ns (71.611%)  route 0.056ns (28.389%))
  Logic Levels:           0  
  Clock Path Skew:        0.000ns (DCD - SCD - CPR)
    Destination Clock Delay (DCD):    -0.304ns
    Source Clock Delay      (SCD):    -0.541ns
    Clock Pessimism Removal (CPR):    0.237ns

    Location             Delay type                Incr(ns)  Path(ns)    Netlist Resource(s)
  -------------------------------------------------------------------    -------------------
                         (clock cpu_clk_clk_pll rise edge)
                                                      0.000     0.000 r  
    AC19                                              0.000     0.000 r  clk (IN)
                         net (fo=0)                   0.000     0.000    pll.clk_pll/inst/clk_in1
    AC19                 IBUF (Prop_ibuf_I_O)         0.253     0.253 r  pll.clk_pll/inst/clkin1_ibufg/O
                         net (fo=1, routed)           0.565     0.818    pll.clk_pll/inst/clk_in1_clk_pll
    PLLE2_ADV_X0Y2       PLLE2_ADV (Prop_plle2_adv_CLKIN1_CLKOUT0)
                                                     -2.523    -1.705 r  pll.clk_pll/inst/plle2_adv_inst/CLKOUT0
                         net (fo=1, routed)           0.560    -1.146    pll.clk_pll/inst/cpu_clk_clk_pll
    BUFGCTRL_X0Y0        BUFG (Prop_bufg_I_O)         0.026    -1.120 r  pll.clk_pll/inst/clkout1_buf/O
                         net (fo=17726, routed)       0.579    -0.541    u_confreg/cpu_clk
    SLICE_X49Y166        FDRE                                         r  u_confreg/timer_r1_reg[28]/C
  -------------------------------------------------------------------    -------------------
    SLICE_X49Y166        FDRE (Prop_fdre_C_Q)         0.141    -0.400 r  u_confreg/timer_r1_reg[28]/Q
                         net (fo=1, routed)           0.056    -0.344    u_confreg/timer_r1[28]
    SLICE_X49Y166        FDRE                                         r  u_confreg/timer_r2_reg[28]/D
  -------------------------------------------------------------------    -------------------

                         (clock cpu_clk_clk_pll rise edge)
                                                      0.000     0.000 r  
    AC19                                              0.000     0.000 r  clk (IN)
                         net (fo=0)                   0.000     0.000    pll.clk_pll/inst/clk_in1
    AC19                 IBUF (Prop_ibuf_I_O)         0.441     0.441 r  pll.clk_pll/inst/clkin1_ibufg/O
                         net (fo=1, routed)           0.620     1.061    pll.clk_pll/inst/clk_in1_clk_pll
    PLLE2_ADV_X0Y2       PLLE2_ADV (Prop_plle2_adv_CLKIN1_CLKOUT0)
                                                     -2.851    -1.790 r  pll.clk_pll/inst/plle2_adv_inst/CLKOUT0
                         net (fo=1, routed)           0.611    -1.180    pll.clk_pll/inst/cpu_clk_clk_pll
    BUFGCTRL_X0Y0        BUFG (Prop_bufg_I_O)         0.029    -1.151 r  pll.clk_pll/inst/clkout1_buf/O
                         net (fo=17726, routed)       0.846    -0.304    u_confreg/cpu_clk
    SLICE_X49Y166        FDRE                                         r  u_confreg/timer_r2_reg[28]/C
                         clock pessimism             -0.237    -0.541    
    SLICE_X49Y166        FDRE (Hold_fdre_C_D)         0.071    -0.470    u_confreg/timer_r2_reg[28]
  -------------------------------------------------------------------
                         required time                          0.470    
                         arrival time                          -0.344    
  -------------------------------------------------------------------
                         slack                                  0.126    

Slack (MET) :             0.128ns  (arrival time - required time)
  Source:                 u_confreg/key_count_reg[7]/C
                            (rising edge-triggered cell FDRE clocked by cpu_clk_clk_pll  {rise@0.000ns fall@20.000ns period=40.000ns})
  Destination:            u_confreg/key_count_reg[12]/D
                            (rising edge-triggered cell FDRE clocked by cpu_clk_clk_pll  {rise@0.000ns fall@20.000ns period=40.000ns})
  Path Group:             cpu_clk_clk_pll
  Path Type:              Hold (Min at Fast Process Corner)
  Requirement:            0.000ns  (cpu_clk_clk_pll rise@0.000ns - cpu_clk_clk_pll rise@0.000ns)
  Data Path Delay:        0.503ns  (logic 0.394ns (78.351%)  route 0.109ns (21.649%))
  Logic Levels:           3  (CARRY4=3)
  Clock Path Skew:        0.270ns (DCD - SCD - CPR)
    Destination Clock Delay (DCD):    -0.264ns
    Source Clock Delay      (SCD):    -0.503ns
    Clock Pessimism Removal (CPR):    -0.031ns

    Location             Delay type                Incr(ns)  Path(ns)    Netlist Resource(s)
  -------------------------------------------------------------------    -------------------
                         (clock cpu_clk_clk_pll rise edge)
                                                      0.000     0.000 r  
    AC19                                              0.000     0.000 r  clk (IN)
                         net (fo=0)                   0.000     0.000    pll.clk_pll/inst/clk_in1
    AC19                 IBUF (Prop_ibuf_I_O)         0.253     0.253 r  pll.clk_pll/inst/clkin1_ibufg/O
                         net (fo=1, routed)           0.565     0.818    pll.clk_pll/inst/clk_in1_clk_pll
    PLLE2_ADV_X0Y2       PLLE2_ADV (Prop_plle2_adv_CLKIN1_CLKOUT0)
                                                     -2.523    -1.705 r  pll.clk_pll/inst/plle2_adv_inst/CLKOUT0
                         net (fo=1, routed)           0.560    -1.146    pll.clk_pll/inst/cpu_clk_clk_pll
    BUFGCTRL_X0Y0        BUFG (Prop_bufg_I_O)         0.026    -1.120 r  pll.clk_pll/inst/clkout1_buf/O
                         net (fo=17726, routed)       0.617    -0.503    u_confreg/cpu_clk
    SLICE_X37Y149        FDRE                                         r  u_confreg/key_count_reg[7]/C
  -------------------------------------------------------------------    -------------------
    SLICE_X37Y149        FDRE (Prop_fdre_C_Q)         0.141    -0.362 r  u_confreg/key_count_reg[7]/Q
                         net (fo=1, routed)           0.108    -0.254    u_confreg/key_count_reg_n_0_[7]
    SLICE_X37Y149        CARRY4 (Prop_carry4_S[3]_CO[3])
                                                      0.160    -0.094 r  u_confreg/key_count_reg[4]_i_1/CO[3]
                         net (fo=1, routed)           0.001    -0.093    u_confreg/key_count_reg[4]_i_1_n_0
    SLICE_X37Y150        CARRY4 (Prop_carry4_CI_CO[3])
                                                      0.039    -0.054 r  u_confreg/key_count_reg[8]_i_1/CO[3]
                         net (fo=1, routed)           0.000    -0.054    u_confreg/key_count_reg[8]_i_1_n_0
    SLICE_X37Y151        CARRY4 (Prop_carry4_CI_O[0])
                                                      0.054    -0.000 r  u_confreg/key_count_reg[12]_i_1/O[0]
                         net (fo=1, routed)           0.000    -0.000    u_confreg/key_count_reg[12]_i_1_n_7
    SLICE_X37Y151        FDRE                                         r  u_confreg/key_count_reg[12]/D
  -------------------------------------------------------------------    -------------------

                         (clock cpu_clk_clk_pll rise edge)
                                                      0.000     0.000 r  
    AC19                                              0.000     0.000 r  clk (IN)
                         net (fo=0)                   0.000     0.000    pll.clk_pll/inst/clk_in1
    AC19                 IBUF (Prop_ibuf_I_O)         0.441     0.441 r  pll.clk_pll/inst/clkin1_ibufg/O
                         net (fo=1, routed)           0.620     1.061    pll.clk_pll/inst/clk_in1_clk_pll
    PLLE2_ADV_X0Y2       PLLE2_ADV (Prop_plle2_adv_CLKIN1_CLKOUT0)
                                                     -2.851    -1.790 r  pll.clk_pll/inst/plle2_adv_inst/CLKOUT0
                         net (fo=1, routed)           0.611    -1.180    pll.clk_pll/inst/cpu_clk_clk_pll
    BUFGCTRL_X0Y0        BUFG (Prop_bufg_I_O)         0.029    -1.151 r  pll.clk_pll/inst/clkout1_buf/O
                         net (fo=17726, routed)       0.887    -0.264    u_confreg/cpu_clk
    SLICE_X37Y151        FDRE                                         r  u_confreg/key_count_reg[12]/C
                         clock pessimism              0.031    -0.233    
    SLICE_X37Y151        FDRE (Hold_fdre_C_D)         0.105    -0.128    u_confreg/key_count_reg[12]
  -------------------------------------------------------------------
                         required time                          0.128    
                         arrival time                          -0.000    
  -------------------------------------------------------------------
                         slack                                  0.128    

Slack (MET) :             0.139ns  (arrival time - required time)
  Source:                 u_confreg/key_count_reg[7]/C
                            (rising edge-triggered cell FDRE clocked by cpu_clk_clk_pll  {rise@0.000ns fall@20.000ns period=40.000ns})
  Destination:            u_confreg/key_count_reg[14]/D
                            (rising edge-triggered cell FDRE clocked by cpu_clk_clk_pll  {rise@0.000ns fall@20.000ns period=40.000ns})
  Path Group:             cpu_clk_clk_pll
  Path Type:              Hold (Min at Fast Process Corner)
  Requirement:            0.000ns  (cpu_clk_clk_pll rise@0.000ns - cpu_clk_clk_pll rise@0.000ns)
  Data Path Delay:        0.514ns  (logic 0.405ns (78.814%)  route 0.109ns (21.186%))
  Logic Levels:           3  (CARRY4=3)
  Clock Path Skew:        0.270ns (DCD - SCD - CPR)
    Destination Clock Delay (DCD):    -0.264ns
    Source Clock Delay      (SCD):    -0.503ns
    Clock Pessimism Removal (CPR):    -0.031ns

    Location             Delay type                Incr(ns)  Path(ns)    Netlist Resource(s)
  -------------------------------------------------------------------    -------------------
                         (clock cpu_clk_clk_pll rise edge)
                                                      0.000     0.000 r  
    AC19                                              0.000     0.000 r  clk (IN)
                         net (fo=0)                   0.000     0.000    pll.clk_pll/inst/clk_in1
    AC19                 IBUF (Prop_ibuf_I_O)         0.253     0.253 r  pll.clk_pll/inst/clkin1_ibufg/O
                         net (fo=1, routed)           0.565     0.818    pll.clk_pll/inst/clk_in1_clk_pll
    PLLE2_ADV_X0Y2       PLLE2_ADV (Prop_plle2_adv_CLKIN1_CLKOUT0)
                                                     -2.523    -1.705 r  pll.clk_pll/inst/plle2_adv_inst/CLKOUT0
                         net (fo=1, routed)           0.560    -1.146    pll.clk_pll/inst/cpu_clk_clk_pll
    BUFGCTRL_X0Y0        BUFG (Prop_bufg_I_O)         0.026    -1.120 r  pll.clk_pll/inst/clkout1_buf/O
                         net (fo=17726, routed)       0.617    -0.503    u_confreg/cpu_clk
    SLICE_X37Y149        FDRE                                         r  u_confreg/key_count_reg[7]/C
  -------------------------------------------------------------------    -------------------
    SLICE_X37Y149        FDRE (Prop_fdre_C_Q)         0.141    -0.362 r  u_confreg/key_count_reg[7]/Q
                         net (fo=1, routed)           0.108    -0.254    u_confreg/key_count_reg_n_0_[7]
    SLICE_X37Y149        CARRY4 (Prop_carry4_S[3]_CO[3])
                                                      0.160    -0.094 r  u_confreg/key_count_reg[4]_i_1/CO[3]
                         net (fo=1, routed)           0.001    -0.093    u_confreg/key_count_reg[4]_i_1_n_0
    SLICE_X37Y150        CARRY4 (Prop_carry4_CI_CO[3])
                                                      0.039    -0.054 r  u_confreg/key_count_reg[8]_i_1/CO[3]
                         net (fo=1, routed)           0.000    -0.054    u_confreg/key_count_reg[8]_i_1_n_0
    SLICE_X37Y151        CARRY4 (Prop_carry4_CI_O[2])
                                                      0.065     0.011 r  u_confreg/key_count_reg[12]_i_1/O[2]
                         net (fo=1, routed)           0.000     0.011    u_confreg/key_count_reg[12]_i_1_n_5
    SLICE_X37Y151        FDRE                                         r  u_confreg/key_count_reg[14]/D
  -------------------------------------------------------------------    -------------------

                         (clock cpu_clk_clk_pll rise edge)
                                                      0.000     0.000 r  
    AC19                                              0.000     0.000 r  clk (IN)
                         net (fo=0)                   0.000     0.000    pll.clk_pll/inst/clk_in1
    AC19                 IBUF (Prop_ibuf_I_O)         0.441     0.441 r  pll.clk_pll/inst/clkin1_ibufg/O
                         net (fo=1, routed)           0.620     1.061    pll.clk_pll/inst/clk_in1_clk_pll
    PLLE2_ADV_X0Y2       PLLE2_ADV (Prop_plle2_adv_CLKIN1_CLKOUT0)
                                                     -2.851    -1.790 r  pll.clk_pll/inst/plle2_adv_inst/CLKOUT0
                         net (fo=1, routed)           0.611    -1.180    pll.clk_pll/inst/cpu_clk_clk_pll
    BUFGCTRL_X0Y0        BUFG (Prop_bufg_I_O)         0.029    -1.151 r  pll.clk_pll/inst/clkout1_buf/O
                         net (fo=17726, routed)       0.887    -0.264    u_confreg/cpu_clk
    SLICE_X37Y151        FDRE                                         r  u_confreg/key_count_reg[14]/C
                         clock pessimism              0.031    -0.233    
    SLICE_X37Y151        FDRE (Hold_fdre_C_D)         0.105    -0.128    u_confreg/key_count_reg[14]
  -------------------------------------------------------------------
                         required time                          0.128    
                         arrival time                           0.011    
  -------------------------------------------------------------------
                         slack                                  0.139    





Pulse Width Checks
--------------------------------------------------------------------------------------
Clock Name:         cpu_clk_clk_pll
Waveform(ns):       { 0.000 20.000 }
Period(ns):         40.000
Sources:            { pll.clk_pll/inst/plle2_adv_inst/CLKOUT0 }

Check Type        Corner  Lib Pin            Reference Pin  Required(ns)  Actual(ns)  Slack(ns)  Location        Pin
Min Period        n/a     BUFG/I             n/a            2.155         40.000      37.845     BUFGCTRL_X0Y0   pll.clk_pll/inst/clkout1_buf/I
Min Period        n/a     PLLE2_ADV/CLKOUT0  n/a            1.249         40.000      38.751     PLLE2_ADV_X0Y2  pll.clk_pll/inst/plle2_adv_inst/CLKOUT0
Min Period        n/a     FDRE/C             n/a            1.000         40.000      39.000     SLICE_X45Y149   cpu_resetn_reg/C
Min Period        n/a     FDRE/C             n/a            1.000         40.000      39.000     SLICE_X63Y149   cpu/pc_reg[0]/C
Min Period        n/a     FDSE/C             n/a            1.000         40.000      39.000     SLICE_X61Y153   cpu/pc_reg[10]/C
Min Period        n/a     FDSE/C             n/a            1.000         40.000      39.000     SLICE_X61Y153   cpu/pc_reg[11]/C
Min Period        n/a     FDSE/C             n/a            1.000         40.000      39.000     SLICE_X61Y153   cpu/pc_reg[12]/C
Min Period        n/a     FDSE/C             n/a            1.000         40.000      39.000     SLICE_X61Y153   cpu/pc_reg[13]/C
Min Period        n/a     FDSE/C             n/a            1.000         40.000      39.000     SLICE_X63Y149   cpu/pc_reg[14]/C
Min Period        n/a     FDSE/C             n/a            1.000         40.000      39.000     SLICE_X63Y149   cpu/pc_reg[15]/C
Max Period        n/a     PLLE2_ADV/CLKOUT0  n/a            160.000       40.000      120.000    PLLE2_ADV_X0Y2  pll.clk_pll/inst/plle2_adv_inst/CLKOUT0
Low Pulse Width   Slow    RAMD32/CLK         n/a            1.250         20.000      18.750     SLICE_X56Y180   cpu/u_regfile/rf_reg_r1_0_31_0_5/RAMA/CLK
Low Pulse Width   Fast    RAMD32/CLK         n/a            1.250         20.000      18.750     SLICE_X56Y180   cpu/u_regfile/rf_reg_r1_0_31_0_5/RAMA/CLK
Low Pulse Width   Slow    RAMD32/CLK         n/a            1.250         20.000      18.750     SLICE_X56Y180   cpu/u_regfile/rf_reg_r1_0_31_0_5/RAMA_D1/CLK
Low Pulse Width   Fast    RAMD32/CLK         n/a            1.250         20.000      18.750     SLICE_X56Y180   cpu/u_regfile/rf_reg_r1_0_31_0_5/RAMA_D1/CLK
Low Pulse Width   Slow    RAMD32/CLK         n/a            1.250         20.000      18.750     SLICE_X56Y180   cpu/u_regfile/rf_reg_r1_0_31_0_5/RAMB/CLK
Low Pulse Width   Fast    RAMD32/CLK         n/a            1.250         20.000      18.750     SLICE_X56Y180   cpu/u_regfile/rf_reg_r1_0_31_0_5/RAMB/CLK
Low Pulse Width   Slow    RAMD32/CLK         n/a            1.250         20.000      18.750     SLICE_X56Y180   cpu/u_regfile/rf_reg_r1_0_31_0_5/RAMB_D1/CLK
Low Pulse Width   Fast    RAMD32/CLK         n/a            1.250         20.000      18.750     SLICE_X56Y180   cpu/u_regfile/rf_reg_r1_0_31_0_5/RAMB_D1/CLK
Low Pulse Width   Slow    RAMD32/CLK         n/a            1.250         20.000      18.750     SLICE_X56Y180   cpu/u_regfile/rf_reg_r1_0_31_0_5/RAMC/CLK
Low Pulse Width   Fast    RAMD32/CLK         n/a            1.250         20.000      18.750     SLICE_X56Y180   cpu/u_regfile/rf_reg_r1_0_31_0_5/RAMC/CLK
High Pulse Width  Slow    RAMD32/CLK         n/a            1.250         20.000      18.750     SLICE_X56Y180   cpu/u_regfile/rf_reg_r1_0_31_0_5/RAMA/CLK
High Pulse Width  Fast    RAMD32/CLK         n/a            1.250         20.000      18.750     SLICE_X56Y180   cpu/u_regfile/rf_reg_r1_0_31_0_5/RAMA/CLK
High Pulse Width  Slow    RAMD32/CLK         n/a            1.250         20.000      18.750     SLICE_X56Y180   cpu/u_regfile/rf_reg_r1_0_31_0_5/RAMA_D1/CLK
High Pulse Width  Fast    RAMD32/CLK         n/a            1.250         20.000      18.750     SLICE_X56Y180   cpu/u_regfile/rf_reg_r1_0_31_0_5/RAMA_D1/CLK
High Pulse Width  Slow    RAMD32/CLK         n/a            1.250         20.000      18.750     SLICE_X56Y180   cpu/u_regfile/rf_reg_r1_0_31_0_5/RAMB/CLK
High Pulse Width  Fast    RAMD32/CLK         n/a            1.250         20.000      18.750     SLICE_X56Y180   cpu/u_regfile/rf_reg_r1_0_31_0_5/RAMB/CLK
High Pulse Width  Slow    RAMD32/CLK         n/a            1.250         20.000      18.750     SLICE_X56Y180   cpu/u_regfile/rf_reg_r1_0_31_0_5/RAMB_D1/CLK
High Pulse Width  Fast    RAMD32/CLK         n/a            1.250         20.000      18.750     SLICE_X56Y180   cpu/u_regfile/rf_reg_r1_0_31_0_5/RAMB_D1/CLK
High Pulse Width  Slow    RAMD32/CLK         n/a            1.250         20.000      18.750     SLICE_X56Y180   cpu/u_regfile/rf_reg_r1_0_31_0_5/RAMC/CLK
High Pulse Width  Fast    RAMD32/CLK         n/a            1.250         20.000      18.750     SLICE_X56Y180   cpu/u_regfile/rf_reg_r1_0_31_0_5/RAMC/CLK



---------------------------------------------------------------------------------------------------
From Clock:  timer_clk_clk_pll
  To Clock:  timer_clk_clk_pll

Setup :            0  Failing Endpoints,  Worst Slack        4.768ns,  Total Violation        0.000ns
Hold  :            0  Failing Endpoints,  Worst Slack        0.119ns,  Total Violation        0.000ns
PW    :            0  Failing Endpoints,  Worst Slack        4.500ns,  Total Violation        0.000ns
---------------------------------------------------------------------------------------------------


Max Delay Paths
--------------------------------------------------------------------------------------
Slack (MET) :             4.768ns  (required time - arrival time)
  Source:                 u_confreg/write_timer_begin_r2_reg/C
                            (rising edge-triggered cell FDRE clocked by timer_clk_clk_pll  {rise@0.000ns fall@5.000ns period=10.000ns})
  Destination:            u_confreg/timer_reg[29]/D
                            (rising edge-triggered cell FDRE clocked by timer_clk_clk_pll  {rise@0.000ns fall@5.000ns period=10.000ns})
  Path Group:             timer_clk_clk_pll
  Path Type:              Setup (Max at Slow Process Corner)
  Requirement:            10.000ns  (timer_clk_clk_pll rise@10.000ns - timer_clk_clk_pll rise@0.000ns)
  Data Path Delay:        5.177ns  (logic 2.265ns (43.751%)  route 2.912ns (56.249%))
  Logic Levels:           9  (CARRY4=8 LUT4=1)
  Clock Path Skew:        -0.040ns (DCD - SCD + CPR)
    Destination Clock Delay (DCD):    -1.937ns = ( 8.063 - 10.000 ) 
    Source Clock Delay      (SCD):    -2.317ns
    Clock Pessimism Removal (CPR):    -0.420ns
  Clock Uncertainty:      0.077ns  ((TSJ^2 + DJ^2)^1/2) / 2 + PE
    Total System Jitter     (TSJ):    0.071ns
    Discrete Jitter          (DJ):    0.138ns
    Phase Error              (PE):    0.000ns

    Location             Delay type                Incr(ns)  Path(ns)    Netlist Resource(s)
  -------------------------------------------------------------------    -------------------
                         (clock timer_clk_clk_pll rise edge)
                                                      0.000     0.000 r  
    AC19                                              0.000     0.000 r  clk (IN)
                         net (fo=0)                   0.000     0.000    pll.clk_pll/inst/clk_in1
    AC19                 IBUF (Prop_ibuf_I_O)         1.485     1.485 r  pll.clk_pll/inst/clkin1_ibufg/O
                         net (fo=1, routed)           1.619     3.104    pll.clk_pll/inst/clk_in1_clk_pll
    PLLE2_ADV_X0Y2       PLLE2_ADV (Prop_plle2_adv_CLKIN1_CLKOUT1)
                                                     -9.006    -5.902 r  pll.clk_pll/inst/plle2_adv_inst/CLKOUT1
                         net (fo=1, routed)           1.837    -4.064    pll.clk_pll/inst/timer_clk_clk_pll
    BUFGCTRL_X0Y1        BUFG (Prop_bufg_I_O)         0.096    -3.968 r  pll.clk_pll/inst/clkout2_buf/O
                         net (fo=99, routed)          1.651    -2.317    u_confreg/timer_clk
    SLICE_X45Y167        FDRE                                         r  u_confreg/write_timer_begin_r2_reg/C
  -------------------------------------------------------------------    -------------------
    SLICE_X45Y167        FDRE (Prop_fdre_C_Q)         0.419    -1.898 r  u_confreg/write_timer_begin_r2_reg/Q
                         net (fo=35, routed)          2.912     1.014    u_confreg/write_timer_begin_r2
    SLICE_X43Y159        LUT4 (Prop_lut4_I3_O)        0.296     1.310 r  u_confreg/timer[0]_i_6/O
                         net (fo=1, routed)           0.000     1.310    u_confreg/timer[0]_i_6_n_0
    SLICE_X43Y159        CARRY4 (Prop_carry4_S[0]_CO[3])
                                                      0.532     1.842 r  u_confreg/timer_reg[0]_i_1/CO[3]
                         net (fo=1, routed)           0.000     1.842    u_confreg/timer_reg[0]_i_1_n_0
    SLICE_X43Y160        CARRY4 (Prop_carry4_CI_CO[3])
                                                      0.114     1.956 r  u_confreg/timer_reg[4]_i_1/CO[3]
                         net (fo=1, routed)           0.000     1.956    u_confreg/timer_reg[4]_i_1_n_0
    SLICE_X43Y161        CARRY4 (Prop_carry4_CI_CO[3])
                                                      0.114     2.070 r  u_confreg/timer_reg[8]_i_1/CO[3]
                         net (fo=1, routed)           0.000     2.070    u_confreg/timer_reg[8]_i_1_n_0
    SLICE_X43Y162        CARRY4 (Prop_carry4_CI_CO[3])
                                                      0.114     2.184 r  u_confreg/timer_reg[12]_i_1/CO[3]
                         net (fo=1, routed)           0.000     2.184    u_confreg/timer_reg[12]_i_1_n_0
    SLICE_X43Y163        CARRY4 (Prop_carry4_CI_CO[3])
                                                      0.114     2.298 r  u_confreg/timer_reg[16]_i_1/CO[3]
                         net (fo=1, routed)           0.000     2.298    u_confreg/timer_reg[16]_i_1_n_0
    SLICE_X43Y164        CARRY4 (Prop_carry4_CI_CO[3])
                                                      0.114     2.412 r  u_confreg/timer_reg[20]_i_1/CO[3]
                         net (fo=1, routed)           0.000     2.412    u_confreg/timer_reg[20]_i_1_n_0
    SLICE_X43Y165        CARRY4 (Prop_carry4_CI_CO[3])
                                                      0.114     2.526 r  u_confreg/timer_reg[24]_i_1/CO[3]
                         net (fo=1, routed)           0.000     2.526    u_confreg/timer_reg[24]_i_1_n_0
    SLICE_X43Y166        CARRY4 (Prop_carry4_CI_O[1])
                                                      0.334     2.860 r  u_confreg/timer_reg[28]_i_1/O[1]
                         net (fo=1, routed)           0.000     2.860    u_confreg/timer_reg[28]_i_1_n_6
    SLICE_X43Y166        FDRE                                         r  u_confreg/timer_reg[29]/D
  -------------------------------------------------------------------    -------------------

                         (clock timer_clk_clk_pll rise edge)
                                                     10.000    10.000 r  
    AC19                                              0.000    10.000 r  clk (IN)
                         net (fo=0)                   0.000    10.000    pll.clk_pll/inst/clk_in1
    AC19                 IBUF (Prop_ibuf_I_O)         1.414    11.414 r  pll.clk_pll/inst/clkin1_ibufg/O
                         net (fo=1, routed)           1.531    12.945    pll.clk_pll/inst/clk_in1_clk_pll
    PLLE2_ADV_X0Y2       PLLE2_ADV (Prop_plle2_adv_CLKIN1_CLKOUT1)
                                                     -8.262     4.684 r  pll.clk_pll/inst/plle2_adv_inst/CLKOUT1
                         net (fo=1, routed)           1.755     6.439    pll.clk_pll/inst/timer_clk_clk_pll
    BUFGCTRL_X0Y1        BUFG (Prop_bufg_I_O)         0.091     6.530 r  pll.clk_pll/inst/clkout2_buf/O
                         net (fo=99, routed)          1.533     8.063    u_confreg/timer_clk
    SLICE_X43Y166        FDRE                                         r  u_confreg/timer_reg[29]/C
                         clock pessimism             -0.420     7.643    
                         clock uncertainty           -0.077     7.565    
    SLICE_X43Y166        FDRE (Setup_fdre_C_D)        0.062     7.627    u_confreg/timer_reg[29]
  -------------------------------------------------------------------
                         required time                          7.627    
                         arrival time                          -2.860    
  -------------------------------------------------------------------
                         slack                                  4.768    

Slack (MET) :             4.789ns  (required time - arrival time)
  Source:                 u_confreg/write_timer_begin_r2_reg/C
                            (rising edge-triggered cell FDRE clocked by timer_clk_clk_pll  {rise@0.000ns fall@5.000ns period=10.000ns})
  Destination:            u_confreg/timer_reg[31]/D
                            (rising edge-triggered cell FDRE clocked by timer_clk_clk_pll  {rise@0.000ns fall@5.000ns period=10.000ns})
  Path Group:             timer_clk_clk_pll
  Path Type:              Setup (Max at Slow Process Corner)
  Requirement:            10.000ns  (timer_clk_clk_pll rise@10.000ns - timer_clk_clk_pll rise@0.000ns)
  Data Path Delay:        5.156ns  (logic 2.244ns (43.522%)  route 2.912ns (56.478%))
  Logic Levels:           9  (CARRY4=8 LUT4=1)
  Clock Path Skew:        -0.040ns (DCD - SCD + CPR)
    Destination Clock Delay (DCD):    -1.937ns = ( 8.063 - 10.000 ) 
    Source Clock Delay      (SCD):    -2.317ns
    Clock Pessimism Removal (CPR):    -0.420ns
  Clock Uncertainty:      0.077ns  ((TSJ^2 + DJ^2)^1/2) / 2 + PE
    Total System Jitter     (TSJ):    0.071ns
    Discrete Jitter          (DJ):    0.138ns
    Phase Error              (PE):    0.000ns

    Location             Delay type                Incr(ns)  Path(ns)    Netlist Resource(s)
  -------------------------------------------------------------------    -------------------
                         (clock timer_clk_clk_pll rise edge)
                                                      0.000     0.000 r  
    AC19                                              0.000     0.000 r  clk (IN)
                         net (fo=0)                   0.000     0.000    pll.clk_pll/inst/clk_in1
    AC19                 IBUF (Prop_ibuf_I_O)         1.485     1.485 r  pll.clk_pll/inst/clkin1_ibufg/O
                         net (fo=1, routed)           1.619     3.104    pll.clk_pll/inst/clk_in1_clk_pll
    PLLE2_ADV_X0Y2       PLLE2_ADV (Prop_plle2_adv_CLKIN1_CLKOUT1)
                                                     -9.006    -5.902 r  pll.clk_pll/inst/plle2_adv_inst/CLKOUT1
                         net (fo=1, routed)           1.837    -4.064    pll.clk_pll/inst/timer_clk_clk_pll
    BUFGCTRL_X0Y1        BUFG (Prop_bufg_I_O)         0.096    -3.968 r  pll.clk_pll/inst/clkout2_buf/O
                         net (fo=99, routed)          1.651    -2.317    u_confreg/timer_clk
    SLICE_X45Y167        FDRE                                         r  u_confreg/write_timer_begin_r2_reg/C
  -------------------------------------------------------------------    -------------------
    SLICE_X45Y167        FDRE (Prop_fdre_C_Q)         0.419    -1.898 r  u_confreg/write_timer_begin_r2_reg/Q
                         net (fo=35, routed)          2.912     1.014    u_confreg/write_timer_begin_r2
    SLICE_X43Y159        LUT4 (Prop_lut4_I3_O)        0.296     1.310 r  u_confreg/timer[0]_i_6/O
                         net (fo=1, routed)           0.000     1.310    u_confreg/timer[0]_i_6_n_0
    SLICE_X43Y159        CARRY4 (Prop_carry4_S[0]_CO[3])
                                                      0.532     1.842 r  u_confreg/timer_reg[0]_i_1/CO[3]
                         net (fo=1, routed)           0.000     1.842    u_confreg/timer_reg[0]_i_1_n_0
    SLICE_X43Y160        CARRY4 (Prop_carry4_CI_CO[3])
                                                      0.114     1.956 r  u_confreg/timer_reg[4]_i_1/CO[3]
                         net (fo=1, routed)           0.000     1.956    u_confreg/timer_reg[4]_i_1_n_0
    SLICE_X43Y161        CARRY4 (Prop_carry4_CI_CO[3])
                                                      0.114     2.070 r  u_confreg/timer_reg[8]_i_1/CO[3]
                         net (fo=1, routed)           0.000     2.070    u_confreg/timer_reg[8]_i_1_n_0
    SLICE_X43Y162        CARRY4 (Prop_carry4_CI_CO[3])
                                                      0.114     2.184 r  u_confreg/timer_reg[12]_i_1/CO[3]
                         net (fo=1, routed)           0.000     2.184    u_confreg/timer_reg[12]_i_1_n_0
    SLICE_X43Y163        CARRY4 (Prop_carry4_CI_CO[3])
                                                      0.114     2.298 r  u_confreg/timer_reg[16]_i_1/CO[3]
                         net (fo=1, routed)           0.000     2.298    u_confreg/timer_reg[16]_i_1_n_0
    SLICE_X43Y164        CARRY4 (Prop_carry4_CI_CO[3])
                                                      0.114     2.412 r  u_confreg/timer_reg[20]_i_1/CO[3]
                         net (fo=1, routed)           0.000     2.412    u_confreg/timer_reg[20]_i_1_n_0
    SLICE_X43Y165        CARRY4 (Prop_carry4_CI_CO[3])
                                                      0.114     2.526 r  u_confreg/timer_reg[24]_i_1/CO[3]
                         net (fo=1, routed)           0.000     2.526    u_confreg/timer_reg[24]_i_1_n_0
    SLICE_X43Y166        CARRY4 (Prop_carry4_CI_O[3])
                                                      0.313     2.839 r  u_confreg/timer_reg[28]_i_1/O[3]
                         net (fo=1, routed)           0.000     2.839    u_confreg/timer_reg[28]_i_1_n_4
    SLICE_X43Y166        FDRE                                         r  u_confreg/timer_reg[31]/D
  -------------------------------------------------------------------    -------------------

                         (clock timer_clk_clk_pll rise edge)
                                                     10.000    10.000 r  
    AC19                                              0.000    10.000 r  clk (IN)
                         net (fo=0)                   0.000    10.000    pll.clk_pll/inst/clk_in1
    AC19                 IBUF (Prop_ibuf_I_O)         1.414    11.414 r  pll.clk_pll/inst/clkin1_ibufg/O
                         net (fo=1, routed)           1.531    12.945    pll.clk_pll/inst/clk_in1_clk_pll
    PLLE2_ADV_X0Y2       PLLE2_ADV (Prop_plle2_adv_CLKIN1_CLKOUT1)
                                                     -8.262     4.684 r  pll.clk_pll/inst/plle2_adv_inst/CLKOUT1
                         net (fo=1, routed)           1.755     6.439    pll.clk_pll/inst/timer_clk_clk_pll
    BUFGCTRL_X0Y1        BUFG (Prop_bufg_I_O)         0.091     6.530 r  pll.clk_pll/inst/clkout2_buf/O
                         net (fo=99, routed)          1.533     8.063    u_confreg/timer_clk
    SLICE_X43Y166        FDRE                                         r  u_confreg/timer_reg[31]/C
                         clock pessimism             -0.420     7.643    
                         clock uncertainty           -0.077     7.565    
    SLICE_X43Y166        FDRE (Setup_fdre_C_D)        0.062     7.627    u_confreg/timer_reg[31]
  -------------------------------------------------------------------
                         required time                          7.627    
                         arrival time                          -2.839    
  -------------------------------------------------------------------
                         slack                                  4.789    

Slack (MET) :             4.863ns  (required time - arrival time)
  Source:                 u_confreg/write_timer_begin_r2_reg/C
                            (rising edge-triggered cell FDRE clocked by timer_clk_clk_pll  {rise@0.000ns fall@5.000ns period=10.000ns})
  Destination:            u_confreg/timer_reg[30]/D
                            (rising edge-triggered cell FDRE clocked by timer_clk_clk_pll  {rise@0.000ns fall@5.000ns period=10.000ns})
  Path Group:             timer_clk_clk_pll
  Path Type:              Setup (Max at Slow Process Corner)
  Requirement:            10.000ns  (timer_clk_clk_pll rise@10.000ns - timer_clk_clk_pll rise@0.000ns)
  Data Path Delay:        5.082ns  (logic 2.170ns (42.699%)  route 2.912ns (57.301%))
  Logic Levels:           9  (CARRY4=8 LUT4=1)
  Clock Path Skew:        -0.040ns (DCD - SCD + CPR)
    Destination Clock Delay (DCD):    -1.937ns = ( 8.063 - 10.000 ) 
    Source Clock Delay      (SCD):    -2.317ns
    Clock Pessimism Removal (CPR):    -0.420ns
  Clock Uncertainty:      0.077ns  ((TSJ^2 + DJ^2)^1/2) / 2 + PE
    Total System Jitter     (TSJ):    0.071ns
    Discrete Jitter          (DJ):    0.138ns
    Phase Error              (PE):    0.000ns

    Location             Delay type                Incr(ns)  Path(ns)    Netlist Resource(s)
  -------------------------------------------------------------------    -------------------
                         (clock timer_clk_clk_pll rise edge)
                                                      0.000     0.000 r  
    AC19                                              0.000     0.000 r  clk (IN)
                         net (fo=0)                   0.000     0.000    pll.clk_pll/inst/clk_in1
    AC19                 IBUF (Prop_ibuf_I_O)         1.485     1.485 r  pll.clk_pll/inst/clkin1_ibufg/O
                         net (fo=1, routed)           1.619     3.104    pll.clk_pll/inst/clk_in1_clk_pll
    PLLE2_ADV_X0Y2       PLLE2_ADV (Prop_plle2_adv_CLKIN1_CLKOUT1)
                                                     -9.006    -5.902 r  pll.clk_pll/inst/plle2_adv_inst/CLKOUT1
                         net (fo=1, routed)           1.837    -4.064    pll.clk_pll/inst/timer_clk_clk_pll
    BUFGCTRL_X0Y1        BUFG (Prop_bufg_I_O)         0.096    -3.968 r  pll.clk_pll/inst/clkout2_buf/O
                         net (fo=99, routed)          1.651    -2.317    u_confreg/timer_clk
    SLICE_X45Y167        FDRE                                         r  u_confreg/write_timer_begin_r2_reg/C
  -------------------------------------------------------------------    -------------------
    SLICE_X45Y167        FDRE (Prop_fdre_C_Q)         0.419    -1.898 r  u_confreg/write_timer_begin_r2_reg/Q
                         net (fo=35, routed)          2.912     1.014    u_confreg/write_timer_begin_r2
    SLICE_X43Y159        LUT4 (Prop_lut4_I3_O)        0.296     1.310 r  u_confreg/timer[0]_i_6/O
                         net (fo=1, routed)           0.000     1.310    u_confreg/timer[0]_i_6_n_0
    SLICE_X43Y159        CARRY4 (Prop_carry4_S[0]_CO[3])
                                                      0.532     1.842 r  u_confreg/timer_reg[0]_i_1/CO[3]
                         net (fo=1, routed)           0.000     1.842    u_confreg/timer_reg[0]_i_1_n_0
    SLICE_X43Y160        CARRY4 (Prop_carry4_CI_CO[3])
                                                      0.114     1.956 r  u_confreg/timer_reg[4]_i_1/CO[3]
                         net (fo=1, routed)           0.000     1.956    u_confreg/timer_reg[4]_i_1_n_0
    SLICE_X43Y161        CARRY4 (Prop_carry4_CI_CO[3])
                                                      0.114     2.070 r  u_confreg/timer_reg[8]_i_1/CO[3]
                         net (fo=1, routed)           0.000     2.070    u_confreg/timer_reg[8]_i_1_n_0
    SLICE_X43Y162        CARRY4 (Prop_carry4_CI_CO[3])
                                                      0.114     2.184 r  u_confreg/timer_reg[12]_i_1/CO[3]
                         net (fo=1, routed)           0.000     2.184    u_confreg/timer_reg[12]_i_1_n_0
    SLICE_X43Y163        CARRY4 (Prop_carry4_CI_CO[3])
                                                      0.114     2.298 r  u_confreg/timer_reg[16]_i_1/CO[3]
                         net (fo=1, routed)           0.000     2.298    u_confreg/timer_reg[16]_i_1_n_0
    SLICE_X43Y164        CARRY4 (Prop_carry4_CI_CO[3])
                                                      0.114     2.412 r  u_confreg/timer_reg[20]_i_1/CO[3]
                         net (fo=1, routed)           0.000     2.412    u_confreg/timer_reg[20]_i_1_n_0
    SLICE_X43Y165        CARRY4 (Prop_carry4_CI_CO[3])
                                                      0.114     2.526 r  u_confreg/timer_reg[24]_i_1/CO[3]
                         net (fo=1, routed)           0.000     2.526    u_confreg/timer_reg[24]_i_1_n_0
    SLICE_X43Y166        CARRY4 (Prop_carry4_CI_O[2])
                                                      0.239     2.765 r  u_confreg/timer_reg[28]_i_1/O[2]
                         net (fo=1, routed)           0.000     2.765    u_confreg/timer_reg[28]_i_1_n_5
    SLICE_X43Y166        FDRE                                         r  u_confreg/timer_reg[30]/D
  -------------------------------------------------------------------    -------------------

                         (clock timer_clk_clk_pll rise edge)
                                                     10.000    10.000 r  
    AC19                                              0.000    10.000 r  clk (IN)
                         net (fo=0)                   0.000    10.000    pll.clk_pll/inst/clk_in1
    AC19                 IBUF (Prop_ibuf_I_O)         1.414    11.414 r  pll.clk_pll/inst/clkin1_ibufg/O
                         net (fo=1, routed)           1.531    12.945    pll.clk_pll/inst/clk_in1_clk_pll
    PLLE2_ADV_X0Y2       PLLE2_ADV (Prop_plle2_adv_CLKIN1_CLKOUT1)
                                                     -8.262     4.684 r  pll.clk_pll/inst/plle2_adv_inst/CLKOUT1
                         net (fo=1, routed)           1.755     6.439    pll.clk_pll/inst/timer_clk_clk_pll
    BUFGCTRL_X0Y1        BUFG (Prop_bufg_I_O)         0.091     6.530 r  pll.clk_pll/inst/clkout2_buf/O
                         net (fo=99, routed)          1.533     8.063    u_confreg/timer_clk
    SLICE_X43Y166        FDRE                                         r  u_confreg/timer_reg[30]/C
                         clock pessimism             -0.420     7.643    
                         clock uncertainty           -0.077     7.565    
    SLICE_X43Y166        FDRE (Setup_fdre_C_D)        0.062     7.627    u_confreg/timer_reg[30]
  -------------------------------------------------------------------
                         required time                          7.627    
                         arrival time                          -2.765    
  -------------------------------------------------------------------
                         slack                                  4.863    

Slack (MET) :             4.879ns  (required time - arrival time)
  Source:                 u_confreg/write_timer_begin_r2_reg/C
                            (rising edge-triggered cell FDRE clocked by timer_clk_clk_pll  {rise@0.000ns fall@5.000ns period=10.000ns})
  Destination:            u_confreg/timer_reg[28]/D
                            (rising edge-triggered cell FDRE clocked by timer_clk_clk_pll  {rise@0.000ns fall@5.000ns period=10.000ns})
  Path Group:             timer_clk_clk_pll
  Path Type:              Setup (Max at Slow Process Corner)
  Requirement:            10.000ns  (timer_clk_clk_pll rise@10.000ns - timer_clk_clk_pll rise@0.000ns)
  Data Path Delay:        5.066ns  (logic 2.154ns (42.518%)  route 2.912ns (57.482%))
  Logic Levels:           9  (CARRY4=8 LUT4=1)
  Clock Path Skew:        -0.040ns (DCD - SCD + CPR)
    Destination Clock Delay (DCD):    -1.937ns = ( 8.063 - 10.000 ) 
    Source Clock Delay      (SCD):    -2.317ns
    Clock Pessimism Removal (CPR):    -0.420ns
  Clock Uncertainty:      0.077ns  ((TSJ^2 + DJ^2)^1/2) / 2 + PE
    Total System Jitter     (TSJ):    0.071ns
    Discrete Jitter          (DJ):    0.138ns
    Phase Error              (PE):    0.000ns

    Location             Delay type                Incr(ns)  Path(ns)    Netlist Resource(s)
  -------------------------------------------------------------------    -------------------
                         (clock timer_clk_clk_pll rise edge)
                                                      0.000     0.000 r  
    AC19                                              0.000     0.000 r  clk (IN)
                         net (fo=0)                   0.000     0.000    pll.clk_pll/inst/clk_in1
    AC19                 IBUF (Prop_ibuf_I_O)         1.485     1.485 r  pll.clk_pll/inst/clkin1_ibufg/O
                         net (fo=1, routed)           1.619     3.104    pll.clk_pll/inst/clk_in1_clk_pll
    PLLE2_ADV_X0Y2       PLLE2_ADV (Prop_plle2_adv_CLKIN1_CLKOUT1)
                                                     -9.006    -5.902 r  pll.clk_pll/inst/plle2_adv_inst/CLKOUT1
                         net (fo=1, routed)           1.837    -4.064    pll.clk_pll/inst/timer_clk_clk_pll
    BUFGCTRL_X0Y1        BUFG (Prop_bufg_I_O)         0.096    -3.968 r  pll.clk_pll/inst/clkout2_buf/O
                         net (fo=99, routed)          1.651    -2.317    u_confreg/timer_clk
    SLICE_X45Y167        FDRE                                         r  u_confreg/write_timer_begin_r2_reg/C
  -------------------------------------------------------------------    -------------------
    SLICE_X45Y167        FDRE (Prop_fdre_C_Q)         0.419    -1.898 r  u_confreg/write_timer_begin_r2_reg/Q
                         net (fo=35, routed)          2.912     1.014    u_confreg/write_timer_begin_r2
    SLICE_X43Y159        LUT4 (Prop_lut4_I3_O)        0.296     1.310 r  u_confreg/timer[0]_i_6/O
                         net (fo=1, routed)           0.000     1.310    u_confreg/timer[0]_i_6_n_0
    SLICE_X43Y159        CARRY4 (Prop_carry4_S[0]_CO[3])
                                                      0.532     1.842 r  u_confreg/timer_reg[0]_i_1/CO[3]
                         net (fo=1, routed)           0.000     1.842    u_confreg/timer_reg[0]_i_1_n_0
    SLICE_X43Y160        CARRY4 (Prop_carry4_CI_CO[3])
                                                      0.114     1.956 r  u_confreg/timer_reg[4]_i_1/CO[3]
                         net (fo=1, routed)           0.000     1.956    u_confreg/timer_reg[4]_i_1_n_0
    SLICE_X43Y161        CARRY4 (Prop_carry4_CI_CO[3])
                                                      0.114     2.070 r  u_confreg/timer_reg[8]_i_1/CO[3]
                         net (fo=1, routed)           0.000     2.070    u_confreg/timer_reg[8]_i_1_n_0
    SLICE_X43Y162        CARRY4 (Prop_carry4_CI_CO[3])
                                                      0.114     2.184 r  u_confreg/timer_reg[12]_i_1/CO[3]
                         net (fo=1, routed)           0.000     2.184    u_confreg/timer_reg[12]_i_1_n_0
    SLICE_X43Y163        CARRY4 (Prop_carry4_CI_CO[3])
                                                      0.114     2.298 r  u_confreg/timer_reg[16]_i_1/CO[3]
                         net (fo=1, routed)           0.000     2.298    u_confreg/timer_reg[16]_i_1_n_0
    SLICE_X43Y164        CARRY4 (Prop_carry4_CI_CO[3])
                                                      0.114     2.412 r  u_confreg/timer_reg[20]_i_1/CO[3]
                         net (fo=1, routed)           0.000     2.412    u_confreg/timer_reg[20]_i_1_n_0
    SLICE_X43Y165        CARRY4 (Prop_carry4_CI_CO[3])
                                                      0.114     2.526 r  u_confreg/timer_reg[24]_i_1/CO[3]
                         net (fo=1, routed)           0.000     2.526    u_confreg/timer_reg[24]_i_1_n_0
    SLICE_X43Y166        CARRY4 (Prop_carry4_CI_O[0])
                                                      0.223     2.749 r  u_confreg/timer_reg[28]_i_1/O[0]
                         net (fo=1, routed)           0.000     2.749    u_confreg/timer_reg[28]_i_1_n_7
    SLICE_X43Y166        FDRE                                         r  u_confreg/timer_reg[28]/D
  -------------------------------------------------------------------    -------------------

                         (clock timer_clk_clk_pll rise edge)
                                                     10.000    10.000 r  
    AC19                                              0.000    10.000 r  clk (IN)
                         net (fo=0)                   0.000    10.000    pll.clk_pll/inst/clk_in1
    AC19                 IBUF (Prop_ibuf_I_O)         1.414    11.414 r  pll.clk_pll/inst/clkin1_ibufg/O
                         net (fo=1, routed)           1.531    12.945    pll.clk_pll/inst/clk_in1_clk_pll
    PLLE2_ADV_X0Y2       PLLE2_ADV (Prop_plle2_adv_CLKIN1_CLKOUT1)
                                                     -8.262     4.684 r  pll.clk_pll/inst/plle2_adv_inst/CLKOUT1
                         net (fo=1, routed)           1.755     6.439    pll.clk_pll/inst/timer_clk_clk_pll
    BUFGCTRL_X0Y1        BUFG (Prop_bufg_I_O)         0.091     6.530 r  pll.clk_pll/inst/clkout2_buf/O
                         net (fo=99, routed)          1.533     8.063    u_confreg/timer_clk
    SLICE_X43Y166        FDRE                                         r  u_confreg/timer_reg[28]/C
                         clock pessimism             -0.420     7.643    
                         clock uncertainty           -0.077     7.565    
    SLICE_X43Y166        FDRE (Setup_fdre_C_D)        0.062     7.627    u_confreg/timer_reg[28]
  -------------------------------------------------------------------
                         required time                          7.627    
                         arrival time                          -2.749    
  -------------------------------------------------------------------
                         slack                                  4.879    

Slack (MET) :             4.883ns  (required time - arrival time)
  Source:                 u_confreg/write_timer_begin_r2_reg/C
                            (rising edge-triggered cell FDRE clocked by timer_clk_clk_pll  {rise@0.000ns fall@5.000ns period=10.000ns})
  Destination:            u_confreg/timer_reg[25]/D
                            (rising edge-triggered cell FDRE clocked by timer_clk_clk_pll  {rise@0.000ns fall@5.000ns period=10.000ns})
  Path Group:             timer_clk_clk_pll
  Path Type:              Setup (Max at Slow Process Corner)
  Requirement:            10.000ns  (timer_clk_clk_pll rise@10.000ns - timer_clk_clk_pll rise@0.000ns)
  Data Path Delay:        5.063ns  (logic 2.151ns (42.484%)  route 2.912ns (57.516%))
  Logic Levels:           8  (CARRY4=7 LUT4=1)
  Clock Path Skew:        -0.039ns (DCD - SCD + CPR)
    Destination Clock Delay (DCD):    -1.936ns = ( 8.064 - 10.000 ) 
    Source Clock Delay      (SCD):    -2.317ns
    Clock Pessimism Removal (CPR):    -0.420ns
  Clock Uncertainty:      0.077ns  ((TSJ^2 + DJ^2)^1/2) / 2 + PE
    Total System Jitter     (TSJ):    0.071ns
    Discrete Jitter          (DJ):    0.138ns
    Phase Error              (PE):    0.000ns

    Location             Delay type                Incr(ns)  Path(ns)    Netlist Resource(s)
  -------------------------------------------------------------------    -------------------
                         (clock timer_clk_clk_pll rise edge)
                                                      0.000     0.000 r  
    AC19                                              0.000     0.000 r  clk (IN)
                         net (fo=0)                   0.000     0.000    pll.clk_pll/inst/clk_in1
    AC19                 IBUF (Prop_ibuf_I_O)         1.485     1.485 r  pll.clk_pll/inst/clkin1_ibufg/O
                         net (fo=1, routed)           1.619     3.104    pll.clk_pll/inst/clk_in1_clk_pll
    PLLE2_ADV_X0Y2       PLLE2_ADV (Prop_plle2_adv_CLKIN1_CLKOUT1)
                                                     -9.006    -5.902 r  pll.clk_pll/inst/plle2_adv_inst/CLKOUT1
                         net (fo=1, routed)           1.837    -4.064    pll.clk_pll/inst/timer_clk_clk_pll
    BUFGCTRL_X0Y1        BUFG (Prop_bufg_I_O)         0.096    -3.968 r  pll.clk_pll/inst/clkout2_buf/O
                         net (fo=99, routed)          1.651    -2.317    u_confreg/timer_clk
    SLICE_X45Y167        FDRE                                         r  u_confreg/write_timer_begin_r2_reg/C
  -------------------------------------------------------------------    -------------------
    SLICE_X45Y167        FDRE (Prop_fdre_C_Q)         0.419    -1.898 r  u_confreg/write_timer_begin_r2_reg/Q
                         net (fo=35, routed)          2.912     1.014    u_confreg/write_timer_begin_r2
    SLICE_X43Y159        LUT4 (Prop_lut4_I3_O)        0.296     1.310 r  u_confreg/timer[0]_i_6/O
                         net (fo=1, routed)           0.000     1.310    u_confreg/timer[0]_i_6_n_0
    SLICE_X43Y159        CARRY4 (Prop_carry4_S[0]_CO[3])
                                                      0.532     1.842 r  u_confreg/timer_reg[0]_i_1/CO[3]
                         net (fo=1, routed)           0.000     1.842    u_confreg/timer_reg[0]_i_1_n_0
    SLICE_X43Y160        CARRY4 (Prop_carry4_CI_CO[3])
                                                      0.114     1.956 r  u_confreg/timer_reg[4]_i_1/CO[3]
                         net (fo=1, routed)           0.000     1.956    u_confreg/timer_reg[4]_i_1_n_0
    SLICE_X43Y161        CARRY4 (Prop_carry4_CI_CO[3])
                                                      0.114     2.070 r  u_confreg/timer_reg[8]_i_1/CO[3]
                         net (fo=1, routed)           0.000     2.070    u_confreg/timer_reg[8]_i_1_n_0
    SLICE_X43Y162        CARRY4 (Prop_carry4_CI_CO[3])
                                                      0.114     2.184 r  u_confreg/timer_reg[12]_i_1/CO[3]
                         net (fo=1, routed)           0.000     2.184    u_confreg/timer_reg[12]_i_1_n_0
    SLICE_X43Y163        CARRY4 (Prop_carry4_CI_CO[3])
                                                      0.114     2.298 r  u_confreg/timer_reg[16]_i_1/CO[3]
                         net (fo=1, routed)           0.000     2.298    u_confreg/timer_reg[16]_i_1_n_0
    SLICE_X43Y164        CARRY4 (Prop_carry4_CI_CO[3])
                                                      0.114     2.412 r  u_confreg/timer_reg[20]_i_1/CO[3]
                         net (fo=1, routed)           0.000     2.412    u_confreg/timer_reg[20]_i_1_n_0
    SLICE_X43Y165        CARRY4 (Prop_carry4_CI_O[1])
                                                      0.334     2.746 r  u_confreg/timer_reg[24]_i_1/O[1]
                         net (fo=1, routed)           0.000     2.746    u_confreg/timer_reg[24]_i_1_n_6
    SLICE_X43Y165        FDRE                                         r  u_confreg/timer_reg[25]/D
  -------------------------------------------------------------------    -------------------

                         (clock timer_clk_clk_pll rise edge)
                                                     10.000    10.000 r  
    AC19                                              0.000    10.000 r  clk (IN)
                         net (fo=0)                   0.000    10.000    pll.clk_pll/inst/clk_in1
    AC19                 IBUF (Prop_ibuf_I_O)         1.414    11.414 r  pll.clk_pll/inst/clkin1_ibufg/O
                         net (fo=1, routed)           1.531    12.945    pll.clk_pll/inst/clk_in1_clk_pll
    PLLE2_ADV_X0Y2       PLLE2_ADV (Prop_plle2_adv_CLKIN1_CLKOUT1)
                                                     -8.262     4.684 r  pll.clk_pll/inst/plle2_adv_inst/CLKOUT1
                         net (fo=1, routed)           1.755     6.439    pll.clk_pll/inst/timer_clk_clk_pll
    BUFGCTRL_X0Y1        BUFG (Prop_bufg_I_O)         0.091     6.530 r  pll.clk_pll/inst/clkout2_buf/O
                         net (fo=99, routed)          1.534     8.064    u_confreg/timer_clk
    SLICE_X43Y165        FDRE                                         r  u_confreg/timer_reg[25]/C
                         clock pessimism             -0.420     7.644    
                         clock uncertainty           -0.077     7.566    
    SLICE_X43Y165        FDRE (Setup_fdre_C_D)        0.062     7.628    u_confreg/timer_reg[25]
  -------------------------------------------------------------------
                         required time                          7.628    
                         arrival time                          -2.746    
  -------------------------------------------------------------------
                         slack                                  4.883    

Slack (MET) :             4.904ns  (required time - arrival time)
  Source:                 u_confreg/write_timer_begin_r2_reg/C
                            (rising edge-triggered cell FDRE clocked by timer_clk_clk_pll  {rise@0.000ns fall@5.000ns period=10.000ns})
  Destination:            u_confreg/timer_reg[27]/D
                            (rising edge-triggered cell FDRE clocked by timer_clk_clk_pll  {rise@0.000ns fall@5.000ns period=10.000ns})
  Path Group:             timer_clk_clk_pll
  Path Type:              Setup (Max at Slow Process Corner)
  Requirement:            10.000ns  (timer_clk_clk_pll rise@10.000ns - timer_clk_clk_pll rise@0.000ns)
  Data Path Delay:        5.042ns  (logic 2.130ns (42.245%)  route 2.912ns (57.755%))
  Logic Levels:           8  (CARRY4=7 LUT4=1)
  Clock Path Skew:        -0.039ns (DCD - SCD + CPR)
    Destination Clock Delay (DCD):    -1.936ns = ( 8.064 - 10.000 ) 
    Source Clock Delay      (SCD):    -2.317ns
    Clock Pessimism Removal (CPR):    -0.420ns
  Clock Uncertainty:      0.077ns  ((TSJ^2 + DJ^2)^1/2) / 2 + PE
    Total System Jitter     (TSJ):    0.071ns
    Discrete Jitter          (DJ):    0.138ns
    Phase Error              (PE):    0.000ns

    Location             Delay type                Incr(ns)  Path(ns)    Netlist Resource(s)
  -------------------------------------------------------------------    -------------------
                         (clock timer_clk_clk_pll rise edge)
                                                      0.000     0.000 r  
    AC19                                              0.000     0.000 r  clk (IN)
                         net (fo=0)                   0.000     0.000    pll.clk_pll/inst/clk_in1
    AC19                 IBUF (Prop_ibuf_I_O)         1.485     1.485 r  pll.clk_pll/inst/clkin1_ibufg/O
                         net (fo=1, routed)           1.619     3.104    pll.clk_pll/inst/clk_in1_clk_pll
    PLLE2_ADV_X0Y2       PLLE2_ADV (Prop_plle2_adv_CLKIN1_CLKOUT1)
                                                     -9.006    -5.902 r  pll.clk_pll/inst/plle2_adv_inst/CLKOUT1
                         net (fo=1, routed)           1.837    -4.064    pll.clk_pll/inst/timer_clk_clk_pll
    BUFGCTRL_X0Y1        BUFG (Prop_bufg_I_O)         0.096    -3.968 r  pll.clk_pll/inst/clkout2_buf/O
                         net (fo=99, routed)          1.651    -2.317    u_confreg/timer_clk
    SLICE_X45Y167        FDRE                                         r  u_confreg/write_timer_begin_r2_reg/C
  -------------------------------------------------------------------    -------------------
    SLICE_X45Y167        FDRE (Prop_fdre_C_Q)         0.419    -1.898 r  u_confreg/write_timer_begin_r2_reg/Q
                         net (fo=35, routed)          2.912     1.014    u_confreg/write_timer_begin_r2
    SLICE_X43Y159        LUT4 (Prop_lut4_I3_O)        0.296     1.310 r  u_confreg/timer[0]_i_6/O
                         net (fo=1, routed)           0.000     1.310    u_confreg/timer[0]_i_6_n_0
    SLICE_X43Y159        CARRY4 (Prop_carry4_S[0]_CO[3])
                                                      0.532     1.842 r  u_confreg/timer_reg[0]_i_1/CO[3]
                         net (fo=1, routed)           0.000     1.842    u_confreg/timer_reg[0]_i_1_n_0
    SLICE_X43Y160        CARRY4 (Prop_carry4_CI_CO[3])
                                                      0.114     1.956 r  u_confreg/timer_reg[4]_i_1/CO[3]
                         net (fo=1, routed)           0.000     1.956    u_confreg/timer_reg[4]_i_1_n_0
    SLICE_X43Y161        CARRY4 (Prop_carry4_CI_CO[3])
                                                      0.114     2.070 r  u_confreg/timer_reg[8]_i_1/CO[3]
                         net (fo=1, routed)           0.000     2.070    u_confreg/timer_reg[8]_i_1_n_0
    SLICE_X43Y162        CARRY4 (Prop_carry4_CI_CO[3])
                                                      0.114     2.184 r  u_confreg/timer_reg[12]_i_1/CO[3]
                         net (fo=1, routed)           0.000     2.184    u_confreg/timer_reg[12]_i_1_n_0
    SLICE_X43Y163        CARRY4 (Prop_carry4_CI_CO[3])
                                                      0.114     2.298 r  u_confreg/timer_reg[16]_i_1/CO[3]
                         net (fo=1, routed)           0.000     2.298    u_confreg/timer_reg[16]_i_1_n_0
    SLICE_X43Y164        CARRY4 (Prop_carry4_CI_CO[3])
                                                      0.114     2.412 r  u_confreg/timer_reg[20]_i_1/CO[3]
                         net (fo=1, routed)           0.000     2.412    u_confreg/timer_reg[20]_i_1_n_0
    SLICE_X43Y165        CARRY4 (Prop_carry4_CI_O[3])
                                                      0.313     2.725 r  u_confreg/timer_reg[24]_i_1/O[3]
                         net (fo=1, routed)           0.000     2.725    u_confreg/timer_reg[24]_i_1_n_4
    SLICE_X43Y165        FDRE                                         r  u_confreg/timer_reg[27]/D
  -------------------------------------------------------------------    -------------------

                         (clock timer_clk_clk_pll rise edge)
                                                     10.000    10.000 r  
    AC19                                              0.000    10.000 r  clk (IN)
                         net (fo=0)                   0.000    10.000    pll.clk_pll/inst/clk_in1
    AC19                 IBUF (Prop_ibuf_I_O)         1.414    11.414 r  pll.clk_pll/inst/clkin1_ibufg/O
                         net (fo=1, routed)           1.531    12.945    pll.clk_pll/inst/clk_in1_clk_pll
    PLLE2_ADV_X0Y2       PLLE2_ADV (Prop_plle2_adv_CLKIN1_CLKOUT1)
                                                     -8.262     4.684 r  pll.clk_pll/inst/plle2_adv_inst/CLKOUT1
                         net (fo=1, routed)           1.755     6.439    pll.clk_pll/inst/timer_clk_clk_pll
    BUFGCTRL_X0Y1        BUFG (Prop_bufg_I_O)         0.091     6.530 r  pll.clk_pll/inst/clkout2_buf/O
                         net (fo=99, routed)          1.534     8.064    u_confreg/timer_clk
    SLICE_X43Y165        FDRE                                         r  u_confreg/timer_reg[27]/C
                         clock pessimism             -0.420     7.644    
                         clock uncertainty           -0.077     7.566    
    SLICE_X43Y165        FDRE (Setup_fdre_C_D)        0.062     7.628    u_confreg/timer_reg[27]
  -------------------------------------------------------------------
                         required time                          7.628    
                         arrival time                          -2.725    
  -------------------------------------------------------------------
                         slack                                  4.904    

Slack (MET) :             4.978ns  (required time - arrival time)
  Source:                 u_confreg/write_timer_begin_r2_reg/C
                            (rising edge-triggered cell FDRE clocked by timer_clk_clk_pll  {rise@0.000ns fall@5.000ns period=10.000ns})
  Destination:            u_confreg/timer_reg[26]/D
                            (rising edge-triggered cell FDRE clocked by timer_clk_clk_pll  {rise@0.000ns fall@5.000ns period=10.000ns})
  Path Group:             timer_clk_clk_pll
  Path Type:              Setup (Max at Slow Process Corner)
  Requirement:            10.000ns  (timer_clk_clk_pll rise@10.000ns - timer_clk_clk_pll rise@0.000ns)
  Data Path Delay:        4.968ns  (logic 2.056ns (41.384%)  route 2.912ns (58.616%))
  Logic Levels:           8  (CARRY4=7 LUT4=1)
  Clock Path Skew:        -0.039ns (DCD - SCD + CPR)
    Destination Clock Delay (DCD):    -1.936ns = ( 8.064 - 10.000 ) 
    Source Clock Delay      (SCD):    -2.317ns
    Clock Pessimism Removal (CPR):    -0.420ns
  Clock Uncertainty:      0.077ns  ((TSJ^2 + DJ^2)^1/2) / 2 + PE
    Total System Jitter     (TSJ):    0.071ns
    Discrete Jitter          (DJ):    0.138ns
    Phase Error              (PE):    0.000ns

    Location             Delay type                Incr(ns)  Path(ns)    Netlist Resource(s)
  -------------------------------------------------------------------    -------------------
                         (clock timer_clk_clk_pll rise edge)
                                                      0.000     0.000 r  
    AC19                                              0.000     0.000 r  clk (IN)
                         net (fo=0)                   0.000     0.000    pll.clk_pll/inst/clk_in1
    AC19                 IBUF (Prop_ibuf_I_O)         1.485     1.485 r  pll.clk_pll/inst/clkin1_ibufg/O
                         net (fo=1, routed)           1.619     3.104    pll.clk_pll/inst/clk_in1_clk_pll
    PLLE2_ADV_X0Y2       PLLE2_ADV (Prop_plle2_adv_CLKIN1_CLKOUT1)
                                                     -9.006    -5.902 r  pll.clk_pll/inst/plle2_adv_inst/CLKOUT1
                         net (fo=1, routed)           1.837    -4.064    pll.clk_pll/inst/timer_clk_clk_pll
    BUFGCTRL_X0Y1        BUFG (Prop_bufg_I_O)         0.096    -3.968 r  pll.clk_pll/inst/clkout2_buf/O
                         net (fo=99, routed)          1.651    -2.317    u_confreg/timer_clk
    SLICE_X45Y167        FDRE                                         r  u_confreg/write_timer_begin_r2_reg/C
  -------------------------------------------------------------------    -------------------
    SLICE_X45Y167        FDRE (Prop_fdre_C_Q)         0.419    -1.898 r  u_confreg/write_timer_begin_r2_reg/Q
                         net (fo=35, routed)          2.912     1.014    u_confreg/write_timer_begin_r2
    SLICE_X43Y159        LUT4 (Prop_lut4_I3_O)        0.296     1.310 r  u_confreg/timer[0]_i_6/O
                         net (fo=1, routed)           0.000     1.310    u_confreg/timer[0]_i_6_n_0
    SLICE_X43Y159        CARRY4 (Prop_carry4_S[0]_CO[3])
                                                      0.532     1.842 r  u_confreg/timer_reg[0]_i_1/CO[3]
                         net (fo=1, routed)           0.000     1.842    u_confreg/timer_reg[0]_i_1_n_0
    SLICE_X43Y160        CARRY4 (Prop_carry4_CI_CO[3])
                                                      0.114     1.956 r  u_confreg/timer_reg[4]_i_1/CO[3]
                         net (fo=1, routed)           0.000     1.956    u_confreg/timer_reg[4]_i_1_n_0
    SLICE_X43Y161        CARRY4 (Prop_carry4_CI_CO[3])
                                                      0.114     2.070 r  u_confreg/timer_reg[8]_i_1/CO[3]
                         net (fo=1, routed)           0.000     2.070    u_confreg/timer_reg[8]_i_1_n_0
    SLICE_X43Y162        CARRY4 (Prop_carry4_CI_CO[3])
                                                      0.114     2.184 r  u_confreg/timer_reg[12]_i_1/CO[3]
                         net (fo=1, routed)           0.000     2.184    u_confreg/timer_reg[12]_i_1_n_0
    SLICE_X43Y163        CARRY4 (Prop_carry4_CI_CO[3])
                                                      0.114     2.298 r  u_confreg/timer_reg[16]_i_1/CO[3]
                         net (fo=1, routed)           0.000     2.298    u_confreg/timer_reg[16]_i_1_n_0
    SLICE_X43Y164        CARRY4 (Prop_carry4_CI_CO[3])
                                                      0.114     2.412 r  u_confreg/timer_reg[20]_i_1/CO[3]
                         net (fo=1, routed)           0.000     2.412    u_confreg/timer_reg[20]_i_1_n_0
    SLICE_X43Y165        CARRY4 (Prop_carry4_CI_O[2])
                                                      0.239     2.651 r  u_confreg/timer_reg[24]_i_1/O[2]
                         net (fo=1, routed)           0.000     2.651    u_confreg/timer_reg[24]_i_1_n_5
    SLICE_X43Y165        FDRE                                         r  u_confreg/timer_reg[26]/D
  -------------------------------------------------------------------    -------------------

                         (clock timer_clk_clk_pll rise edge)
                                                     10.000    10.000 r  
    AC19                                              0.000    10.000 r  clk (IN)
                         net (fo=0)                   0.000    10.000    pll.clk_pll/inst/clk_in1
    AC19                 IBUF (Prop_ibuf_I_O)         1.414    11.414 r  pll.clk_pll/inst/clkin1_ibufg/O
                         net (fo=1, routed)           1.531    12.945    pll.clk_pll/inst/clk_in1_clk_pll
    PLLE2_ADV_X0Y2       PLLE2_ADV (Prop_plle2_adv_CLKIN1_CLKOUT1)
                                                     -8.262     4.684 r  pll.clk_pll/inst/plle2_adv_inst/CLKOUT1
                         net (fo=1, routed)           1.755     6.439    pll.clk_pll/inst/timer_clk_clk_pll
    BUFGCTRL_X0Y1        BUFG (Prop_bufg_I_O)         0.091     6.530 r  pll.clk_pll/inst/clkout2_buf/O
                         net (fo=99, routed)          1.534     8.064    u_confreg/timer_clk
    SLICE_X43Y165        FDRE                                         r  u_confreg/timer_reg[26]/C
                         clock pessimism             -0.420     7.644    
                         clock uncertainty           -0.077     7.566    
    SLICE_X43Y165        FDRE (Setup_fdre_C_D)        0.062     7.628    u_confreg/timer_reg[26]
  -------------------------------------------------------------------
                         required time                          7.628    
                         arrival time                          -2.651    
  -------------------------------------------------------------------
                         slack                                  4.978    

Slack (MET) :             4.994ns  (required time - arrival time)
  Source:                 u_confreg/write_timer_begin_r2_reg/C
                            (rising edge-triggered cell FDRE clocked by timer_clk_clk_pll  {rise@0.000ns fall@5.000ns period=10.000ns})
  Destination:            u_confreg/timer_reg[24]/D
                            (rising edge-triggered cell FDRE clocked by timer_clk_clk_pll  {rise@0.000ns fall@5.000ns period=10.000ns})
  Path Group:             timer_clk_clk_pll
  Path Type:              Setup (Max at Slow Process Corner)
  Requirement:            10.000ns  (timer_clk_clk_pll rise@10.000ns - timer_clk_clk_pll rise@0.000ns)
  Data Path Delay:        4.952ns  (logic 2.040ns (41.195%)  route 2.912ns (58.805%))
  Logic Levels:           8  (CARRY4=7 LUT4=1)
  Clock Path Skew:        -0.039ns (DCD - SCD + CPR)
    Destination Clock Delay (DCD):    -1.936ns = ( 8.064 - 10.000 ) 
    Source Clock Delay      (SCD):    -2.317ns
    Clock Pessimism Removal (CPR):    -0.420ns
  Clock Uncertainty:      0.077ns  ((TSJ^2 + DJ^2)^1/2) / 2 + PE
    Total System Jitter     (TSJ):    0.071ns
    Discrete Jitter          (DJ):    0.138ns
    Phase Error              (PE):    0.000ns

    Location             Delay type                Incr(ns)  Path(ns)    Netlist Resource(s)
  -------------------------------------------------------------------    -------------------
                         (clock timer_clk_clk_pll rise edge)
                                                      0.000     0.000 r  
    AC19                                              0.000     0.000 r  clk (IN)
                         net (fo=0)                   0.000     0.000    pll.clk_pll/inst/clk_in1
    AC19                 IBUF (Prop_ibuf_I_O)         1.485     1.485 r  pll.clk_pll/inst/clkin1_ibufg/O
                         net (fo=1, routed)           1.619     3.104    pll.clk_pll/inst/clk_in1_clk_pll
    PLLE2_ADV_X0Y2       PLLE2_ADV (Prop_plle2_adv_CLKIN1_CLKOUT1)
                                                     -9.006    -5.902 r  pll.clk_pll/inst/plle2_adv_inst/CLKOUT1
                         net (fo=1, routed)           1.837    -4.064    pll.clk_pll/inst/timer_clk_clk_pll
    BUFGCTRL_X0Y1        BUFG (Prop_bufg_I_O)         0.096    -3.968 r  pll.clk_pll/inst/clkout2_buf/O
                         net (fo=99, routed)          1.651    -2.317    u_confreg/timer_clk
    SLICE_X45Y167        FDRE                                         r  u_confreg/write_timer_begin_r2_reg/C
  -------------------------------------------------------------------    -------------------
    SLICE_X45Y167        FDRE (Prop_fdre_C_Q)         0.419    -1.898 r  u_confreg/write_timer_begin_r2_reg/Q
                         net (fo=35, routed)          2.912     1.014    u_confreg/write_timer_begin_r2
    SLICE_X43Y159        LUT4 (Prop_lut4_I3_O)        0.296     1.310 r  u_confreg/timer[0]_i_6/O
                         net (fo=1, routed)           0.000     1.310    u_confreg/timer[0]_i_6_n_0
    SLICE_X43Y159        CARRY4 (Prop_carry4_S[0]_CO[3])
                                                      0.532     1.842 r  u_confreg/timer_reg[0]_i_1/CO[3]
                         net (fo=1, routed)           0.000     1.842    u_confreg/timer_reg[0]_i_1_n_0
    SLICE_X43Y160        CARRY4 (Prop_carry4_CI_CO[3])
                                                      0.114     1.956 r  u_confreg/timer_reg[4]_i_1/CO[3]
                         net (fo=1, routed)           0.000     1.956    u_confreg/timer_reg[4]_i_1_n_0
    SLICE_X43Y161        CARRY4 (Prop_carry4_CI_CO[3])
                                                      0.114     2.070 r  u_confreg/timer_reg[8]_i_1/CO[3]
                         net (fo=1, routed)           0.000     2.070    u_confreg/timer_reg[8]_i_1_n_0
    SLICE_X43Y162        CARRY4 (Prop_carry4_CI_CO[3])
                                                      0.114     2.184 r  u_confreg/timer_reg[12]_i_1/CO[3]
                         net (fo=1, routed)           0.000     2.184    u_confreg/timer_reg[12]_i_1_n_0
    SLICE_X43Y163        CARRY4 (Prop_carry4_CI_CO[3])
                                                      0.114     2.298 r  u_confreg/timer_reg[16]_i_1/CO[3]
                         net (fo=1, routed)           0.000     2.298    u_confreg/timer_reg[16]_i_1_n_0
    SLICE_X43Y164        CARRY4 (Prop_carry4_CI_CO[3])
                                                      0.114     2.412 r  u_confreg/timer_reg[20]_i_1/CO[3]
                         net (fo=1, routed)           0.000     2.412    u_confreg/timer_reg[20]_i_1_n_0
    SLICE_X43Y165        CARRY4 (Prop_carry4_CI_O[0])
                                                      0.223     2.635 r  u_confreg/timer_reg[24]_i_1/O[0]
                         net (fo=1, routed)           0.000     2.635    u_confreg/timer_reg[24]_i_1_n_7
    SLICE_X43Y165        FDRE                                         r  u_confreg/timer_reg[24]/D
  -------------------------------------------------------------------    -------------------

                         (clock timer_clk_clk_pll rise edge)
                                                     10.000    10.000 r  
    AC19                                              0.000    10.000 r  clk (IN)
                         net (fo=0)                   0.000    10.000    pll.clk_pll/inst/clk_in1
    AC19                 IBUF (Prop_ibuf_I_O)         1.414    11.414 r  pll.clk_pll/inst/clkin1_ibufg/O
                         net (fo=1, routed)           1.531    12.945    pll.clk_pll/inst/clk_in1_clk_pll
    PLLE2_ADV_X0Y2       PLLE2_ADV (Prop_plle2_adv_CLKIN1_CLKOUT1)
                                                     -8.262     4.684 r  pll.clk_pll/inst/plle2_adv_inst/CLKOUT1
                         net (fo=1, routed)           1.755     6.439    pll.clk_pll/inst/timer_clk_clk_pll
    BUFGCTRL_X0Y1        BUFG (Prop_bufg_I_O)         0.091     6.530 r  pll.clk_pll/inst/clkout2_buf/O
                         net (fo=99, routed)          1.534     8.064    u_confreg/timer_clk
    SLICE_X43Y165        FDRE                                         r  u_confreg/timer_reg[24]/C
                         clock pessimism             -0.420     7.644    
                         clock uncertainty           -0.077     7.566    
    SLICE_X43Y165        FDRE (Setup_fdre_C_D)        0.062     7.628    u_confreg/timer_reg[24]
  -------------------------------------------------------------------
                         required time                          7.628    
                         arrival time                          -2.635    
  -------------------------------------------------------------------
                         slack                                  4.994    

Slack (MET) :             4.998ns  (required time - arrival time)
  Source:                 u_confreg/write_timer_begin_r2_reg/C
                            (rising edge-triggered cell FDRE clocked by timer_clk_clk_pll  {rise@0.000ns fall@5.000ns period=10.000ns})
  Destination:            u_confreg/timer_reg[21]/D
                            (rising edge-triggered cell FDRE clocked by timer_clk_clk_pll  {rise@0.000ns fall@5.000ns period=10.000ns})
  Path Group:             timer_clk_clk_pll
  Path Type:              Setup (Max at Slow Process Corner)
  Requirement:            10.000ns  (timer_clk_clk_pll rise@10.000ns - timer_clk_clk_pll rise@0.000ns)
  Data Path Delay:        4.949ns  (logic 2.037ns (41.159%)  route 2.912ns (58.841%))
  Logic Levels:           7  (CARRY4=6 LUT4=1)
  Clock Path Skew:        -0.038ns (DCD - SCD + CPR)
    Destination Clock Delay (DCD):    -1.935ns = ( 8.065 - 10.000 ) 
    Source Clock Delay      (SCD):    -2.317ns
    Clock Pessimism Removal (CPR):    -0.420ns
  Clock Uncertainty:      0.077ns  ((TSJ^2 + DJ^2)^1/2) / 2 + PE
    Total System Jitter     (TSJ):    0.071ns
    Discrete Jitter          (DJ):    0.138ns
    Phase Error              (PE):    0.000ns

    Location             Delay type                Incr(ns)  Path(ns)    Netlist Resource(s)
  -------------------------------------------------------------------    -------------------
                         (clock timer_clk_clk_pll rise edge)
                                                      0.000     0.000 r  
    AC19                                              0.000     0.000 r  clk (IN)
                         net (fo=0)                   0.000     0.000    pll.clk_pll/inst/clk_in1
    AC19                 IBUF (Prop_ibuf_I_O)         1.485     1.485 r  pll.clk_pll/inst/clkin1_ibufg/O
                         net (fo=1, routed)           1.619     3.104    pll.clk_pll/inst/clk_in1_clk_pll
    PLLE2_ADV_X0Y2       PLLE2_ADV (Prop_plle2_adv_CLKIN1_CLKOUT1)
                                                     -9.006    -5.902 r  pll.clk_pll/inst/plle2_adv_inst/CLKOUT1
                         net (fo=1, routed)           1.837    -4.064    pll.clk_pll/inst/timer_clk_clk_pll
    BUFGCTRL_X0Y1        BUFG (Prop_bufg_I_O)         0.096    -3.968 r  pll.clk_pll/inst/clkout2_buf/O
                         net (fo=99, routed)          1.651    -2.317    u_confreg/timer_clk
    SLICE_X45Y167        FDRE                                         r  u_confreg/write_timer_begin_r2_reg/C
  -------------------------------------------------------------------    -------------------
    SLICE_X45Y167        FDRE (Prop_fdre_C_Q)         0.419    -1.898 r  u_confreg/write_timer_begin_r2_reg/Q
                         net (fo=35, routed)          2.912     1.014    u_confreg/write_timer_begin_r2
    SLICE_X43Y159        LUT4 (Prop_lut4_I3_O)        0.296     1.310 r  u_confreg/timer[0]_i_6/O
                         net (fo=1, routed)           0.000     1.310    u_confreg/timer[0]_i_6_n_0
    SLICE_X43Y159        CARRY4 (Prop_carry4_S[0]_CO[3])
                                                      0.532     1.842 r  u_confreg/timer_reg[0]_i_1/CO[3]
                         net (fo=1, routed)           0.000     1.842    u_confreg/timer_reg[0]_i_1_n_0
    SLICE_X43Y160        CARRY4 (Prop_carry4_CI_CO[3])
                                                      0.114     1.956 r  u_confreg/timer_reg[4]_i_1/CO[3]
                         net (fo=1, routed)           0.000     1.956    u_confreg/timer_reg[4]_i_1_n_0
    SLICE_X43Y161        CARRY4 (Prop_carry4_CI_CO[3])
                                                      0.114     2.070 r  u_confreg/timer_reg[8]_i_1/CO[3]
                         net (fo=1, routed)           0.000     2.070    u_confreg/timer_reg[8]_i_1_n_0
    SLICE_X43Y162        CARRY4 (Prop_carry4_CI_CO[3])
                                                      0.114     2.184 r  u_confreg/timer_reg[12]_i_1/CO[3]
                         net (fo=1, routed)           0.000     2.184    u_confreg/timer_reg[12]_i_1_n_0
    SLICE_X43Y163        CARRY4 (Prop_carry4_CI_CO[3])
                                                      0.114     2.298 r  u_confreg/timer_reg[16]_i_1/CO[3]
                         net (fo=1, routed)           0.000     2.298    u_confreg/timer_reg[16]_i_1_n_0
    SLICE_X43Y164        CARRY4 (Prop_carry4_CI_O[1])
                                                      0.334     2.632 r  u_confreg/timer_reg[20]_i_1/O[1]
                         net (fo=1, routed)           0.000     2.632    u_confreg/timer_reg[20]_i_1_n_6
    SLICE_X43Y164        FDRE                                         r  u_confreg/timer_reg[21]/D
  -------------------------------------------------------------------    -------------------

                         (clock timer_clk_clk_pll rise edge)
                                                     10.000    10.000 r  
    AC19                                              0.000    10.000 r  clk (IN)
                         net (fo=0)                   0.000    10.000    pll.clk_pll/inst/clk_in1
    AC19                 IBUF (Prop_ibuf_I_O)         1.414    11.414 r  pll.clk_pll/inst/clkin1_ibufg/O
                         net (fo=1, routed)           1.531    12.945    pll.clk_pll/inst/clk_in1_clk_pll
    PLLE2_ADV_X0Y2       PLLE2_ADV (Prop_plle2_adv_CLKIN1_CLKOUT1)
                                                     -8.262     4.684 r  pll.clk_pll/inst/plle2_adv_inst/CLKOUT1
                         net (fo=1, routed)           1.755     6.439    pll.clk_pll/inst/timer_clk_clk_pll
    BUFGCTRL_X0Y1        BUFG (Prop_bufg_I_O)         0.091     6.530 r  pll.clk_pll/inst/clkout2_buf/O
                         net (fo=99, routed)          1.535     8.065    u_confreg/timer_clk
    SLICE_X43Y164        FDRE                                         r  u_confreg/timer_reg[21]/C
                         clock pessimism             -0.420     7.645    
                         clock uncertainty           -0.077     7.567    
    SLICE_X43Y164        FDRE (Setup_fdre_C_D)        0.062     7.629    u_confreg/timer_reg[21]
  -------------------------------------------------------------------
                         required time                          7.629    
                         arrival time                          -2.632    
  -------------------------------------------------------------------
                         slack                                  4.998    

Slack (MET) :             5.019ns  (required time - arrival time)
  Source:                 u_confreg/write_timer_begin_r2_reg/C
                            (rising edge-triggered cell FDRE clocked by timer_clk_clk_pll  {rise@0.000ns fall@5.000ns period=10.000ns})
  Destination:            u_confreg/timer_reg[23]/D
                            (rising edge-triggered cell FDRE clocked by timer_clk_clk_pll  {rise@0.000ns fall@5.000ns period=10.000ns})
  Path Group:             timer_clk_clk_pll
  Path Type:              Setup (Max at Slow Process Corner)
  Requirement:            10.000ns  (timer_clk_clk_pll rise@10.000ns - timer_clk_clk_pll rise@0.000ns)
  Data Path Delay:        4.928ns  (logic 2.016ns (40.909%)  route 2.912ns (59.091%))
  Logic Levels:           7  (CARRY4=6 LUT4=1)
  Clock Path Skew:        -0.038ns (DCD - SCD + CPR)
    Destination Clock Delay (DCD):    -1.935ns = ( 8.065 - 10.000 ) 
    Source Clock Delay      (SCD):    -2.317ns
    Clock Pessimism Removal (CPR):    -0.420ns
  Clock Uncertainty:      0.077ns  ((TSJ^2 + DJ^2)^1/2) / 2 + PE
    Total System Jitter     (TSJ):    0.071ns
    Discrete Jitter          (DJ):    0.138ns
    Phase Error              (PE):    0.000ns

    Location             Delay type                Incr(ns)  Path(ns)    Netlist Resource(s)
  -------------------------------------------------------------------    -------------------
                         (clock timer_clk_clk_pll rise edge)
                                                      0.000     0.000 r  
    AC19                                              0.000     0.000 r  clk (IN)
                         net (fo=0)                   0.000     0.000    pll.clk_pll/inst/clk_in1
    AC19                 IBUF (Prop_ibuf_I_O)         1.485     1.485 r  pll.clk_pll/inst/clkin1_ibufg/O
                         net (fo=1, routed)           1.619     3.104    pll.clk_pll/inst/clk_in1_clk_pll
    PLLE2_ADV_X0Y2       PLLE2_ADV (Prop_plle2_adv_CLKIN1_CLKOUT1)
                                                     -9.006    -5.902 r  pll.clk_pll/inst/plle2_adv_inst/CLKOUT1
                         net (fo=1, routed)           1.837    -4.064    pll.clk_pll/inst/timer_clk_clk_pll
    BUFGCTRL_X0Y1        BUFG (Prop_bufg_I_O)         0.096    -3.968 r  pll.clk_pll/inst/clkout2_buf/O
                         net (fo=99, routed)          1.651    -2.317    u_confreg/timer_clk
    SLICE_X45Y167        FDRE                                         r  u_confreg/write_timer_begin_r2_reg/C
  -------------------------------------------------------------------    -------------------
    SLICE_X45Y167        FDRE (Prop_fdre_C_Q)         0.419    -1.898 r  u_confreg/write_timer_begin_r2_reg/Q
                         net (fo=35, routed)          2.912     1.014    u_confreg/write_timer_begin_r2
    SLICE_X43Y159        LUT4 (Prop_lut4_I3_O)        0.296     1.310 r  u_confreg/timer[0]_i_6/O
                         net (fo=1, routed)           0.000     1.310    u_confreg/timer[0]_i_6_n_0
    SLICE_X43Y159        CARRY4 (Prop_carry4_S[0]_CO[3])
                                                      0.532     1.842 r  u_confreg/timer_reg[0]_i_1/CO[3]
                         net (fo=1, routed)           0.000     1.842    u_confreg/timer_reg[0]_i_1_n_0
    SLICE_X43Y160        CARRY4 (Prop_carry4_CI_CO[3])
                                                      0.114     1.956 r  u_confreg/timer_reg[4]_i_1/CO[3]
                         net (fo=1, routed)           0.000     1.956    u_confreg/timer_reg[4]_i_1_n_0
    SLICE_X43Y161        CARRY4 (Prop_carry4_CI_CO[3])
                                                      0.114     2.070 r  u_confreg/timer_reg[8]_i_1/CO[3]
                         net (fo=1, routed)           0.000     2.070    u_confreg/timer_reg[8]_i_1_n_0
    SLICE_X43Y162        CARRY4 (Prop_carry4_CI_CO[3])
                                                      0.114     2.184 r  u_confreg/timer_reg[12]_i_1/CO[3]
                         net (fo=1, routed)           0.000     2.184    u_confreg/timer_reg[12]_i_1_n_0
    SLICE_X43Y163        CARRY4 (Prop_carry4_CI_CO[3])
                                                      0.114     2.298 r  u_confreg/timer_reg[16]_i_1/CO[3]
                         net (fo=1, routed)           0.000     2.298    u_confreg/timer_reg[16]_i_1_n_0
    SLICE_X43Y164        CARRY4 (Prop_carry4_CI_O[3])
                                                      0.313     2.611 r  u_confreg/timer_reg[20]_i_1/O[3]
                         net (fo=1, routed)           0.000     2.611    u_confreg/timer_reg[20]_i_1_n_4
    SLICE_X43Y164        FDRE                                         r  u_confreg/timer_reg[23]/D
  -------------------------------------------------------------------    -------------------

                         (clock timer_clk_clk_pll rise edge)
                                                     10.000    10.000 r  
    AC19                                              0.000    10.000 r  clk (IN)
                         net (fo=0)                   0.000    10.000    pll.clk_pll/inst/clk_in1
    AC19                 IBUF (Prop_ibuf_I_O)         1.414    11.414 r  pll.clk_pll/inst/clkin1_ibufg/O
                         net (fo=1, routed)           1.531    12.945    pll.clk_pll/inst/clk_in1_clk_pll
    PLLE2_ADV_X0Y2       PLLE2_ADV (Prop_plle2_adv_CLKIN1_CLKOUT1)
                                                     -8.262     4.684 r  pll.clk_pll/inst/plle2_adv_inst/CLKOUT1
                         net (fo=1, routed)           1.755     6.439    pll.clk_pll/inst/timer_clk_clk_pll
    BUFGCTRL_X0Y1        BUFG (Prop_bufg_I_O)         0.091     6.530 r  pll.clk_pll/inst/clkout2_buf/O
                         net (fo=99, routed)          1.535     8.065    u_confreg/timer_clk
    SLICE_X43Y164        FDRE                                         r  u_confreg/timer_reg[23]/C
                         clock pessimism             -0.420     7.645    
                         clock uncertainty           -0.077     7.567    
    SLICE_X43Y164        FDRE (Setup_fdre_C_D)        0.062     7.629    u_confreg/timer_reg[23]
  -------------------------------------------------------------------
                         required time                          7.629    
                         arrival time                          -2.611    
  -------------------------------------------------------------------
                         slack                                  5.019    





Min Delay Paths
--------------------------------------------------------------------------------------
Slack (MET) :             0.119ns  (arrival time - required time)
  Source:                 u_confreg/conf_wdata_r1_reg[31]/C
                            (rising edge-triggered cell FDRE clocked by timer_clk_clk_pll  {rise@0.000ns fall@5.000ns period=10.000ns})
  Destination:            u_confreg/conf_wdata_r2_reg[31]/D
                            (rising edge-triggered cell FDRE clocked by timer_clk_clk_pll  {rise@0.000ns fall@5.000ns period=10.000ns})
  Path Group:             timer_clk_clk_pll
  Path Type:              Hold (Min at Fast Process Corner)
  Requirement:            0.000ns  (timer_clk_clk_pll rise@0.000ns - timer_clk_clk_pll rise@0.000ns)
  Data Path Delay:        0.197ns  (logic 0.141ns (71.611%)  route 0.056ns (28.389%))
  Logic Levels:           0  
  Clock Path Skew:        0.000ns (DCD - SCD - CPR)
    Destination Clock Delay (DCD):    -0.305ns
    Source Clock Delay      (SCD):    -0.543ns
    Clock Pessimism Removal (CPR):    0.238ns

    Location             Delay type                Incr(ns)  Path(ns)    Netlist Resource(s)
  -------------------------------------------------------------------    -------------------
                         (clock timer_clk_clk_pll rise edge)
                                                      0.000     0.000 r  
    AC19                                              0.000     0.000 r  clk (IN)
                         net (fo=0)                   0.000     0.000    pll.clk_pll/inst/clk_in1
    AC19                 IBUF (Prop_ibuf_I_O)         0.253     0.253 r  pll.clk_pll/inst/clkin1_ibufg/O
                         net (fo=1, routed)           0.565     0.818    pll.clk_pll/inst/clk_in1_clk_pll
    PLLE2_ADV_X0Y2       PLLE2_ADV (Prop_plle2_adv_CLKIN1_CLKOUT1)
                                                     -2.523    -1.705 r  pll.clk_pll/inst/plle2_adv_inst/CLKOUT1
                         net (fo=1, routed)           0.560    -1.146    pll.clk_pll/inst/timer_clk_clk_pll
    BUFGCTRL_X0Y1        BUFG (Prop_bufg_I_O)         0.026    -1.120 r  pll.clk_pll/inst/clkout2_buf/O
                         net (fo=99, routed)          0.577    -0.543    u_confreg/timer_clk
    SLICE_X43Y168        FDRE                                         r  u_confreg/conf_wdata_r1_reg[31]/C
  -------------------------------------------------------------------    -------------------
    SLICE_X43Y168        FDRE (Prop_fdre_C_Q)         0.141    -0.402 r  u_confreg/conf_wdata_r1_reg[31]/Q
                         net (fo=1, routed)           0.056    -0.346    u_confreg/conf_wdata_r1[31]
    SLICE_X43Y168        FDRE                                         r  u_confreg/conf_wdata_r2_reg[31]/D
  -------------------------------------------------------------------    -------------------

                         (clock timer_clk_clk_pll rise edge)
                                                      0.000     0.000 r  
    AC19                                              0.000     0.000 r  clk (IN)
                         net (fo=0)                   0.000     0.000    pll.clk_pll/inst/clk_in1
    AC19                 IBUF (Prop_ibuf_I_O)         0.441     0.441 r  pll.clk_pll/inst/clkin1_ibufg/O
                         net (fo=1, routed)           0.620     1.061    pll.clk_pll/inst/clk_in1_clk_pll
    PLLE2_ADV_X0Y2       PLLE2_ADV (Prop_plle2_adv_CLKIN1_CLKOUT1)
                                                     -2.851    -1.790 r  pll.clk_pll/inst/plle2_adv_inst/CLKOUT1
                         net (fo=1, routed)           0.611    -1.180    pll.clk_pll/inst/timer_clk_clk_pll
    BUFGCTRL_X0Y1        BUFG (Prop_bufg_I_O)         0.029    -1.151 r  pll.clk_pll/inst/clkout2_buf/O
                         net (fo=99, routed)          0.845    -0.305    u_confreg/timer_clk
    SLICE_X43Y168        FDRE                                         r  u_confreg/conf_wdata_r2_reg[31]/C
                         clock pessimism             -0.238    -0.543    
    SLICE_X43Y168        FDRE (Hold_fdre_C_D)         0.078    -0.465    u_confreg/conf_wdata_r2_reg[31]
  -------------------------------------------------------------------
                         required time                          0.465    
                         arrival time                          -0.346    
  -------------------------------------------------------------------
                         slack                                  0.119    

Slack (MET) :             0.119ns  (arrival time - required time)
  Source:                 u_confreg/conf_wdata_r1_reg[19]/C
                            (rising edge-triggered cell FDRE clocked by timer_clk_clk_pll  {rise@0.000ns fall@5.000ns period=10.000ns})
  Destination:            u_confreg/conf_wdata_r2_reg[19]/D
                            (rising edge-triggered cell FDRE clocked by timer_clk_clk_pll  {rise@0.000ns fall@5.000ns period=10.000ns})
  Path Group:             timer_clk_clk_pll
  Path Type:              Hold (Min at Fast Process Corner)
  Requirement:            0.000ns  (timer_clk_clk_pll rise@0.000ns - timer_clk_clk_pll rise@0.000ns)
  Data Path Delay:        0.197ns  (logic 0.141ns (71.611%)  route 0.056ns (28.389%))
  Logic Levels:           0  
  Clock Path Skew:        0.000ns (DCD - SCD - CPR)
    Destination Clock Delay (DCD):    -0.270ns
    Source Clock Delay      (SCD):    -0.510ns
    Clock Pessimism Removal (CPR):    0.240ns

    Location             Delay type                Incr(ns)  Path(ns)    Netlist Resource(s)
  -------------------------------------------------------------------    -------------------
                         (clock timer_clk_clk_pll rise edge)
                                                      0.000     0.000 r  
    AC19                                              0.000     0.000 r  clk (IN)
                         net (fo=0)                   0.000     0.000    pll.clk_pll/inst/clk_in1
    AC19                 IBUF (Prop_ibuf_I_O)         0.253     0.253 r  pll.clk_pll/inst/clkin1_ibufg/O
                         net (fo=1, routed)           0.565     0.818    pll.clk_pll/inst/clk_in1_clk_pll
    PLLE2_ADV_X0Y2       PLLE2_ADV (Prop_plle2_adv_CLKIN1_CLKOUT1)
                                                     -2.523    -1.705 r  pll.clk_pll/inst/plle2_adv_inst/CLKOUT1
                         net (fo=1, routed)           0.560    -1.146    pll.clk_pll/inst/timer_clk_clk_pll
    BUFGCTRL_X0Y1        BUFG (Prop_bufg_I_O)         0.026    -1.120 r  pll.clk_pll/inst/clkout2_buf/O
                         net (fo=99, routed)          0.610    -0.510    u_confreg/timer_clk
    SLICE_X41Y164        FDRE                                         r  u_confreg/conf_wdata_r1_reg[19]/C
  -------------------------------------------------------------------    -------------------
    SLICE_X41Y164        FDRE (Prop_fdre_C_Q)         0.141    -0.369 r  u_confreg/conf_wdata_r1_reg[19]/Q
                         net (fo=1, routed)           0.056    -0.313    u_confreg/conf_wdata_r1[19]
    SLICE_X41Y164        FDRE                                         r  u_confreg/conf_wdata_r2_reg[19]/D
  -------------------------------------------------------------------    -------------------

                         (clock timer_clk_clk_pll rise edge)
                                                      0.000     0.000 r  
    AC19                                              0.000     0.000 r  clk (IN)
                         net (fo=0)                   0.000     0.000    pll.clk_pll/inst/clk_in1
    AC19                 IBUF (Prop_ibuf_I_O)         0.441     0.441 r  pll.clk_pll/inst/clkin1_ibufg/O
                         net (fo=1, routed)           0.620     1.061    pll.clk_pll/inst/clk_in1_clk_pll
    PLLE2_ADV_X0Y2       PLLE2_ADV (Prop_plle2_adv_CLKIN1_CLKOUT1)
                                                     -2.851    -1.790 r  pll.clk_pll/inst/plle2_adv_inst/CLKOUT1
                         net (fo=1, routed)           0.611    -1.180    pll.clk_pll/inst/timer_clk_clk_pll
    BUFGCTRL_X0Y1        BUFG (Prop_bufg_I_O)         0.029    -1.151 r  pll.clk_pll/inst/clkout2_buf/O
                         net (fo=99, routed)          0.881    -0.270    u_confreg/timer_clk
    SLICE_X41Y164        FDRE                                         r  u_confreg/conf_wdata_r2_reg[19]/C
                         clock pessimism             -0.240    -0.510    
    SLICE_X41Y164        FDRE (Hold_fdre_C_D)         0.078    -0.432    u_confreg/conf_wdata_r2_reg[19]
  -------------------------------------------------------------------
                         required time                          0.432    
                         arrival time                          -0.313    
  -------------------------------------------------------------------
                         slack                                  0.119    

Slack (MET) :             0.119ns  (arrival time - required time)
  Source:                 u_confreg/conf_wdata_r1_reg[6]/C
                            (rising edge-triggered cell FDRE clocked by timer_clk_clk_pll  {rise@0.000ns fall@5.000ns period=10.000ns})
  Destination:            u_confreg/conf_wdata_r2_reg[6]/D
                            (rising edge-triggered cell FDRE clocked by timer_clk_clk_pll  {rise@0.000ns fall@5.000ns period=10.000ns})
  Path Group:             timer_clk_clk_pll
  Path Type:              Hold (Min at Fast Process Corner)
  Requirement:            0.000ns  (timer_clk_clk_pll rise@0.000ns - timer_clk_clk_pll rise@0.000ns)
  Data Path Delay:        0.197ns  (logic 0.141ns (71.611%)  route 0.056ns (28.389%))
  Logic Levels:           0  
  Clock Path Skew:        0.000ns (DCD - SCD - CPR)
    Destination Clock Delay (DCD):    -0.265ns
    Source Clock Delay      (SCD):    -0.506ns
    Clock Pessimism Removal (CPR):    0.241ns

    Location             Delay type                Incr(ns)  Path(ns)    Netlist Resource(s)
  -------------------------------------------------------------------    -------------------
                         (clock timer_clk_clk_pll rise edge)
                                                      0.000     0.000 r  
    AC19                                              0.000     0.000 r  clk (IN)
                         net (fo=0)                   0.000     0.000    pll.clk_pll/inst/clk_in1
    AC19                 IBUF (Prop_ibuf_I_O)         0.253     0.253 r  pll.clk_pll/inst/clkin1_ibufg/O
                         net (fo=1, routed)           0.565     0.818    pll.clk_pll/inst/clk_in1_clk_pll
    PLLE2_ADV_X0Y2       PLLE2_ADV (Prop_plle2_adv_CLKIN1_CLKOUT1)
                                                     -2.523    -1.705 r  pll.clk_pll/inst/plle2_adv_inst/CLKOUT1
                         net (fo=1, routed)           0.560    -1.146    pll.clk_pll/inst/timer_clk_clk_pll
    BUFGCTRL_X0Y1        BUFG (Prop_bufg_I_O)         0.026    -1.120 r  pll.clk_pll/inst/clkout2_buf/O
                         net (fo=99, routed)          0.614    -0.506    u_confreg/timer_clk
    SLICE_X41Y155        FDRE                                         r  u_confreg/conf_wdata_r1_reg[6]/C
  -------------------------------------------------------------------    -------------------
    SLICE_X41Y155        FDRE (Prop_fdre_C_Q)         0.141    -0.365 r  u_confreg/conf_wdata_r1_reg[6]/Q
                         net (fo=1, routed)           0.056    -0.309    u_confreg/conf_wdata_r1[6]
    SLICE_X41Y155        FDRE                                         r  u_confreg/conf_wdata_r2_reg[6]/D
  -------------------------------------------------------------------    -------------------

                         (clock timer_clk_clk_pll rise edge)
                                                      0.000     0.000 r  
    AC19                                              0.000     0.000 r  clk (IN)
                         net (fo=0)                   0.000     0.000    pll.clk_pll/inst/clk_in1
    AC19                 IBUF (Prop_ibuf_I_O)         0.441     0.441 r  pll.clk_pll/inst/clkin1_ibufg/O
                         net (fo=1, routed)           0.620     1.061    pll.clk_pll/inst/clk_in1_clk_pll
    PLLE2_ADV_X0Y2       PLLE2_ADV (Prop_plle2_adv_CLKIN1_CLKOUT1)
                                                     -2.851    -1.790 r  pll.clk_pll/inst/plle2_adv_inst/CLKOUT1
                         net (fo=1, routed)           0.611    -1.180    pll.clk_pll/inst/timer_clk_clk_pll
    BUFGCTRL_X0Y1        BUFG (Prop_bufg_I_O)         0.029    -1.151 r  pll.clk_pll/inst/clkout2_buf/O
                         net (fo=99, routed)          0.886    -0.265    u_confreg/timer_clk
    SLICE_X41Y155        FDRE                                         r  u_confreg/conf_wdata_r2_reg[6]/C
                         clock pessimism             -0.241    -0.506    
    SLICE_X41Y155        FDRE (Hold_fdre_C_D)         0.078    -0.428    u_confreg/conf_wdata_r2_reg[6]
  -------------------------------------------------------------------
                         required time                          0.428    
                         arrival time                          -0.309    
  -------------------------------------------------------------------
                         slack                                  0.119    

Slack (MET) :             0.119ns  (arrival time - required time)
  Source:                 u_confreg/conf_wdata_r1_reg[8]/C
                            (rising edge-triggered cell FDRE clocked by timer_clk_clk_pll  {rise@0.000ns fall@5.000ns period=10.000ns})
  Destination:            u_confreg/conf_wdata_r2_reg[8]/D
                            (rising edge-triggered cell FDRE clocked by timer_clk_clk_pll  {rise@0.000ns fall@5.000ns period=10.000ns})
  Path Group:             timer_clk_clk_pll
  Path Type:              Hold (Min at Fast Process Corner)
  Requirement:            0.000ns  (timer_clk_clk_pll rise@0.000ns - timer_clk_clk_pll rise@0.000ns)
  Data Path Delay:        0.197ns  (logic 0.141ns (71.611%)  route 0.056ns (28.389%))
  Logic Levels:           0  
  Clock Path Skew:        0.000ns (DCD - SCD - CPR)
    Destination Clock Delay (DCD):    -0.270ns
    Source Clock Delay      (SCD):    -0.510ns
    Clock Pessimism Removal (CPR):    0.240ns

    Location             Delay type                Incr(ns)  Path(ns)    Netlist Resource(s)
  -------------------------------------------------------------------    -------------------
                         (clock timer_clk_clk_pll rise edge)
                                                      0.000     0.000 r  
    AC19                                              0.000     0.000 r  clk (IN)
                         net (fo=0)                   0.000     0.000    pll.clk_pll/inst/clk_in1
    AC19                 IBUF (Prop_ibuf_I_O)         0.253     0.253 r  pll.clk_pll/inst/clkin1_ibufg/O
                         net (fo=1, routed)           0.565     0.818    pll.clk_pll/inst/clk_in1_clk_pll
    PLLE2_ADV_X0Y2       PLLE2_ADV (Prop_plle2_adv_CLKIN1_CLKOUT1)
                                                     -2.523    -1.705 r  pll.clk_pll/inst/plle2_adv_inst/CLKOUT1
                         net (fo=1, routed)           0.560    -1.146    pll.clk_pll/inst/timer_clk_clk_pll
    BUFGCTRL_X0Y1        BUFG (Prop_bufg_I_O)         0.026    -1.120 r  pll.clk_pll/inst/clkout2_buf/O
                         net (fo=99, routed)          0.610    -0.510    u_confreg/timer_clk
    SLICE_X41Y163        FDRE                                         r  u_confreg/conf_wdata_r1_reg[8]/C
  -------------------------------------------------------------------    -------------------
    SLICE_X41Y163        FDRE (Prop_fdre_C_Q)         0.141    -0.369 r  u_confreg/conf_wdata_r1_reg[8]/Q
                         net (fo=1, routed)           0.056    -0.313    u_confreg/conf_wdata_r1[8]
    SLICE_X41Y163        FDRE                                         r  u_confreg/conf_wdata_r2_reg[8]/D
  -------------------------------------------------------------------    -------------------

                         (clock timer_clk_clk_pll rise edge)
                                                      0.000     0.000 r  
    AC19                                              0.000     0.000 r  clk (IN)
                         net (fo=0)                   0.000     0.000    pll.clk_pll/inst/clk_in1
    AC19                 IBUF (Prop_ibuf_I_O)         0.441     0.441 r  pll.clk_pll/inst/clkin1_ibufg/O
                         net (fo=1, routed)           0.620     1.061    pll.clk_pll/inst/clk_in1_clk_pll
    PLLE2_ADV_X0Y2       PLLE2_ADV (Prop_plle2_adv_CLKIN1_CLKOUT1)
                                                     -2.851    -1.790 r  pll.clk_pll/inst/plle2_adv_inst/CLKOUT1
                         net (fo=1, routed)           0.611    -1.180    pll.clk_pll/inst/timer_clk_clk_pll
    BUFGCTRL_X0Y1        BUFG (Prop_bufg_I_O)         0.029    -1.151 r  pll.clk_pll/inst/clkout2_buf/O
                         net (fo=99, routed)          0.881    -0.270    u_confreg/timer_clk
    SLICE_X41Y163        FDRE                                         r  u_confreg/conf_wdata_r2_reg[8]/C
                         clock pessimism             -0.240    -0.510    
    SLICE_X41Y163        FDRE (Hold_fdre_C_D)         0.078    -0.432    u_confreg/conf_wdata_r2_reg[8]
  -------------------------------------------------------------------
                         required time                          0.432    
                         arrival time                          -0.313    
  -------------------------------------------------------------------
                         slack                                  0.119    

Slack (MET) :             0.119ns  (arrival time - required time)
  Source:                 u_confreg/conf_wdata_r1_reg[9]/C
                            (rising edge-triggered cell FDRE clocked by timer_clk_clk_pll  {rise@0.000ns fall@5.000ns period=10.000ns})
  Destination:            u_confreg/conf_wdata_r2_reg[9]/D
                            (rising edge-triggered cell FDRE clocked by timer_clk_clk_pll  {rise@0.000ns fall@5.000ns period=10.000ns})
  Path Group:             timer_clk_clk_pll
  Path Type:              Hold (Min at Fast Process Corner)
  Requirement:            0.000ns  (timer_clk_clk_pll rise@0.000ns - timer_clk_clk_pll rise@0.000ns)
  Data Path Delay:        0.197ns  (logic 0.141ns (71.611%)  route 0.056ns (28.389%))
  Logic Levels:           0  
  Clock Path Skew:        0.000ns (DCD - SCD - CPR)
    Destination Clock Delay (DCD):    -0.297ns
    Source Clock Delay      (SCD):    -0.537ns
    Clock Pessimism Removal (CPR):    0.240ns

    Location             Delay type                Incr(ns)  Path(ns)    Netlist Resource(s)
  -------------------------------------------------------------------    -------------------
                         (clock timer_clk_clk_pll rise edge)
                                                      0.000     0.000 r  
    AC19                                              0.000     0.000 r  clk (IN)
                         net (fo=0)                   0.000     0.000    pll.clk_pll/inst/clk_in1
    AC19                 IBUF (Prop_ibuf_I_O)         0.253     0.253 r  pll.clk_pll/inst/clkin1_ibufg/O
                         net (fo=1, routed)           0.565     0.818    pll.clk_pll/inst/clk_in1_clk_pll
    PLLE2_ADV_X0Y2       PLLE2_ADV (Prop_plle2_adv_CLKIN1_CLKOUT1)
                                                     -2.523    -1.705 r  pll.clk_pll/inst/plle2_adv_inst/CLKOUT1
                         net (fo=1, routed)           0.560    -1.146    pll.clk_pll/inst/timer_clk_clk_pll
    BUFGCTRL_X0Y1        BUFG (Prop_bufg_I_O)         0.026    -1.120 r  pll.clk_pll/inst/clkout2_buf/O
                         net (fo=99, routed)          0.583    -0.537    u_confreg/timer_clk
    SLICE_X43Y157        FDRE                                         r  u_confreg/conf_wdata_r1_reg[9]/C
  -------------------------------------------------------------------    -------------------
    SLICE_X43Y157        FDRE (Prop_fdre_C_Q)         0.141    -0.396 r  u_confreg/conf_wdata_r1_reg[9]/Q
                         net (fo=1, routed)           0.056    -0.340    u_confreg/conf_wdata_r1[9]
    SLICE_X43Y157        FDRE                                         r  u_confreg/conf_wdata_r2_reg[9]/D
  -------------------------------------------------------------------    -------------------

                         (clock timer_clk_clk_pll rise edge)
                                                      0.000     0.000 r  
    AC19                                              0.000     0.000 r  clk (IN)
                         net (fo=0)                   0.000     0.000    pll.clk_pll/inst/clk_in1
    AC19                 IBUF (Prop_ibuf_I_O)         0.441     0.441 r  pll.clk_pll/inst/clkin1_ibufg/O
                         net (fo=1, routed)           0.620     1.061    pll.clk_pll/inst/clk_in1_clk_pll
    PLLE2_ADV_X0Y2       PLLE2_ADV (Prop_plle2_adv_CLKIN1_CLKOUT1)
                                                     -2.851    -1.790 r  pll.clk_pll/inst/plle2_adv_inst/CLKOUT1
                         net (fo=1, routed)           0.611    -1.180    pll.clk_pll/inst/timer_clk_clk_pll
    BUFGCTRL_X0Y1        BUFG (Prop_bufg_I_O)         0.029    -1.151 r  pll.clk_pll/inst/clkout2_buf/O
                         net (fo=99, routed)          0.853    -0.297    u_confreg/timer_clk
    SLICE_X43Y157        FDRE                                         r  u_confreg/conf_wdata_r2_reg[9]/C
                         clock pessimism             -0.240    -0.537    
    SLICE_X43Y157        FDRE (Hold_fdre_C_D)         0.078    -0.459    u_confreg/conf_wdata_r2_reg[9]
  -------------------------------------------------------------------
                         required time                          0.459    
                         arrival time                          -0.340    
  -------------------------------------------------------------------
                         slack                                  0.119    

Slack (MET) :             0.119ns  (arrival time - required time)
  Source:                 u_confreg/conf_wdata_r1_reg[23]/C
                            (rising edge-triggered cell FDRE clocked by timer_clk_clk_pll  {rise@0.000ns fall@5.000ns period=10.000ns})
  Destination:            u_confreg/conf_wdata_r2_reg[23]/D
                            (rising edge-triggered cell FDRE clocked by timer_clk_clk_pll  {rise@0.000ns fall@5.000ns period=10.000ns})
  Path Group:             timer_clk_clk_pll
  Path Type:              Hold (Min at Fast Process Corner)
  Requirement:            0.000ns  (timer_clk_clk_pll rise@0.000ns - timer_clk_clk_pll rise@0.000ns)
  Data Path Delay:        0.197ns  (logic 0.141ns (71.611%)  route 0.056ns (28.389%))
  Logic Levels:           0  
  Clock Path Skew:        0.000ns (DCD - SCD - CPR)
    Destination Clock Delay (DCD):    -0.304ns
    Source Clock Delay      (SCD):    -0.542ns
    Clock Pessimism Removal (CPR):    0.238ns

    Location             Delay type                Incr(ns)  Path(ns)    Netlist Resource(s)
  -------------------------------------------------------------------    -------------------
                         (clock timer_clk_clk_pll rise edge)
                                                      0.000     0.000 r  
    AC19                                              0.000     0.000 r  clk (IN)
                         net (fo=0)                   0.000     0.000    pll.clk_pll/inst/clk_in1
    AC19                 IBUF (Prop_ibuf_I_O)         0.253     0.253 r  pll.clk_pll/inst/clkin1_ibufg/O
                         net (fo=1, routed)           0.565     0.818    pll.clk_pll/inst/clk_in1_clk_pll
    PLLE2_ADV_X0Y2       PLLE2_ADV (Prop_plle2_adv_CLKIN1_CLKOUT1)
                                                     -2.523    -1.705 r  pll.clk_pll/inst/plle2_adv_inst/CLKOUT1
                         net (fo=1, routed)           0.560    -1.146    pll.clk_pll/inst/timer_clk_clk_pll
    BUFGCTRL_X0Y1        BUFG (Prop_bufg_I_O)         0.026    -1.120 r  pll.clk_pll/inst/clkout2_buf/O
                         net (fo=99, routed)          0.578    -0.542    u_confreg/timer_clk
    SLICE_X43Y167        FDRE                                         r  u_confreg/conf_wdata_r1_reg[23]/C
  -------------------------------------------------------------------    -------------------
    SLICE_X43Y167        FDRE (Prop_fdre_C_Q)         0.141    -0.401 r  u_confreg/conf_wdata_r1_reg[23]/Q
                         net (fo=1, routed)           0.056    -0.345    u_confreg/conf_wdata_r1[23]
    SLICE_X43Y167        FDRE                                         r  u_confreg/conf_wdata_r2_reg[23]/D
  -------------------------------------------------------------------    -------------------

                         (clock timer_clk_clk_pll rise edge)
                                                      0.000     0.000 r  
    AC19                                              0.000     0.000 r  clk (IN)
                         net (fo=0)                   0.000     0.000    pll.clk_pll/inst/clk_in1
    AC19                 IBUF (Prop_ibuf_I_O)         0.441     0.441 r  pll.clk_pll/inst/clkin1_ibufg/O
                         net (fo=1, routed)           0.620     1.061    pll.clk_pll/inst/clk_in1_clk_pll
    PLLE2_ADV_X0Y2       PLLE2_ADV (Prop_plle2_adv_CLKIN1_CLKOUT1)
                                                     -2.851    -1.790 r  pll.clk_pll/inst/plle2_adv_inst/CLKOUT1
                         net (fo=1, routed)           0.611    -1.180    pll.clk_pll/inst/timer_clk_clk_pll
    BUFGCTRL_X0Y1        BUFG (Prop_bufg_I_O)         0.029    -1.151 r  pll.clk_pll/inst/clkout2_buf/O
                         net (fo=99, routed)          0.846    -0.304    u_confreg/timer_clk
    SLICE_X43Y167        FDRE                                         r  u_confreg/conf_wdata_r2_reg[23]/C
                         clock pessimism             -0.238    -0.542    
    SLICE_X43Y167        FDRE (Hold_fdre_C_D)         0.078    -0.464    u_confreg/conf_wdata_r2_reg[23]
  -------------------------------------------------------------------
                         required time                          0.464    
                         arrival time                          -0.345    
  -------------------------------------------------------------------
                         slack                                  0.119    

Slack (MET) :             0.121ns  (arrival time - required time)
  Source:                 u_confreg/conf_wdata_r1_reg[29]/C
                            (rising edge-triggered cell FDRE clocked by timer_clk_clk_pll  {rise@0.000ns fall@5.000ns period=10.000ns})
  Destination:            u_confreg/conf_wdata_r2_reg[29]/D
                            (rising edge-triggered cell FDRE clocked by timer_clk_clk_pll  {rise@0.000ns fall@5.000ns period=10.000ns})
  Path Group:             timer_clk_clk_pll
  Path Type:              Hold (Min at Fast Process Corner)
  Requirement:            0.000ns  (timer_clk_clk_pll rise@0.000ns - timer_clk_clk_pll rise@0.000ns)
  Data Path Delay:        0.197ns  (logic 0.141ns (71.611%)  route 0.056ns (28.389%))
  Logic Levels:           0  
  Clock Path Skew:        0.000ns (DCD - SCD - CPR)
    Destination Clock Delay (DCD):    -0.305ns
    Source Clock Delay      (SCD):    -0.543ns
    Clock Pessimism Removal (CPR):    0.238ns

    Location             Delay type                Incr(ns)  Path(ns)    Netlist Resource(s)
  -------------------------------------------------------------------    -------------------
                         (clock timer_clk_clk_pll rise edge)
                                                      0.000     0.000 r  
    AC19                                              0.000     0.000 r  clk (IN)
                         net (fo=0)                   0.000     0.000    pll.clk_pll/inst/clk_in1
    AC19                 IBUF (Prop_ibuf_I_O)         0.253     0.253 r  pll.clk_pll/inst/clkin1_ibufg/O
                         net (fo=1, routed)           0.565     0.818    pll.clk_pll/inst/clk_in1_clk_pll
    PLLE2_ADV_X0Y2       PLLE2_ADV (Prop_plle2_adv_CLKIN1_CLKOUT1)
                                                     -2.523    -1.705 r  pll.clk_pll/inst/plle2_adv_inst/CLKOUT1
                         net (fo=1, routed)           0.560    -1.146    pll.clk_pll/inst/timer_clk_clk_pll
    BUFGCTRL_X0Y1        BUFG (Prop_bufg_I_O)         0.026    -1.120 r  pll.clk_pll/inst/clkout2_buf/O
                         net (fo=99, routed)          0.577    -0.543    u_confreg/timer_clk
    SLICE_X43Y168        FDRE                                         r  u_confreg/conf_wdata_r1_reg[29]/C
  -------------------------------------------------------------------    -------------------
    SLICE_X43Y168        FDRE (Prop_fdre_C_Q)         0.141    -0.402 r  u_confreg/conf_wdata_r1_reg[29]/Q
                         net (fo=1, routed)           0.056    -0.346    u_confreg/conf_wdata_r1[29]
    SLICE_X43Y168        FDRE                                         r  u_confreg/conf_wdata_r2_reg[29]/D
  -------------------------------------------------------------------    -------------------

                         (clock timer_clk_clk_pll rise edge)
                                                      0.000     0.000 r  
    AC19                                              0.000     0.000 r  clk (IN)
                         net (fo=0)                   0.000     0.000    pll.clk_pll/inst/clk_in1
    AC19                 IBUF (Prop_ibuf_I_O)         0.441     0.441 r  pll.clk_pll/inst/clkin1_ibufg/O
                         net (fo=1, routed)           0.620     1.061    pll.clk_pll/inst/clk_in1_clk_pll
    PLLE2_ADV_X0Y2       PLLE2_ADV (Prop_plle2_adv_CLKIN1_CLKOUT1)
                                                     -2.851    -1.790 r  pll.clk_pll/inst/plle2_adv_inst/CLKOUT1
                         net (fo=1, routed)           0.611    -1.180    pll.clk_pll/inst/timer_clk_clk_pll
    BUFGCTRL_X0Y1        BUFG (Prop_bufg_I_O)         0.029    -1.151 r  pll.clk_pll/inst/clkout2_buf/O
                         net (fo=99, routed)          0.845    -0.305    u_confreg/timer_clk
    SLICE_X43Y168        FDRE                                         r  u_confreg/conf_wdata_r2_reg[29]/C
                         clock pessimism             -0.238    -0.543    
    SLICE_X43Y168        FDRE (Hold_fdre_C_D)         0.076    -0.467    u_confreg/conf_wdata_r2_reg[29]
  -------------------------------------------------------------------
                         required time                          0.467    
                         arrival time                          -0.346    
  -------------------------------------------------------------------
                         slack                                  0.121    

Slack (MET) :             0.121ns  (arrival time - required time)
  Source:                 u_confreg/conf_wdata_r1_reg[17]/C
                            (rising edge-triggered cell FDRE clocked by timer_clk_clk_pll  {rise@0.000ns fall@5.000ns period=10.000ns})
  Destination:            u_confreg/conf_wdata_r2_reg[17]/D
                            (rising edge-triggered cell FDRE clocked by timer_clk_clk_pll  {rise@0.000ns fall@5.000ns period=10.000ns})
  Path Group:             timer_clk_clk_pll
  Path Type:              Hold (Min at Fast Process Corner)
  Requirement:            0.000ns  (timer_clk_clk_pll rise@0.000ns - timer_clk_clk_pll rise@0.000ns)
  Data Path Delay:        0.197ns  (logic 0.141ns (71.611%)  route 0.056ns (28.389%))
  Logic Levels:           0  
  Clock Path Skew:        0.000ns (DCD - SCD - CPR)
    Destination Clock Delay (DCD):    -0.270ns
    Source Clock Delay      (SCD):    -0.510ns
    Clock Pessimism Removal (CPR):    0.240ns

    Location             Delay type                Incr(ns)  Path(ns)    Netlist Resource(s)
  -------------------------------------------------------------------    -------------------
                         (clock timer_clk_clk_pll rise edge)
                                                      0.000     0.000 r  
    AC19                                              0.000     0.000 r  clk (IN)
                         net (fo=0)                   0.000     0.000    pll.clk_pll/inst/clk_in1
    AC19                 IBUF (Prop_ibuf_I_O)         0.253     0.253 r  pll.clk_pll/inst/clkin1_ibufg/O
                         net (fo=1, routed)           0.565     0.818    pll.clk_pll/inst/clk_in1_clk_pll
    PLLE2_ADV_X0Y2       PLLE2_ADV (Prop_plle2_adv_CLKIN1_CLKOUT1)
                                                     -2.523    -1.705 r  pll.clk_pll/inst/plle2_adv_inst/CLKOUT1
                         net (fo=1, routed)           0.560    -1.146    pll.clk_pll/inst/timer_clk_clk_pll
    BUFGCTRL_X0Y1        BUFG (Prop_bufg_I_O)         0.026    -1.120 r  pll.clk_pll/inst/clkout2_buf/O
                         net (fo=99, routed)          0.610    -0.510    u_confreg/timer_clk
    SLICE_X41Y164        FDRE                                         r  u_confreg/conf_wdata_r1_reg[17]/C
  -------------------------------------------------------------------    -------------------
    SLICE_X41Y164        FDRE (Prop_fdre_C_Q)         0.141    -0.369 r  u_confreg/conf_wdata_r1_reg[17]/Q
                         net (fo=1, routed)           0.056    -0.313    u_confreg/conf_wdata_r1[17]
    SLICE_X41Y164        FDRE                                         r  u_confreg/conf_wdata_r2_reg[17]/D
  -------------------------------------------------------------------    -------------------

                         (clock timer_clk_clk_pll rise edge)
                                                      0.000     0.000 r  
    AC19                                              0.000     0.000 r  clk (IN)
                         net (fo=0)                   0.000     0.000    pll.clk_pll/inst/clk_in1
    AC19                 IBUF (Prop_ibuf_I_O)         0.441     0.441 r  pll.clk_pll/inst/clkin1_ibufg/O
                         net (fo=1, routed)           0.620     1.061    pll.clk_pll/inst/clk_in1_clk_pll
    PLLE2_ADV_X0Y2       PLLE2_ADV (Prop_plle2_adv_CLKIN1_CLKOUT1)
                                                     -2.851    -1.790 r  pll.clk_pll/inst/plle2_adv_inst/CLKOUT1
                         net (fo=1, routed)           0.611    -1.180    pll.clk_pll/inst/timer_clk_clk_pll
    BUFGCTRL_X0Y1        BUFG (Prop_bufg_I_O)         0.029    -1.151 r  pll.clk_pll/inst/clkout2_buf/O
                         net (fo=99, routed)          0.881    -0.270    u_confreg/timer_clk
    SLICE_X41Y164        FDRE                                         r  u_confreg/conf_wdata_r2_reg[17]/C
                         clock pessimism             -0.240    -0.510    
    SLICE_X41Y164        FDRE (Hold_fdre_C_D)         0.076    -0.434    u_confreg/conf_wdata_r2_reg[17]
  -------------------------------------------------------------------
                         required time                          0.434    
                         arrival time                          -0.313    
  -------------------------------------------------------------------
                         slack                                  0.121    

Slack (MET) :             0.121ns  (arrival time - required time)
  Source:                 u_confreg/conf_wdata_r1_reg[2]/C
                            (rising edge-triggered cell FDRE clocked by timer_clk_clk_pll  {rise@0.000ns fall@5.000ns period=10.000ns})
  Destination:            u_confreg/conf_wdata_r2_reg[2]/D
                            (rising edge-triggered cell FDRE clocked by timer_clk_clk_pll  {rise@0.000ns fall@5.000ns period=10.000ns})
  Path Group:             timer_clk_clk_pll
  Path Type:              Hold (Min at Fast Process Corner)
  Requirement:            0.000ns  (timer_clk_clk_pll rise@0.000ns - timer_clk_clk_pll rise@0.000ns)
  Data Path Delay:        0.197ns  (logic 0.141ns (71.611%)  route 0.056ns (28.389%))
  Logic Levels:           0  
  Clock Path Skew:        0.000ns (DCD - SCD - CPR)
    Destination Clock Delay (DCD):    -0.297ns
    Source Clock Delay      (SCD):    -0.537ns
    Clock Pessimism Removal (CPR):    0.240ns

    Location             Delay type                Incr(ns)  Path(ns)    Netlist Resource(s)
  -------------------------------------------------------------------    -------------------
                         (clock timer_clk_clk_pll rise edge)
                                                      0.000     0.000 r  
    AC19                                              0.000     0.000 r  clk (IN)
                         net (fo=0)                   0.000     0.000    pll.clk_pll/inst/clk_in1
    AC19                 IBUF (Prop_ibuf_I_O)         0.253     0.253 r  pll.clk_pll/inst/clkin1_ibufg/O
                         net (fo=1, routed)           0.565     0.818    pll.clk_pll/inst/clk_in1_clk_pll
    PLLE2_ADV_X0Y2       PLLE2_ADV (Prop_plle2_adv_CLKIN1_CLKOUT1)
                                                     -2.523    -1.705 r  pll.clk_pll/inst/plle2_adv_inst/CLKOUT1
                         net (fo=1, routed)           0.560    -1.146    pll.clk_pll/inst/timer_clk_clk_pll
    BUFGCTRL_X0Y1        BUFG (Prop_bufg_I_O)         0.026    -1.120 r  pll.clk_pll/inst/clkout2_buf/O
                         net (fo=99, routed)          0.583    -0.537    u_confreg/timer_clk
    SLICE_X43Y157        FDRE                                         r  u_confreg/conf_wdata_r1_reg[2]/C
  -------------------------------------------------------------------    -------------------
    SLICE_X43Y157        FDRE (Prop_fdre_C_Q)         0.141    -0.396 r  u_confreg/conf_wdata_r1_reg[2]/Q
                         net (fo=1, routed)           0.056    -0.340    u_confreg/conf_wdata_r1[2]
    SLICE_X43Y157        FDRE                                         r  u_confreg/conf_wdata_r2_reg[2]/D
  -------------------------------------------------------------------    -------------------

                         (clock timer_clk_clk_pll rise edge)
                                                      0.000     0.000 r  
    AC19                                              0.000     0.000 r  clk (IN)
                         net (fo=0)                   0.000     0.000    pll.clk_pll/inst/clk_in1
    AC19                 IBUF (Prop_ibuf_I_O)         0.441     0.441 r  pll.clk_pll/inst/clkin1_ibufg/O
                         net (fo=1, routed)           0.620     1.061    pll.clk_pll/inst/clk_in1_clk_pll
    PLLE2_ADV_X0Y2       PLLE2_ADV (Prop_plle2_adv_CLKIN1_CLKOUT1)
                                                     -2.851    -1.790 r  pll.clk_pll/inst/plle2_adv_inst/CLKOUT1
                         net (fo=1, routed)           0.611    -1.180    pll.clk_pll/inst/timer_clk_clk_pll
    BUFGCTRL_X0Y1        BUFG (Prop_bufg_I_O)         0.029    -1.151 r  pll.clk_pll/inst/clkout2_buf/O
                         net (fo=99, routed)          0.853    -0.297    u_confreg/timer_clk
    SLICE_X43Y157        FDRE                                         r  u_confreg/conf_wdata_r2_reg[2]/C
                         clock pessimism             -0.240    -0.537    
    SLICE_X43Y157        FDRE (Hold_fdre_C_D)         0.076    -0.461    u_confreg/conf_wdata_r2_reg[2]
  -------------------------------------------------------------------
                         required time                          0.461    
                         arrival time                          -0.340    
  -------------------------------------------------------------------
                         slack                                  0.121    

Slack (MET) :             0.121ns  (arrival time - required time)
  Source:                 u_confreg/conf_wdata_r1_reg[5]/C
                            (rising edge-triggered cell FDRE clocked by timer_clk_clk_pll  {rise@0.000ns fall@5.000ns period=10.000ns})
  Destination:            u_confreg/conf_wdata_r2_reg[5]/D
                            (rising edge-triggered cell FDRE clocked by timer_clk_clk_pll  {rise@0.000ns fall@5.000ns period=10.000ns})
  Path Group:             timer_clk_clk_pll
  Path Type:              Hold (Min at Fast Process Corner)
  Requirement:            0.000ns  (timer_clk_clk_pll rise@0.000ns - timer_clk_clk_pll rise@0.000ns)
  Data Path Delay:        0.197ns  (logic 0.141ns (71.611%)  route 0.056ns (28.389%))
  Logic Levels:           0  
  Clock Path Skew:        0.000ns (DCD - SCD - CPR)
    Destination Clock Delay (DCD):    -0.265ns
    Source Clock Delay      (SCD):    -0.506ns
    Clock Pessimism Removal (CPR):    0.241ns

    Location             Delay type                Incr(ns)  Path(ns)    Netlist Resource(s)
  -------------------------------------------------------------------    -------------------
                         (clock timer_clk_clk_pll rise edge)
                                                      0.000     0.000 r  
    AC19                                              0.000     0.000 r  clk (IN)
                         net (fo=0)                   0.000     0.000    pll.clk_pll/inst/clk_in1
    AC19                 IBUF (Prop_ibuf_I_O)         0.253     0.253 r  pll.clk_pll/inst/clkin1_ibufg/O
                         net (fo=1, routed)           0.565     0.818    pll.clk_pll/inst/clk_in1_clk_pll
    PLLE2_ADV_X0Y2       PLLE2_ADV (Prop_plle2_adv_CLKIN1_CLKOUT1)
                                                     -2.523    -1.705 r  pll.clk_pll/inst/plle2_adv_inst/CLKOUT1
                         net (fo=1, routed)           0.560    -1.146    pll.clk_pll/inst/timer_clk_clk_pll
    BUFGCTRL_X0Y1        BUFG (Prop_bufg_I_O)         0.026    -1.120 r  pll.clk_pll/inst/clkout2_buf/O
                         net (fo=99, routed)          0.614    -0.506    u_confreg/timer_clk
    SLICE_X41Y155        FDRE                                         r  u_confreg/conf_wdata_r1_reg[5]/C
  -------------------------------------------------------------------    -------------------
    SLICE_X41Y155        FDRE (Prop_fdre_C_Q)         0.141    -0.365 r  u_confreg/conf_wdata_r1_reg[5]/Q
                         net (fo=1, routed)           0.056    -0.309    u_confreg/conf_wdata_r1[5]
    SLICE_X41Y155        FDRE                                         r  u_confreg/conf_wdata_r2_reg[5]/D
  -------------------------------------------------------------------    -------------------

                         (clock timer_clk_clk_pll rise edge)
                                                      0.000     0.000 r  
    AC19                                              0.000     0.000 r  clk (IN)
                         net (fo=0)                   0.000     0.000    pll.clk_pll/inst/clk_in1
    AC19                 IBUF (Prop_ibuf_I_O)         0.441     0.441 r  pll.clk_pll/inst/clkin1_ibufg/O
                         net (fo=1, routed)           0.620     1.061    pll.clk_pll/inst/clk_in1_clk_pll
    PLLE2_ADV_X0Y2       PLLE2_ADV (Prop_plle2_adv_CLKIN1_CLKOUT1)
                                                     -2.851    -1.790 r  pll.clk_pll/inst/plle2_adv_inst/CLKOUT1
                         net (fo=1, routed)           0.611    -1.180    pll.clk_pll/inst/timer_clk_clk_pll
    BUFGCTRL_X0Y1        BUFG (Prop_bufg_I_O)         0.029    -1.151 r  pll.clk_pll/inst/clkout2_buf/O
                         net (fo=99, routed)          0.886    -0.265    u_confreg/timer_clk
    SLICE_X41Y155        FDRE                                         r  u_confreg/conf_wdata_r2_reg[5]/C
                         clock pessimism             -0.241    -0.506    
    SLICE_X41Y155        FDRE (Hold_fdre_C_D)         0.076    -0.430    u_confreg/conf_wdata_r2_reg[5]
  -------------------------------------------------------------------
                         required time                          0.430    
                         arrival time                          -0.309    
  -------------------------------------------------------------------
                         slack                                  0.121    





Pulse Width Checks
--------------------------------------------------------------------------------------
Clock Name:         timer_clk_clk_pll
Waveform(ns):       { 0.000 5.000 }
Period(ns):         10.000
Sources:            { pll.clk_pll/inst/plle2_adv_inst/CLKOUT1 }

Check Type        Corner  Lib Pin            Reference Pin  Required(ns)  Actual(ns)  Slack(ns)  Location        Pin
Min Period        n/a     BUFG/I             n/a            2.155         10.000      7.845      BUFGCTRL_X0Y1   pll.clk_pll/inst/clkout2_buf/I
Min Period        n/a     PLLE2_ADV/CLKOUT1  n/a            1.249         10.000      8.751      PLLE2_ADV_X0Y2  pll.clk_pll/inst/plle2_adv_inst/CLKOUT1
Min Period        n/a     FDRE/C             n/a            1.000         10.000      9.000      SLICE_X43Y157   u_confreg/conf_wdata_r1_reg[0]/C
Min Period        n/a     FDRE/C             n/a            1.000         10.000      9.000      SLICE_X41Y163   u_confreg/conf_wdata_r1_reg[10]/C
Min Period        n/a     FDRE/C             n/a            1.000         10.000      9.000      SLICE_X43Y157   u_confreg/conf_wdata_r1_reg[11]/C
Min Period        n/a     FDRE/C             n/a            1.000         10.000      9.000      SLICE_X43Y167   u_confreg/conf_wdata_r1_reg[12]/C
Min Period        n/a     FDRE/C             n/a            1.000         10.000      9.000      SLICE_X41Y164   u_confreg/conf_wdata_r1_reg[13]/C
Min Period        n/a     FDRE/C             n/a            1.000         10.000      9.000      SLICE_X41Y164   u_confreg/conf_wdata_r1_reg[14]/C
Min Period        n/a     FDRE/C             n/a            1.000         10.000      9.000      SLICE_X43Y167   u_confreg/conf_wdata_r1_reg[15]/C
Min Period        n/a     FDRE/C             n/a            1.000         10.000      9.000      SLICE_X45Y167   u_confreg/conf_wdata_r1_reg[16]/C
Max Period        n/a     PLLE2_ADV/CLKOUT1  n/a            160.000       10.000      150.000    PLLE2_ADV_X0Y2  pll.clk_pll/inst/plle2_adv_inst/CLKOUT1
Low Pulse Width   Slow    FDRE/C             n/a            0.500         5.000       4.500      SLICE_X43Y157   u_confreg/conf_wdata_r1_reg[0]/C
Low Pulse Width   Fast    FDRE/C             n/a            0.500         5.000       4.500      SLICE_X43Y157   u_confreg/conf_wdata_r1_reg[0]/C
Low Pulse Width   Slow    FDRE/C             n/a            0.500         5.000       4.500      SLICE_X41Y163   u_confreg/conf_wdata_r1_reg[10]/C
Low Pulse Width   Fast    FDRE/C             n/a            0.500         5.000       4.500      SLICE_X41Y163   u_confreg/conf_wdata_r1_reg[10]/C
Low Pulse Width   Slow    FDRE/C             n/a            0.500         5.000       4.500      SLICE_X43Y157   u_confreg/conf_wdata_r1_reg[11]/C
Low Pulse Width   Fast    FDRE/C             n/a            0.500         5.000       4.500      SLICE_X43Y157   u_confreg/conf_wdata_r1_reg[11]/C
Low Pulse Width   Slow    FDRE/C             n/a            0.500         5.000       4.500      SLICE_X43Y167   u_confreg/conf_wdata_r1_reg[12]/C
Low Pulse Width   Fast    FDRE/C             n/a            0.500         5.000       4.500      SLICE_X43Y167   u_confreg/conf_wdata_r1_reg[12]/C
Low Pulse Width   Slow    FDRE/C             n/a            0.500         5.000       4.500      SLICE_X41Y164   u_confreg/conf_wdata_r1_reg[13]/C
Low Pulse Width   Fast    FDRE/C             n/a            0.500         5.000       4.500      SLICE_X41Y164   u_confreg/conf_wdata_r1_reg[13]/C
High Pulse Width  Slow    FDRE/C             n/a            0.500         5.000       4.500      SLICE_X43Y157   u_confreg/conf_wdata_r1_reg[0]/C
High Pulse Width  Fast    FDRE/C             n/a            0.500         5.000       4.500      SLICE_X43Y157   u_confreg/conf_wdata_r1_reg[0]/C
High Pulse Width  Slow    FDRE/C             n/a            0.500         5.000       4.500      SLICE_X41Y163   u_confreg/conf_wdata_r1_reg[10]/C
High Pulse Width  Fast    FDRE/C             n/a            0.500         5.000       4.500      SLICE_X41Y163   u_confreg/conf_wdata_r1_reg[10]/C
High Pulse Width  Slow    FDRE/C             n/a            0.500         5.000       4.500      SLICE_X43Y157   u_confreg/conf_wdata_r1_reg[11]/C
High Pulse Width  Fast    FDRE/C             n/a            0.500         5.000       4.500      SLICE_X43Y157   u_confreg/conf_wdata_r1_reg[11]/C
High Pulse Width  Slow    FDRE/C             n/a            0.500         5.000       4.500      SLICE_X43Y167   u_confreg/conf_wdata_r1_reg[12]/C
High Pulse Width  Fast    FDRE/C             n/a            0.500         5.000       4.500      SLICE_X43Y167   u_confreg/conf_wdata_r1_reg[12]/C
High Pulse Width  Slow    FDRE/C             n/a            0.500         5.000       4.500      SLICE_X41Y164   u_confreg/conf_wdata_r1_reg[13]/C
High Pulse Width  Fast    FDRE/C             n/a            0.500         5.000       4.500      SLICE_X41Y164   u_confreg/conf_wdata_r1_reg[13]/C



--------------------------------------------------------------------------------------
Path Group:  (none)
From Clock:  timer_clk_clk_pll
  To Clock:  cpu_clk_clk_pll

Max Delay            33 Endpoints
Min Delay            33 Endpoints
--------------------------------------------------------------------------------------


Max Delay Paths
--------------------------------------------------------------------------------------
Slack:                    inf
  Source:                 u_confreg/timer_reg[11]/C
                            (rising edge-triggered cell FDRE clocked by timer_clk_clk_pll  {rise@0.000ns fall@5.000ns period=10.000ns})
  Destination:            u_confreg/timer_r1_reg[11]/D
                            (rising edge-triggered cell FDRE clocked by cpu_clk_clk_pll  {rise@0.000ns fall@20.000ns period=40.000ns})
  Path Group:             (none)
  Path Type:              Setup (Max at Fast Process Corner)
  Data Path Delay:        0.590ns  (logic 0.175ns (29.642%)  route 0.415ns (70.358%))
  Logic Levels:           0  
  Clock Path Skew:        -0.238ns (DCD - SCD + CPR)
    Destination Clock Delay (DCD):    -0.536ns
    Source Clock Delay      (SCD):    -0.298ns
    Clock Pessimism Removal (CPR):    0.000ns
  Clock Uncertainty:      0.218ns  ((TSJ^2 + DJ^2)^1/2) / 2 + PE
    Total System Jitter     (TSJ):    0.071ns
    Discrete Jitter          (DJ):    0.183ns
    Phase Error              (PE):    0.120ns
  Timing Exception:       False Path

    Location             Delay type                Incr(ns)  Path(ns)    Netlist Resource(s)
  -------------------------------------------------------------------    -------------------
                         (clock timer_clk_clk_pll rise edge)
                                                      0.000     0.000 r  
    AC19                                              0.000     0.000 r  clk (IN)
                         net (fo=0)                   0.000     0.000    pll.clk_pll/inst/clk_in1
    AC19                 IBUF (Prop_ibuf_I_O)         0.441     0.441 r  pll.clk_pll/inst/clkin1_ibufg/O
                         net (fo=1, routed)           0.620     1.061    pll.clk_pll/inst/clk_in1_clk_pll
    PLLE2_ADV_X0Y2       PLLE2_ADV (Prop_plle2_adv_CLKIN1_CLKOUT1)
                                                     -2.851    -1.790 r  pll.clk_pll/inst/plle2_adv_inst/CLKOUT1
                         net (fo=1, routed)           0.611    -1.180    pll.clk_pll/inst/timer_clk_clk_pll
    BUFGCTRL_X0Y1        BUFG (Prop_bufg_I_O)         0.029    -1.151 r  pll.clk_pll/inst/clkout2_buf/O
                         net (fo=99, routed)          0.852    -0.298    u_confreg/timer_clk
    SLICE_X43Y161        FDRE                                         r  u_confreg/timer_reg[11]/C
  -------------------------------------------------------------------    -------------------
    SLICE_X43Y161        FDRE (Prop_fdre_C_Q)         0.175    -0.123 r  u_confreg/timer_reg[11]/Q
                         net (fo=2, routed)           0.415     0.292    u_confreg/timer_reg[11]
    SLICE_X45Y156        FDRE                                         r  u_confreg/timer_r1_reg[11]/D
  -------------------------------------------------------------------    -------------------

                         (clock cpu_clk_clk_pll rise edge)
                                                      0.000     0.000 r  
    AC19                                              0.000     0.000 r  clk (IN)
                         net (fo=0)                   0.000     0.000    pll.clk_pll/inst/clk_in1
    AC19                 IBUF (Prop_ibuf_I_O)         0.253     0.253 r  pll.clk_pll/inst/clkin1_ibufg/O
                         net (fo=1, routed)           0.565     0.818    pll.clk_pll/inst/clk_in1_clk_pll
    PLLE2_ADV_X0Y2       PLLE2_ADV (Prop_plle2_adv_CLKIN1_CLKOUT0)
                                                     -2.523    -1.705 r  pll.clk_pll/inst/plle2_adv_inst/CLKOUT0
                         net (fo=1, routed)           0.560    -1.146    pll.clk_pll/inst/cpu_clk_clk_pll
    BUFGCTRL_X0Y0        BUFG (Prop_bufg_I_O)         0.026    -1.120 r  pll.clk_pll/inst/clkout1_buf/O
                         net (fo=17726, routed)       0.584    -0.536    u_confreg/cpu_clk
    SLICE_X45Y156        FDRE                                         r  u_confreg/timer_r1_reg[11]/C

Slack:                    inf
  Source:                 u_confreg/timer_reg[23]/C
                            (rising edge-triggered cell FDRE clocked by timer_clk_clk_pll  {rise@0.000ns fall@5.000ns period=10.000ns})
  Destination:            u_confreg/timer_r1_reg[23]/D
                            (rising edge-triggered cell FDRE clocked by cpu_clk_clk_pll  {rise@0.000ns fall@20.000ns period=40.000ns})
  Path Group:             (none)
  Path Type:              Setup (Max at Fast Process Corner)
  Data Path Delay:        0.573ns  (logic 0.175ns (30.542%)  route 0.398ns (69.458%))
  Logic Levels:           0  
  Clock Path Skew:        -0.242ns (DCD - SCD + CPR)
    Destination Clock Delay (DCD):    -0.543ns
    Source Clock Delay      (SCD):    -0.301ns
    Clock Pessimism Removal (CPR):    0.000ns
  Clock Uncertainty:      0.218ns  ((TSJ^2 + DJ^2)^1/2) / 2 + PE
    Total System Jitter     (TSJ):    0.071ns
    Discrete Jitter          (DJ):    0.183ns
    Phase Error              (PE):    0.120ns
  Timing Exception:       False Path

    Location             Delay type                Incr(ns)  Path(ns)    Netlist Resource(s)
  -------------------------------------------------------------------    -------------------
                         (clock timer_clk_clk_pll rise edge)
                                                      0.000     0.000 r  
    AC19                                              0.000     0.000 r  clk (IN)
                         net (fo=0)                   0.000     0.000    pll.clk_pll/inst/clk_in1
    AC19                 IBUF (Prop_ibuf_I_O)         0.441     0.441 r  pll.clk_pll/inst/clkin1_ibufg/O
                         net (fo=1, routed)           0.620     1.061    pll.clk_pll/inst/clk_in1_clk_pll
    PLLE2_ADV_X0Y2       PLLE2_ADV (Prop_plle2_adv_CLKIN1_CLKOUT1)
                                                     -2.851    -1.790 r  pll.clk_pll/inst/plle2_adv_inst/CLKOUT1
                         net (fo=1, routed)           0.611    -1.180    pll.clk_pll/inst/timer_clk_clk_pll
    BUFGCTRL_X0Y1        BUFG (Prop_bufg_I_O)         0.029    -1.151 r  pll.clk_pll/inst/clkout2_buf/O
                         net (fo=99, routed)          0.849    -0.301    u_confreg/timer_clk
    SLICE_X43Y164        FDRE                                         r  u_confreg/timer_reg[23]/C
  -------------------------------------------------------------------    -------------------
    SLICE_X43Y164        FDRE (Prop_fdre_C_Q)         0.175    -0.126 r  u_confreg/timer_reg[23]/Q
                         net (fo=2, routed)           0.398     0.272    u_confreg/timer_reg[23]
    SLICE_X50Y168        FDRE                                         r  u_confreg/timer_r1_reg[23]/D
  -------------------------------------------------------------------    -------------------

                         (clock cpu_clk_clk_pll rise edge)
                                                      0.000     0.000 r  
    AC19                                              0.000     0.000 r  clk (IN)
                         net (fo=0)                   0.000     0.000    pll.clk_pll/inst/clk_in1
    AC19                 IBUF (Prop_ibuf_I_O)         0.253     0.253 r  pll.clk_pll/inst/clkin1_ibufg/O
                         net (fo=1, routed)           0.565     0.818    pll.clk_pll/inst/clk_in1_clk_pll
    PLLE2_ADV_X0Y2       PLLE2_ADV (Prop_plle2_adv_CLKIN1_CLKOUT0)
                                                     -2.523    -1.705 r  pll.clk_pll/inst/plle2_adv_inst/CLKOUT0
                         net (fo=1, routed)           0.560    -1.146    pll.clk_pll/inst/cpu_clk_clk_pll
    BUFGCTRL_X0Y0        BUFG (Prop_bufg_I_O)         0.026    -1.120 r  pll.clk_pll/inst/clkout1_buf/O
                         net (fo=17726, routed)       0.577    -0.543    u_confreg/cpu_clk
    SLICE_X50Y168        FDRE                                         r  u_confreg/timer_r1_reg[23]/C

Slack:                    inf
  Source:                 u_confreg/timer_reg[25]/C
                            (rising edge-triggered cell FDRE clocked by timer_clk_clk_pll  {rise@0.000ns fall@5.000ns period=10.000ns})
  Destination:            u_confreg/timer_r1_reg[25]/D
                            (rising edge-triggered cell FDRE clocked by cpu_clk_clk_pll  {rise@0.000ns fall@20.000ns period=40.000ns})
  Path Group:             (none)
  Path Type:              Setup (Max at Fast Process Corner)
  Data Path Delay:        0.574ns  (logic 0.175ns (30.499%)  route 0.399ns (69.501%))
  Logic Levels:           0  
  Clock Path Skew:        -0.239ns (DCD - SCD + CPR)
    Destination Clock Delay (DCD):    -0.541ns
    Source Clock Delay      (SCD):    -0.302ns
    Clock Pessimism Removal (CPR):    0.000ns
  Clock Uncertainty:      0.218ns  ((TSJ^2 + DJ^2)^1/2) / 2 + PE
    Total System Jitter     (TSJ):    0.071ns
    Discrete Jitter          (DJ):    0.183ns
    Phase Error              (PE):    0.120ns
  Timing Exception:       False Path

    Location             Delay type                Incr(ns)  Path(ns)    Netlist Resource(s)
  -------------------------------------------------------------------    -------------------
                         (clock timer_clk_clk_pll rise edge)
                                                      0.000     0.000 r  
    AC19                                              0.000     0.000 r  clk (IN)
                         net (fo=0)                   0.000     0.000    pll.clk_pll/inst/clk_in1
    AC19                 IBUF (Prop_ibuf_I_O)         0.441     0.441 r  pll.clk_pll/inst/clkin1_ibufg/O
                         net (fo=1, routed)           0.620     1.061    pll.clk_pll/inst/clk_in1_clk_pll
    PLLE2_ADV_X0Y2       PLLE2_ADV (Prop_plle2_adv_CLKIN1_CLKOUT1)
                                                     -2.851    -1.790 r  pll.clk_pll/inst/plle2_adv_inst/CLKOUT1
                         net (fo=1, routed)           0.611    -1.180    pll.clk_pll/inst/timer_clk_clk_pll
    BUFGCTRL_X0Y1        BUFG (Prop_bufg_I_O)         0.029    -1.151 r  pll.clk_pll/inst/clkout2_buf/O
                         net (fo=99, routed)          0.848    -0.302    u_confreg/timer_clk
    SLICE_X43Y165        FDRE                                         r  u_confreg/timer_reg[25]/C
  -------------------------------------------------------------------    -------------------
    SLICE_X43Y165        FDRE (Prop_fdre_C_Q)         0.175    -0.127 r  u_confreg/timer_reg[25]/Q
                         net (fo=2, routed)           0.399     0.272    u_confreg/timer_reg[25]
    SLICE_X53Y166        FDRE                                         r  u_confreg/timer_r1_reg[25]/D
  -------------------------------------------------------------------    -------------------

                         (clock cpu_clk_clk_pll rise edge)
                                                      0.000     0.000 r  
    AC19                                              0.000     0.000 r  clk (IN)
                         net (fo=0)                   0.000     0.000    pll.clk_pll/inst/clk_in1
    AC19                 IBUF (Prop_ibuf_I_O)         0.253     0.253 r  pll.clk_pll/inst/clkin1_ibufg/O
                         net (fo=1, routed)           0.565     0.818    pll.clk_pll/inst/clk_in1_clk_pll
    PLLE2_ADV_X0Y2       PLLE2_ADV (Prop_plle2_adv_CLKIN1_CLKOUT0)
                                                     -2.523    -1.705 r  pll.clk_pll/inst/plle2_adv_inst/CLKOUT0
                         net (fo=1, routed)           0.560    -1.146    pll.clk_pll/inst/cpu_clk_clk_pll
    BUFGCTRL_X0Y0        BUFG (Prop_bufg_I_O)         0.026    -1.120 r  pll.clk_pll/inst/clkout1_buf/O
                         net (fo=17726, routed)       0.579    -0.541    u_confreg/cpu_clk
    SLICE_X53Y166        FDRE                                         r  u_confreg/timer_r1_reg[25]/C

Slack:                    inf
  Source:                 u_confreg/timer_reg[7]/C
                            (rising edge-triggered cell FDRE clocked by timer_clk_clk_pll  {rise@0.000ns fall@5.000ns period=10.000ns})
  Destination:            u_confreg/timer_r1_reg[7]/D
                            (rising edge-triggered cell FDRE clocked by cpu_clk_clk_pll  {rise@0.000ns fall@20.000ns period=40.000ns})
  Path Group:             (none)
  Path Type:              Setup (Max at Fast Process Corner)
  Data Path Delay:        0.560ns  (logic 0.175ns (31.266%)  route 0.385ns (68.734%))
  Logic Levels:           0  
  Clock Path Skew:        -0.239ns (DCD - SCD + CPR)
    Destination Clock Delay (DCD):    -0.537ns
    Source Clock Delay      (SCD):    -0.298ns
    Clock Pessimism Removal (CPR):    0.000ns
  Clock Uncertainty:      0.218ns  ((TSJ^2 + DJ^2)^1/2) / 2 + PE
    Total System Jitter     (TSJ):    0.071ns
    Discrete Jitter          (DJ):    0.183ns
    Phase Error              (PE):    0.120ns
  Timing Exception:       False Path

    Location             Delay type                Incr(ns)  Path(ns)    Netlist Resource(s)
  -------------------------------------------------------------------    -------------------
                         (clock timer_clk_clk_pll rise edge)
                                                      0.000     0.000 r  
    AC19                                              0.000     0.000 r  clk (IN)
                         net (fo=0)                   0.000     0.000    pll.clk_pll/inst/clk_in1
    AC19                 IBUF (Prop_ibuf_I_O)         0.441     0.441 r  pll.clk_pll/inst/clkin1_ibufg/O
                         net (fo=1, routed)           0.620     1.061    pll.clk_pll/inst/clk_in1_clk_pll
    PLLE2_ADV_X0Y2       PLLE2_ADV (Prop_plle2_adv_CLKIN1_CLKOUT1)
                                                     -2.851    -1.790 r  pll.clk_pll/inst/plle2_adv_inst/CLKOUT1
                         net (fo=1, routed)           0.611    -1.180    pll.clk_pll/inst/timer_clk_clk_pll
    BUFGCTRL_X0Y1        BUFG (Prop_bufg_I_O)         0.029    -1.151 r  pll.clk_pll/inst/clkout2_buf/O
                         net (fo=99, routed)          0.852    -0.298    u_confreg/timer_clk
    SLICE_X43Y160        FDRE                                         r  u_confreg/timer_reg[7]/C
  -------------------------------------------------------------------    -------------------
    SLICE_X43Y160        FDRE (Prop_fdre_C_Q)         0.175    -0.123 r  u_confreg/timer_reg[7]/Q
                         net (fo=2, routed)           0.385     0.261    u_confreg/timer_reg[7]
    SLICE_X45Y159        FDRE                                         r  u_confreg/timer_r1_reg[7]/D
  -------------------------------------------------------------------    -------------------

                         (clock cpu_clk_clk_pll rise edge)
                                                      0.000     0.000 r  
    AC19                                              0.000     0.000 r  clk (IN)
                         net (fo=0)                   0.000     0.000    pll.clk_pll/inst/clk_in1
    AC19                 IBUF (Prop_ibuf_I_O)         0.253     0.253 r  pll.clk_pll/inst/clkin1_ibufg/O
                         net (fo=1, routed)           0.565     0.818    pll.clk_pll/inst/clk_in1_clk_pll
    PLLE2_ADV_X0Y2       PLLE2_ADV (Prop_plle2_adv_CLKIN1_CLKOUT0)
                                                     -2.523    -1.705 r  pll.clk_pll/inst/plle2_adv_inst/CLKOUT0
                         net (fo=1, routed)           0.560    -1.146    pll.clk_pll/inst/cpu_clk_clk_pll
    BUFGCTRL_X0Y0        BUFG (Prop_bufg_I_O)         0.026    -1.120 r  pll.clk_pll/inst/clkout1_buf/O
                         net (fo=17726, routed)       0.583    -0.537    u_confreg/cpu_clk
    SLICE_X45Y159        FDRE                                         r  u_confreg/timer_r1_reg[7]/C

Slack:                    inf
  Source:                 u_confreg/timer_reg[24]/C
                            (rising edge-triggered cell FDRE clocked by timer_clk_clk_pll  {rise@0.000ns fall@5.000ns period=10.000ns})
  Destination:            u_confreg/timer_r1_reg[24]/D
                            (rising edge-triggered cell FDRE clocked by cpu_clk_clk_pll  {rise@0.000ns fall@20.000ns period=40.000ns})
  Path Group:             (none)
  Path Type:              Setup (Max at Fast Process Corner)
  Data Path Delay:        0.555ns  (logic 0.175ns (31.549%)  route 0.380ns (68.451%))
  Logic Levels:           0  
  Clock Path Skew:        -0.239ns (DCD - SCD + CPR)
    Destination Clock Delay (DCD):    -0.541ns
    Source Clock Delay      (SCD):    -0.302ns
    Clock Pessimism Removal (CPR):    0.000ns
  Clock Uncertainty:      0.218ns  ((TSJ^2 + DJ^2)^1/2) / 2 + PE
    Total System Jitter     (TSJ):    0.071ns
    Discrete Jitter          (DJ):    0.183ns
    Phase Error              (PE):    0.120ns
  Timing Exception:       False Path

    Location             Delay type                Incr(ns)  Path(ns)    Netlist Resource(s)
  -------------------------------------------------------------------    -------------------
                         (clock timer_clk_clk_pll rise edge)
                                                      0.000     0.000 r  
    AC19                                              0.000     0.000 r  clk (IN)
                         net (fo=0)                   0.000     0.000    pll.clk_pll/inst/clk_in1
    AC19                 IBUF (Prop_ibuf_I_O)         0.441     0.441 r  pll.clk_pll/inst/clkin1_ibufg/O
                         net (fo=1, routed)           0.620     1.061    pll.clk_pll/inst/clk_in1_clk_pll
    PLLE2_ADV_X0Y2       PLLE2_ADV (Prop_plle2_adv_CLKIN1_CLKOUT1)
                                                     -2.851    -1.790 r  pll.clk_pll/inst/plle2_adv_inst/CLKOUT1
                         net (fo=1, routed)           0.611    -1.180    pll.clk_pll/inst/timer_clk_clk_pll
    BUFGCTRL_X0Y1        BUFG (Prop_bufg_I_O)         0.029    -1.151 r  pll.clk_pll/inst/clkout2_buf/O
                         net (fo=99, routed)          0.848    -0.302    u_confreg/timer_clk
    SLICE_X43Y165        FDRE                                         r  u_confreg/timer_reg[24]/C
  -------------------------------------------------------------------    -------------------
    SLICE_X43Y165        FDRE (Prop_fdre_C_Q)         0.175    -0.127 r  u_confreg/timer_reg[24]/Q
                         net (fo=2, routed)           0.380     0.252    u_confreg/timer_reg[24]
    SLICE_X55Y165        FDRE                                         r  u_confreg/timer_r1_reg[24]/D
  -------------------------------------------------------------------    -------------------

                         (clock cpu_clk_clk_pll rise edge)
                                                      0.000     0.000 r  
    AC19                                              0.000     0.000 r  clk (IN)
                         net (fo=0)                   0.000     0.000    pll.clk_pll/inst/clk_in1
    AC19                 IBUF (Prop_ibuf_I_O)         0.253     0.253 r  pll.clk_pll/inst/clkin1_ibufg/O
                         net (fo=1, routed)           0.565     0.818    pll.clk_pll/inst/clk_in1_clk_pll
    PLLE2_ADV_X0Y2       PLLE2_ADV (Prop_plle2_adv_CLKIN1_CLKOUT0)
                                                     -2.523    -1.705 r  pll.clk_pll/inst/plle2_adv_inst/CLKOUT0
                         net (fo=1, routed)           0.560    -1.146    pll.clk_pll/inst/cpu_clk_clk_pll
    BUFGCTRL_X0Y0        BUFG (Prop_bufg_I_O)         0.026    -1.120 r  pll.clk_pll/inst/clkout1_buf/O
                         net (fo=17726, routed)       0.579    -0.541    u_confreg/cpu_clk
    SLICE_X55Y165        FDRE                                         r  u_confreg/timer_r1_reg[24]/C

Slack:                    inf
  Source:                 u_confreg/timer_reg[10]/C
                            (rising edge-triggered cell FDRE clocked by timer_clk_clk_pll  {rise@0.000ns fall@5.000ns period=10.000ns})
  Destination:            u_confreg/timer_r1_reg[10]/D
                            (rising edge-triggered cell FDRE clocked by cpu_clk_clk_pll  {rise@0.000ns fall@20.000ns period=40.000ns})
  Path Group:             (none)
  Path Type:              Setup (Max at Fast Process Corner)
  Data Path Delay:        0.546ns  (logic 0.175ns (32.046%)  route 0.371ns (67.954%))
  Logic Levels:           0  
  Clock Path Skew:        -0.242ns (DCD - SCD + CPR)
    Destination Clock Delay (DCD):    -0.540ns
    Source Clock Delay      (SCD):    -0.298ns
    Clock Pessimism Removal (CPR):    0.000ns
  Clock Uncertainty:      0.218ns  ((TSJ^2 + DJ^2)^1/2) / 2 + PE
    Total System Jitter     (TSJ):    0.071ns
    Discrete Jitter          (DJ):    0.183ns
    Phase Error              (PE):    0.120ns
  Timing Exception:       False Path

    Location             Delay type                Incr(ns)  Path(ns)    Netlist Resource(s)
  -------------------------------------------------------------------    -------------------
                         (clock timer_clk_clk_pll rise edge)
                                                      0.000     0.000 r  
    AC19                                              0.000     0.000 r  clk (IN)
                         net (fo=0)                   0.000     0.000    pll.clk_pll/inst/clk_in1
    AC19                 IBUF (Prop_ibuf_I_O)         0.441     0.441 r  pll.clk_pll/inst/clkin1_ibufg/O
                         net (fo=1, routed)           0.620     1.061    pll.clk_pll/inst/clk_in1_clk_pll
    PLLE2_ADV_X0Y2       PLLE2_ADV (Prop_plle2_adv_CLKIN1_CLKOUT1)
                                                     -2.851    -1.790 r  pll.clk_pll/inst/plle2_adv_inst/CLKOUT1
                         net (fo=1, routed)           0.611    -1.180    pll.clk_pll/inst/timer_clk_clk_pll
    BUFGCTRL_X0Y1        BUFG (Prop_bufg_I_O)         0.029    -1.151 r  pll.clk_pll/inst/clkout2_buf/O
                         net (fo=99, routed)          0.852    -0.298    u_confreg/timer_clk
    SLICE_X43Y161        FDRE                                         r  u_confreg/timer_reg[10]/C
  -------------------------------------------------------------------    -------------------
    SLICE_X43Y161        FDRE (Prop_fdre_C_Q)         0.175    -0.123 r  u_confreg/timer_reg[10]/Q
                         net (fo=2, routed)           0.371     0.248    u_confreg/timer_reg[10]
    SLICE_X51Y165        FDRE                                         r  u_confreg/timer_r1_reg[10]/D
  -------------------------------------------------------------------    -------------------

                         (clock cpu_clk_clk_pll rise edge)
                                                      0.000     0.000 r  
    AC19                                              0.000     0.000 r  clk (IN)
                         net (fo=0)                   0.000     0.000    pll.clk_pll/inst/clk_in1
    AC19                 IBUF (Prop_ibuf_I_O)         0.253     0.253 r  pll.clk_pll/inst/clkin1_ibufg/O
                         net (fo=1, routed)           0.565     0.818    pll.clk_pll/inst/clk_in1_clk_pll
    PLLE2_ADV_X0Y2       PLLE2_ADV (Prop_plle2_adv_CLKIN1_CLKOUT0)
                                                     -2.523    -1.705 r  pll.clk_pll/inst/plle2_adv_inst/CLKOUT0
                         net (fo=1, routed)           0.560    -1.146    pll.clk_pll/inst/cpu_clk_clk_pll
    BUFGCTRL_X0Y0        BUFG (Prop_bufg_I_O)         0.026    -1.120 r  pll.clk_pll/inst/clkout1_buf/O
                         net (fo=17726, routed)       0.580    -0.540    u_confreg/cpu_clk
    SLICE_X51Y165        FDRE                                         r  u_confreg/timer_r1_reg[10]/C

Slack:                    inf
  Source:                 u_confreg/timer_reg[27]/C
                            (rising edge-triggered cell FDRE clocked by timer_clk_clk_pll  {rise@0.000ns fall@5.000ns period=10.000ns})
  Destination:            u_confreg/timer_r1_reg[27]/D
                            (rising edge-triggered cell FDRE clocked by cpu_clk_clk_pll  {rise@0.000ns fall@20.000ns period=40.000ns})
  Path Group:             (none)
  Path Type:              Setup (Max at Fast Process Corner)
  Data Path Delay:        0.543ns  (logic 0.175ns (32.217%)  route 0.368ns (67.783%))
  Logic Levels:           0  
  Clock Path Skew:        -0.239ns (DCD - SCD + CPR)
    Destination Clock Delay (DCD):    -0.541ns
    Source Clock Delay      (SCD):    -0.302ns
    Clock Pessimism Removal (CPR):    0.000ns
  Clock Uncertainty:      0.218ns  ((TSJ^2 + DJ^2)^1/2) / 2 + PE
    Total System Jitter     (TSJ):    0.071ns
    Discrete Jitter          (DJ):    0.183ns
    Phase Error              (PE):    0.120ns
  Timing Exception:       False Path

    Location             Delay type                Incr(ns)  Path(ns)    Netlist Resource(s)
  -------------------------------------------------------------------    -------------------
                         (clock timer_clk_clk_pll rise edge)
                                                      0.000     0.000 r  
    AC19                                              0.000     0.000 r  clk (IN)
                         net (fo=0)                   0.000     0.000    pll.clk_pll/inst/clk_in1
    AC19                 IBUF (Prop_ibuf_I_O)         0.441     0.441 r  pll.clk_pll/inst/clkin1_ibufg/O
                         net (fo=1, routed)           0.620     1.061    pll.clk_pll/inst/clk_in1_clk_pll
    PLLE2_ADV_X0Y2       PLLE2_ADV (Prop_plle2_adv_CLKIN1_CLKOUT1)
                                                     -2.851    -1.790 r  pll.clk_pll/inst/plle2_adv_inst/CLKOUT1
                         net (fo=1, routed)           0.611    -1.180    pll.clk_pll/inst/timer_clk_clk_pll
    BUFGCTRL_X0Y1        BUFG (Prop_bufg_I_O)         0.029    -1.151 r  pll.clk_pll/inst/clkout2_buf/O
                         net (fo=99, routed)          0.848    -0.302    u_confreg/timer_clk
    SLICE_X43Y165        FDRE                                         r  u_confreg/timer_reg[27]/C
  -------------------------------------------------------------------    -------------------
    SLICE_X43Y165        FDRE (Prop_fdre_C_Q)         0.175    -0.127 r  u_confreg/timer_reg[27]/Q
                         net (fo=2, routed)           0.368     0.241    u_confreg/timer_reg[27]
    SLICE_X55Y165        FDRE                                         r  u_confreg/timer_r1_reg[27]/D
  -------------------------------------------------------------------    -------------------

                         (clock cpu_clk_clk_pll rise edge)
                                                      0.000     0.000 r  
    AC19                                              0.000     0.000 r  clk (IN)
                         net (fo=0)                   0.000     0.000    pll.clk_pll/inst/clk_in1
    AC19                 IBUF (Prop_ibuf_I_O)         0.253     0.253 r  pll.clk_pll/inst/clkin1_ibufg/O
                         net (fo=1, routed)           0.565     0.818    pll.clk_pll/inst/clk_in1_clk_pll
    PLLE2_ADV_X0Y2       PLLE2_ADV (Prop_plle2_adv_CLKIN1_CLKOUT0)
                                                     -2.523    -1.705 r  pll.clk_pll/inst/plle2_adv_inst/CLKOUT0
                         net (fo=1, routed)           0.560    -1.146    pll.clk_pll/inst/cpu_clk_clk_pll
    BUFGCTRL_X0Y0        BUFG (Prop_bufg_I_O)         0.026    -1.120 r  pll.clk_pll/inst/clkout1_buf/O
                         net (fo=17726, routed)       0.579    -0.541    u_confreg/cpu_clk
    SLICE_X55Y165        FDRE                                         r  u_confreg/timer_r1_reg[27]/C

Slack:                    inf
  Source:                 u_confreg/timer_reg[15]/C
                            (rising edge-triggered cell FDRE clocked by timer_clk_clk_pll  {rise@0.000ns fall@5.000ns period=10.000ns})
  Destination:            u_confreg/timer_r1_reg[15]/D
                            (rising edge-triggered cell FDRE clocked by cpu_clk_clk_pll  {rise@0.000ns fall@20.000ns period=40.000ns})
  Path Group:             (none)
  Path Type:              Setup (Max at Fast Process Corner)
  Data Path Delay:        0.540ns  (logic 0.175ns (32.393%)  route 0.365ns (67.607%))
  Logic Levels:           0  
  Clock Path Skew:        -0.236ns (DCD - SCD + CPR)
    Destination Clock Delay (DCD):    -0.536ns
    Source Clock Delay      (SCD):    -0.300ns
    Clock Pessimism Removal (CPR):    0.000ns
  Clock Uncertainty:      0.218ns  ((TSJ^2 + DJ^2)^1/2) / 2 + PE
    Total System Jitter     (TSJ):    0.071ns
    Discrete Jitter          (DJ):    0.183ns
    Phase Error              (PE):    0.120ns
  Timing Exception:       False Path

    Location             Delay type                Incr(ns)  Path(ns)    Netlist Resource(s)
  -------------------------------------------------------------------    -------------------
                         (clock timer_clk_clk_pll rise edge)
                                                      0.000     0.000 r  
    AC19                                              0.000     0.000 r  clk (IN)
                         net (fo=0)                   0.000     0.000    pll.clk_pll/inst/clk_in1
    AC19                 IBUF (Prop_ibuf_I_O)         0.441     0.441 r  pll.clk_pll/inst/clkin1_ibufg/O
                         net (fo=1, routed)           0.620     1.061    pll.clk_pll/inst/clk_in1_clk_pll
    PLLE2_ADV_X0Y2       PLLE2_ADV (Prop_plle2_adv_CLKIN1_CLKOUT1)
                                                     -2.851    -1.790 r  pll.clk_pll/inst/plle2_adv_inst/CLKOUT1
                         net (fo=1, routed)           0.611    -1.180    pll.clk_pll/inst/timer_clk_clk_pll
    BUFGCTRL_X0Y1        BUFG (Prop_bufg_I_O)         0.029    -1.151 r  pll.clk_pll/inst/clkout2_buf/O
                         net (fo=99, routed)          0.850    -0.300    u_confreg/timer_clk
    SLICE_X43Y162        FDRE                                         r  u_confreg/timer_reg[15]/C
  -------------------------------------------------------------------    -------------------
    SLICE_X43Y162        FDRE (Prop_fdre_C_Q)         0.175    -0.125 r  u_confreg/timer_reg[15]/Q
                         net (fo=2, routed)           0.365     0.240    u_confreg/timer_reg[15]
    SLICE_X45Y156        FDRE                                         r  u_confreg/timer_r1_reg[15]/D
  -------------------------------------------------------------------    -------------------

                         (clock cpu_clk_clk_pll rise edge)
                                                      0.000     0.000 r  
    AC19                                              0.000     0.000 r  clk (IN)
                         net (fo=0)                   0.000     0.000    pll.clk_pll/inst/clk_in1
    AC19                 IBUF (Prop_ibuf_I_O)         0.253     0.253 r  pll.clk_pll/inst/clkin1_ibufg/O
                         net (fo=1, routed)           0.565     0.818    pll.clk_pll/inst/clk_in1_clk_pll
    PLLE2_ADV_X0Y2       PLLE2_ADV (Prop_plle2_adv_CLKIN1_CLKOUT0)
                                                     -2.523    -1.705 r  pll.clk_pll/inst/plle2_adv_inst/CLKOUT0
                         net (fo=1, routed)           0.560    -1.146    pll.clk_pll/inst/cpu_clk_clk_pll
    BUFGCTRL_X0Y0        BUFG (Prop_bufg_I_O)         0.026    -1.120 r  pll.clk_pll/inst/clkout1_buf/O
                         net (fo=17726, routed)       0.584    -0.536    u_confreg/cpu_clk
    SLICE_X45Y156        FDRE                                         r  u_confreg/timer_r1_reg[15]/C

Slack:                    inf
  Source:                 u_confreg/timer_reg[0]/C
                            (rising edge-triggered cell FDRE clocked by timer_clk_clk_pll  {rise@0.000ns fall@5.000ns period=10.000ns})
  Destination:            u_confreg/timer_r1_reg[0]/D
                            (rising edge-triggered cell FDRE clocked by cpu_clk_clk_pll  {rise@0.000ns fall@20.000ns period=40.000ns})
  Path Group:             (none)
  Path Type:              Setup (Max at Fast Process Corner)
  Data Path Delay:        0.517ns  (logic 0.175ns (33.832%)  route 0.342ns (66.168%))
  Logic Levels:           0  
  Clock Path Skew:        -0.239ns (DCD - SCD + CPR)
    Destination Clock Delay (DCD):    -0.536ns
    Source Clock Delay      (SCD):    -0.297ns
    Clock Pessimism Removal (CPR):    0.000ns
  Clock Uncertainty:      0.218ns  ((TSJ^2 + DJ^2)^1/2) / 2 + PE
    Total System Jitter     (TSJ):    0.071ns
    Discrete Jitter          (DJ):    0.183ns
    Phase Error              (PE):    0.120ns
  Timing Exception:       False Path

    Location             Delay type                Incr(ns)  Path(ns)    Netlist Resource(s)
  -------------------------------------------------------------------    -------------------
                         (clock timer_clk_clk_pll rise edge)
                                                      0.000     0.000 r  
    AC19                                              0.000     0.000 r  clk (IN)
                         net (fo=0)                   0.000     0.000    pll.clk_pll/inst/clk_in1
    AC19                 IBUF (Prop_ibuf_I_O)         0.441     0.441 r  pll.clk_pll/inst/clkin1_ibufg/O
                         net (fo=1, routed)           0.620     1.061    pll.clk_pll/inst/clk_in1_clk_pll
    PLLE2_ADV_X0Y2       PLLE2_ADV (Prop_plle2_adv_CLKIN1_CLKOUT1)
                                                     -2.851    -1.790 r  pll.clk_pll/inst/plle2_adv_inst/CLKOUT1
                         net (fo=1, routed)           0.611    -1.180    pll.clk_pll/inst/timer_clk_clk_pll
    BUFGCTRL_X0Y1        BUFG (Prop_bufg_I_O)         0.029    -1.151 r  pll.clk_pll/inst/clkout2_buf/O
                         net (fo=99, routed)          0.853    -0.297    u_confreg/timer_clk
    SLICE_X43Y159        FDRE                                         r  u_confreg/timer_reg[0]/C
  -------------------------------------------------------------------    -------------------
    SLICE_X43Y159        FDRE (Prop_fdre_C_Q)         0.175    -0.122 r  u_confreg/timer_reg[0]/Q
                         net (fo=3, routed)           0.342     0.220    u_confreg/timer_reg[0]
    SLICE_X45Y155        FDRE                                         r  u_confreg/timer_r1_reg[0]/D
  -------------------------------------------------------------------    -------------------

                         (clock cpu_clk_clk_pll rise edge)
                                                      0.000     0.000 r  
    AC19                                              0.000     0.000 r  clk (IN)
                         net (fo=0)                   0.000     0.000    pll.clk_pll/inst/clk_in1
    AC19                 IBUF (Prop_ibuf_I_O)         0.253     0.253 r  pll.clk_pll/inst/clkin1_ibufg/O
                         net (fo=1, routed)           0.565     0.818    pll.clk_pll/inst/clk_in1_clk_pll
    PLLE2_ADV_X0Y2       PLLE2_ADV (Prop_plle2_adv_CLKIN1_CLKOUT0)
                                                     -2.523    -1.705 r  pll.clk_pll/inst/plle2_adv_inst/CLKOUT0
                         net (fo=1, routed)           0.560    -1.146    pll.clk_pll/inst/cpu_clk_clk_pll
    BUFGCTRL_X0Y0        BUFG (Prop_bufg_I_O)         0.026    -1.120 r  pll.clk_pll/inst/clkout1_buf/O
                         net (fo=17726, routed)       0.584    -0.536    u_confreg/cpu_clk
    SLICE_X45Y155        FDRE                                         r  u_confreg/timer_r1_reg[0]/C

Slack:                    inf
  Source:                 u_confreg/timer_reg[26]/C
                            (rising edge-triggered cell FDRE clocked by timer_clk_clk_pll  {rise@0.000ns fall@5.000ns period=10.000ns})
  Destination:            u_confreg/timer_r1_reg[26]/D
                            (rising edge-triggered cell FDRE clocked by cpu_clk_clk_pll  {rise@0.000ns fall@20.000ns period=40.000ns})
  Path Group:             (none)
  Path Type:              Setup (Max at Fast Process Corner)
  Data Path Delay:        0.522ns  (logic 0.175ns (33.557%)  route 0.347ns (66.443%))
  Logic Levels:           0  
  Clock Path Skew:        -0.238ns (DCD - SCD + CPR)
    Destination Clock Delay (DCD):    -0.540ns
    Source Clock Delay      (SCD):    -0.302ns
    Clock Pessimism Removal (CPR):    0.000ns
  Clock Uncertainty:      0.218ns  ((TSJ^2 + DJ^2)^1/2) / 2 + PE
    Total System Jitter     (TSJ):    0.071ns
    Discrete Jitter          (DJ):    0.183ns
    Phase Error              (PE):    0.120ns
  Timing Exception:       False Path

    Location             Delay type                Incr(ns)  Path(ns)    Netlist Resource(s)
  -------------------------------------------------------------------    -------------------
                         (clock timer_clk_clk_pll rise edge)
                                                      0.000     0.000 r  
    AC19                                              0.000     0.000 r  clk (IN)
                         net (fo=0)                   0.000     0.000    pll.clk_pll/inst/clk_in1
    AC19                 IBUF (Prop_ibuf_I_O)         0.441     0.441 r  pll.clk_pll/inst/clkin1_ibufg/O
                         net (fo=1, routed)           0.620     1.061    pll.clk_pll/inst/clk_in1_clk_pll
    PLLE2_ADV_X0Y2       PLLE2_ADV (Prop_plle2_adv_CLKIN1_CLKOUT1)
                                                     -2.851    -1.790 r  pll.clk_pll/inst/plle2_adv_inst/CLKOUT1
                         net (fo=1, routed)           0.611    -1.180    pll.clk_pll/inst/timer_clk_clk_pll
    BUFGCTRL_X0Y1        BUFG (Prop_bufg_I_O)         0.029    -1.151 r  pll.clk_pll/inst/clkout2_buf/O
                         net (fo=99, routed)          0.848    -0.302    u_confreg/timer_clk
    SLICE_X43Y165        FDRE                                         r  u_confreg/timer_reg[26]/C
  -------------------------------------------------------------------    -------------------
    SLICE_X43Y165        FDRE (Prop_fdre_C_Q)         0.175    -0.127 r  u_confreg/timer_reg[26]/Q
                         net (fo=2, routed)           0.347     0.219    u_confreg/timer_reg[26]
    SLICE_X51Y165        FDRE                                         r  u_confreg/timer_r1_reg[26]/D
  -------------------------------------------------------------------    -------------------

                         (clock cpu_clk_clk_pll rise edge)
                                                      0.000     0.000 r  
    AC19                                              0.000     0.000 r  clk (IN)
                         net (fo=0)                   0.000     0.000    pll.clk_pll/inst/clk_in1
    AC19                 IBUF (Prop_ibuf_I_O)         0.253     0.253 r  pll.clk_pll/inst/clkin1_ibufg/O
                         net (fo=1, routed)           0.565     0.818    pll.clk_pll/inst/clk_in1_clk_pll
    PLLE2_ADV_X0Y2       PLLE2_ADV (Prop_plle2_adv_CLKIN1_CLKOUT0)
                                                     -2.523    -1.705 r  pll.clk_pll/inst/plle2_adv_inst/CLKOUT0
                         net (fo=1, routed)           0.560    -1.146    pll.clk_pll/inst/cpu_clk_clk_pll
    BUFGCTRL_X0Y0        BUFG (Prop_bufg_I_O)         0.026    -1.120 r  pll.clk_pll/inst/clkout1_buf/O
                         net (fo=17726, routed)       0.580    -0.540    u_confreg/cpu_clk
    SLICE_X51Y165        FDRE                                         r  u_confreg/timer_r1_reg[26]/C





Min Delay Paths
--------------------------------------------------------------------------------------
Slack:                    inf
  Source:                 u_confreg/timer_reg[13]/C
                            (rising edge-triggered cell FDRE clocked by timer_clk_clk_pll  {rise@0.000ns fall@5.000ns period=10.000ns})
  Destination:            u_confreg/timer_r1_reg[13]/D
                            (rising edge-triggered cell FDRE clocked by cpu_clk_clk_pll  {rise@0.000ns fall@20.000ns period=40.000ns})
  Path Group:             (none)
  Path Type:              Hold (Min at Slow Process Corner)
  Data Path Delay:        0.633ns  (logic 0.367ns (57.953%)  route 0.266ns (42.047%))
  Logic Levels:           0  
  Clock Path Skew:        -0.378ns (DCD - SCD - CPR)
    Destination Clock Delay (DCD):    -2.312ns
    Source Clock Delay      (SCD):    -1.934ns
    Clock Pessimism Removal (CPR):    -0.000ns
  Clock Uncertainty:      0.218ns  ((TSJ^2 + DJ^2)^1/2) / 2 + PE
    Total System Jitter     (TSJ):    0.071ns
    Discrete Jitter          (DJ):    0.183ns
    Phase Error              (PE):    0.120ns
  Timing Exception:       False Path

    Location             Delay type                Incr(ns)  Path(ns)    Netlist Resource(s)
  -------------------------------------------------------------------    -------------------
                         (clock timer_clk_clk_pll rise edge)
                                                      0.000     0.000 r  
    AC19                                              0.000     0.000 r  clk (IN)
                         net (fo=0)                   0.000     0.000    pll.clk_pll/inst/clk_in1
    AC19                 IBUF (Prop_ibuf_I_O)         1.414     1.414 r  pll.clk_pll/inst/clkin1_ibufg/O
                         net (fo=1, routed)           1.531     2.945    pll.clk_pll/inst/clk_in1_clk_pll
    PLLE2_ADV_X0Y2       PLLE2_ADV (Prop_plle2_adv_CLKIN1_CLKOUT1)
                                                     -8.262    -5.316 r  pll.clk_pll/inst/plle2_adv_inst/CLKOUT1
                         net (fo=1, routed)           1.755    -3.561    pll.clk_pll/inst/timer_clk_clk_pll
    BUFGCTRL_X0Y1        BUFG (Prop_bufg_I_O)         0.091    -3.470 r  pll.clk_pll/inst/clkout2_buf/O
                         net (fo=99, routed)          1.536    -1.934    u_confreg/timer_clk
    SLICE_X43Y162        FDRE                                         r  u_confreg/timer_reg[13]/C
  -------------------------------------------------------------------    -------------------
    SLICE_X43Y162        FDRE (Prop_fdre_C_Q)         0.367    -1.567 r  u_confreg/timer_reg[13]/Q
                         net (fo=2, routed)           0.266    -1.301    u_confreg/timer_reg[13]
    SLICE_X45Y162        FDRE                                         r  u_confreg/timer_r1_reg[13]/D
  -------------------------------------------------------------------    -------------------

                         (clock cpu_clk_clk_pll rise edge)
                                                      0.000     0.000 r  
    AC19                                              0.000     0.000 r  clk (IN)
                         net (fo=0)                   0.000     0.000    pll.clk_pll/inst/clk_in1
    AC19                 IBUF (Prop_ibuf_I_O)         1.485     1.485 r  pll.clk_pll/inst/clkin1_ibufg/O
                         net (fo=1, routed)           1.619     3.104    pll.clk_pll/inst/clk_in1_clk_pll
    PLLE2_ADV_X0Y2       PLLE2_ADV (Prop_plle2_adv_CLKIN1_CLKOUT0)
                                                     -9.006    -5.902 r  pll.clk_pll/inst/plle2_adv_inst/CLKOUT0
                         net (fo=1, routed)           1.837    -4.064    pll.clk_pll/inst/cpu_clk_clk_pll
    BUFGCTRL_X0Y0        BUFG (Prop_bufg_I_O)         0.096    -3.968 r  pll.clk_pll/inst/clkout1_buf/O
                         net (fo=17726, routed)       1.656    -2.312    u_confreg/cpu_clk
    SLICE_X45Y162        FDRE                                         r  u_confreg/timer_r1_reg[13]/C

Slack:                    inf
  Source:                 u_confreg/timer_reg[4]/C
                            (rising edge-triggered cell FDRE clocked by timer_clk_clk_pll  {rise@0.000ns fall@5.000ns period=10.000ns})
  Destination:            u_confreg/timer_r1_reg[4]/D
                            (rising edge-triggered cell FDRE clocked by cpu_clk_clk_pll  {rise@0.000ns fall@20.000ns period=40.000ns})
  Path Group:             (none)
  Path Type:              Hold (Min at Slow Process Corner)
  Data Path Delay:        0.677ns  (logic 0.367ns (54.182%)  route 0.310ns (45.818%))
  Logic Levels:           0  
  Clock Path Skew:        -0.378ns (DCD - SCD - CPR)
    Destination Clock Delay (DCD):    -2.310ns
    Source Clock Delay      (SCD):    -1.932ns
    Clock Pessimism Removal (CPR):    -0.000ns
  Clock Uncertainty:      0.218ns  ((TSJ^2 + DJ^2)^1/2) / 2 + PE
    Total System Jitter     (TSJ):    0.071ns
    Discrete Jitter          (DJ):    0.183ns
    Phase Error              (PE):    0.120ns
  Timing Exception:       False Path

    Location             Delay type                Incr(ns)  Path(ns)    Netlist Resource(s)
  -------------------------------------------------------------------    -------------------
                         (clock timer_clk_clk_pll rise edge)
                                                      0.000     0.000 r  
    AC19                                              0.000     0.000 r  clk (IN)
                         net (fo=0)                   0.000     0.000    pll.clk_pll/inst/clk_in1
    AC19                 IBUF (Prop_ibuf_I_O)         1.414     1.414 r  pll.clk_pll/inst/clkin1_ibufg/O
                         net (fo=1, routed)           1.531     2.945    pll.clk_pll/inst/clk_in1_clk_pll
    PLLE2_ADV_X0Y2       PLLE2_ADV (Prop_plle2_adv_CLKIN1_CLKOUT1)
                                                     -8.262    -5.316 r  pll.clk_pll/inst/plle2_adv_inst/CLKOUT1
                         net (fo=1, routed)           1.755    -3.561    pll.clk_pll/inst/timer_clk_clk_pll
    BUFGCTRL_X0Y1        BUFG (Prop_bufg_I_O)         0.091    -3.470 r  pll.clk_pll/inst/clkout2_buf/O
                         net (fo=99, routed)          1.538    -1.932    u_confreg/timer_clk
    SLICE_X43Y160        FDRE                                         r  u_confreg/timer_reg[4]/C
  -------------------------------------------------------------------    -------------------
    SLICE_X43Y160        FDRE (Prop_fdre_C_Q)         0.367    -1.565 r  u_confreg/timer_reg[4]/Q
                         net (fo=2, routed)           0.310    -1.255    u_confreg/timer_reg[4]
    SLICE_X45Y159        FDRE                                         r  u_confreg/timer_r1_reg[4]/D
  -------------------------------------------------------------------    -------------------

                         (clock cpu_clk_clk_pll rise edge)
                                                      0.000     0.000 r  
    AC19                                              0.000     0.000 r  clk (IN)
                         net (fo=0)                   0.000     0.000    pll.clk_pll/inst/clk_in1
    AC19                 IBUF (Prop_ibuf_I_O)         1.485     1.485 r  pll.clk_pll/inst/clkin1_ibufg/O
                         net (fo=1, routed)           1.619     3.104    pll.clk_pll/inst/clk_in1_clk_pll
    PLLE2_ADV_X0Y2       PLLE2_ADV (Prop_plle2_adv_CLKIN1_CLKOUT0)
                                                     -9.006    -5.902 r  pll.clk_pll/inst/plle2_adv_inst/CLKOUT0
                         net (fo=1, routed)           1.837    -4.064    pll.clk_pll/inst/cpu_clk_clk_pll
    BUFGCTRL_X0Y0        BUFG (Prop_bufg_I_O)         0.096    -3.968 r  pll.clk_pll/inst/clkout1_buf/O
                         net (fo=17726, routed)       1.658    -2.310    u_confreg/cpu_clk
    SLICE_X45Y159        FDRE                                         r  u_confreg/timer_r1_reg[4]/C

Slack:                    inf
  Source:                 u_confreg/timer_reg[12]/C
                            (rising edge-triggered cell FDRE clocked by timer_clk_clk_pll  {rise@0.000ns fall@5.000ns period=10.000ns})
  Destination:            u_confreg/timer_r1_reg[12]/D
                            (rising edge-triggered cell FDRE clocked by cpu_clk_clk_pll  {rise@0.000ns fall@20.000ns period=40.000ns})
  Path Group:             (none)
  Path Type:              Hold (Min at Slow Process Corner)
  Data Path Delay:        0.751ns  (logic 0.367ns (48.855%)  route 0.384ns (51.145%))
  Logic Levels:           0  
  Clock Path Skew:        -0.378ns (DCD - SCD - CPR)
    Destination Clock Delay (DCD):    -2.312ns
    Source Clock Delay      (SCD):    -1.934ns
    Clock Pessimism Removal (CPR):    -0.000ns
  Clock Uncertainty:      0.218ns  ((TSJ^2 + DJ^2)^1/2) / 2 + PE
    Total System Jitter     (TSJ):    0.071ns
    Discrete Jitter          (DJ):    0.183ns
    Phase Error              (PE):    0.120ns
  Timing Exception:       False Path

    Location             Delay type                Incr(ns)  Path(ns)    Netlist Resource(s)
  -------------------------------------------------------------------    -------------------
                         (clock timer_clk_clk_pll rise edge)
                                                      0.000     0.000 r  
    AC19                                              0.000     0.000 r  clk (IN)
                         net (fo=0)                   0.000     0.000    pll.clk_pll/inst/clk_in1
    AC19                 IBUF (Prop_ibuf_I_O)         1.414     1.414 r  pll.clk_pll/inst/clkin1_ibufg/O
                         net (fo=1, routed)           1.531     2.945    pll.clk_pll/inst/clk_in1_clk_pll
    PLLE2_ADV_X0Y2       PLLE2_ADV (Prop_plle2_adv_CLKIN1_CLKOUT1)
                                                     -8.262    -5.316 r  pll.clk_pll/inst/plle2_adv_inst/CLKOUT1
                         net (fo=1, routed)           1.755    -3.561    pll.clk_pll/inst/timer_clk_clk_pll
    BUFGCTRL_X0Y1        BUFG (Prop_bufg_I_O)         0.091    -3.470 r  pll.clk_pll/inst/clkout2_buf/O
                         net (fo=99, routed)          1.536    -1.934    u_confreg/timer_clk
    SLICE_X43Y162        FDRE                                         r  u_confreg/timer_reg[12]/C
  -------------------------------------------------------------------    -------------------
    SLICE_X43Y162        FDRE (Prop_fdre_C_Q)         0.367    -1.567 r  u_confreg/timer_reg[12]/Q
                         net (fo=2, routed)           0.384    -1.183    u_confreg/timer_reg[12]
    SLICE_X45Y162        FDRE                                         r  u_confreg/timer_r1_reg[12]/D
  -------------------------------------------------------------------    -------------------

                         (clock cpu_clk_clk_pll rise edge)
                                                      0.000     0.000 r  
    AC19                                              0.000     0.000 r  clk (IN)
                         net (fo=0)                   0.000     0.000    pll.clk_pll/inst/clk_in1
    AC19                 IBUF (Prop_ibuf_I_O)         1.485     1.485 r  pll.clk_pll/inst/clkin1_ibufg/O
                         net (fo=1, routed)           1.619     3.104    pll.clk_pll/inst/clk_in1_clk_pll
    PLLE2_ADV_X0Y2       PLLE2_ADV (Prop_plle2_adv_CLKIN1_CLKOUT0)
                                                     -9.006    -5.902 r  pll.clk_pll/inst/plle2_adv_inst/CLKOUT0
                         net (fo=1, routed)           1.837    -4.064    pll.clk_pll/inst/cpu_clk_clk_pll
    BUFGCTRL_X0Y0        BUFG (Prop_bufg_I_O)         0.096    -3.968 r  pll.clk_pll/inst/clkout1_buf/O
                         net (fo=17726, routed)       1.656    -2.312    u_confreg/cpu_clk
    SLICE_X45Y162        FDRE                                         r  u_confreg/timer_r1_reg[12]/C

Slack:                    inf
  Source:                 u_confreg/timer_reg[29]/C
                            (rising edge-triggered cell FDRE clocked by timer_clk_clk_pll  {rise@0.000ns fall@5.000ns period=10.000ns})
  Destination:            u_confreg/timer_r1_reg[29]/D
                            (rising edge-triggered cell FDRE clocked by cpu_clk_clk_pll  {rise@0.000ns fall@20.000ns period=40.000ns})
  Path Group:             (none)
  Path Type:              Hold (Min at Slow Process Corner)
  Data Path Delay:        0.769ns  (logic 0.367ns (47.707%)  route 0.402ns (52.293%))
  Logic Levels:           0  
  Clock Path Skew:        -0.379ns (DCD - SCD - CPR)
    Destination Clock Delay (DCD):    -2.316ns
    Source Clock Delay      (SCD):    -1.937ns
    Clock Pessimism Removal (CPR):    -0.000ns
  Clock Uncertainty:      0.218ns  ((TSJ^2 + DJ^2)^1/2) / 2 + PE
    Total System Jitter     (TSJ):    0.071ns
    Discrete Jitter          (DJ):    0.183ns
    Phase Error              (PE):    0.120ns
  Timing Exception:       False Path

    Location             Delay type                Incr(ns)  Path(ns)    Netlist Resource(s)
  -------------------------------------------------------------------    -------------------
                         (clock timer_clk_clk_pll rise edge)
                                                      0.000     0.000 r  
    AC19                                              0.000     0.000 r  clk (IN)
                         net (fo=0)                   0.000     0.000    pll.clk_pll/inst/clk_in1
    AC19                 IBUF (Prop_ibuf_I_O)         1.414     1.414 r  pll.clk_pll/inst/clkin1_ibufg/O
                         net (fo=1, routed)           1.531     2.945    pll.clk_pll/inst/clk_in1_clk_pll
    PLLE2_ADV_X0Y2       PLLE2_ADV (Prop_plle2_adv_CLKIN1_CLKOUT1)
                                                     -8.262    -5.316 r  pll.clk_pll/inst/plle2_adv_inst/CLKOUT1
                         net (fo=1, routed)           1.755    -3.561    pll.clk_pll/inst/timer_clk_clk_pll
    BUFGCTRL_X0Y1        BUFG (Prop_bufg_I_O)         0.091    -3.470 r  pll.clk_pll/inst/clkout2_buf/O
                         net (fo=99, routed)          1.533    -1.937    u_confreg/timer_clk
    SLICE_X43Y166        FDRE                                         r  u_confreg/timer_reg[29]/C
  -------------------------------------------------------------------    -------------------
    SLICE_X43Y166        FDRE (Prop_fdre_C_Q)         0.367    -1.570 r  u_confreg/timer_reg[29]/Q
                         net (fo=2, routed)           0.402    -1.168    u_confreg/timer_reg[29]
    SLICE_X49Y166        FDRE                                         r  u_confreg/timer_r1_reg[29]/D
  -------------------------------------------------------------------    -------------------

                         (clock cpu_clk_clk_pll rise edge)
                                                      0.000     0.000 r  
    AC19                                              0.000     0.000 r  clk (IN)
                         net (fo=0)                   0.000     0.000    pll.clk_pll/inst/clk_in1
    AC19                 IBUF (Prop_ibuf_I_O)         1.485     1.485 r  pll.clk_pll/inst/clkin1_ibufg/O
                         net (fo=1, routed)           1.619     3.104    pll.clk_pll/inst/clk_in1_clk_pll
    PLLE2_ADV_X0Y2       PLLE2_ADV (Prop_plle2_adv_CLKIN1_CLKOUT0)
                                                     -9.006    -5.902 r  pll.clk_pll/inst/plle2_adv_inst/CLKOUT0
                         net (fo=1, routed)           1.837    -4.064    pll.clk_pll/inst/cpu_clk_clk_pll
    BUFGCTRL_X0Y0        BUFG (Prop_bufg_I_O)         0.096    -3.968 r  pll.clk_pll/inst/clkout1_buf/O
                         net (fo=17726, routed)       1.652    -2.316    u_confreg/cpu_clk
    SLICE_X49Y166        FDRE                                         r  u_confreg/timer_r1_reg[29]/C

Slack:                    inf
  Source:                 u_confreg/timer_reg[2]/C
                            (rising edge-triggered cell FDRE clocked by timer_clk_clk_pll  {rise@0.000ns fall@5.000ns period=10.000ns})
  Destination:            u_confreg/timer_r1_reg[2]/D
                            (rising edge-triggered cell FDRE clocked by cpu_clk_clk_pll  {rise@0.000ns fall@20.000ns period=40.000ns})
  Path Group:             (none)
  Path Type:              Hold (Min at Slow Process Corner)
  Data Path Delay:        0.766ns  (logic 0.367ns (47.941%)  route 0.399ns (52.059%))
  Logic Levels:           0  
  Clock Path Skew:        -0.377ns (DCD - SCD - CPR)
    Destination Clock Delay (DCD):    -2.309ns
    Source Clock Delay      (SCD):    -1.932ns
    Clock Pessimism Removal (CPR):    -0.000ns
  Clock Uncertainty:      0.218ns  ((TSJ^2 + DJ^2)^1/2) / 2 + PE
    Total System Jitter     (TSJ):    0.071ns
    Discrete Jitter          (DJ):    0.183ns
    Phase Error              (PE):    0.120ns
  Timing Exception:       False Path

    Location             Delay type                Incr(ns)  Path(ns)    Netlist Resource(s)
  -------------------------------------------------------------------    -------------------
                         (clock timer_clk_clk_pll rise edge)
                                                      0.000     0.000 r  
    AC19                                              0.000     0.000 r  clk (IN)
                         net (fo=0)                   0.000     0.000    pll.clk_pll/inst/clk_in1
    AC19                 IBUF (Prop_ibuf_I_O)         1.414     1.414 r  pll.clk_pll/inst/clkin1_ibufg/O
                         net (fo=1, routed)           1.531     2.945    pll.clk_pll/inst/clk_in1_clk_pll
    PLLE2_ADV_X0Y2       PLLE2_ADV (Prop_plle2_adv_CLKIN1_CLKOUT1)
                                                     -8.262    -5.316 r  pll.clk_pll/inst/plle2_adv_inst/CLKOUT1
                         net (fo=1, routed)           1.755    -3.561    pll.clk_pll/inst/timer_clk_clk_pll
    BUFGCTRL_X0Y1        BUFG (Prop_bufg_I_O)         0.091    -3.470 r  pll.clk_pll/inst/clkout2_buf/O
                         net (fo=99, routed)          1.538    -1.932    u_confreg/timer_clk
    SLICE_X43Y159        FDRE                                         r  u_confreg/timer_reg[2]/C
  -------------------------------------------------------------------    -------------------
    SLICE_X43Y159        FDRE (Prop_fdre_C_Q)         0.367    -1.565 r  u_confreg/timer_reg[2]/Q
                         net (fo=2, routed)           0.399    -1.167    u_confreg/timer_reg[2]
    SLICE_X45Y157        FDRE                                         r  u_confreg/timer_r1_reg[2]/D
  -------------------------------------------------------------------    -------------------

                         (clock cpu_clk_clk_pll rise edge)
                                                      0.000     0.000 r  
    AC19                                              0.000     0.000 r  clk (IN)
                         net (fo=0)                   0.000     0.000    pll.clk_pll/inst/clk_in1
    AC19                 IBUF (Prop_ibuf_I_O)         1.485     1.485 r  pll.clk_pll/inst/clkin1_ibufg/O
                         net (fo=1, routed)           1.619     3.104    pll.clk_pll/inst/clk_in1_clk_pll
    PLLE2_ADV_X0Y2       PLLE2_ADV (Prop_plle2_adv_CLKIN1_CLKOUT0)
                                                     -9.006    -5.902 r  pll.clk_pll/inst/plle2_adv_inst/CLKOUT0
                         net (fo=1, routed)           1.837    -4.064    pll.clk_pll/inst/cpu_clk_clk_pll
    BUFGCTRL_X0Y0        BUFG (Prop_bufg_I_O)         0.096    -3.968 r  pll.clk_pll/inst/clkout1_buf/O
                         net (fo=17726, routed)       1.659    -2.309    u_confreg/cpu_clk
    SLICE_X45Y157        FDRE                                         r  u_confreg/timer_r1_reg[2]/C

Slack:                    inf
  Source:                 u_confreg/timer_reg[1]/C
                            (rising edge-triggered cell FDRE clocked by timer_clk_clk_pll  {rise@0.000ns fall@5.000ns period=10.000ns})
  Destination:            u_confreg/timer_r1_reg[1]/D
                            (rising edge-triggered cell FDRE clocked by cpu_clk_clk_pll  {rise@0.000ns fall@20.000ns period=40.000ns})
  Path Group:             (none)
  Path Type:              Hold (Min at Slow Process Corner)
  Data Path Delay:        0.782ns  (logic 0.367ns (46.925%)  route 0.415ns (53.075%))
  Logic Levels:           0  
  Clock Path Skew:        -0.377ns (DCD - SCD - CPR)
    Destination Clock Delay (DCD):    -2.309ns
    Source Clock Delay      (SCD):    -1.932ns
    Clock Pessimism Removal (CPR):    -0.000ns
  Clock Uncertainty:      0.218ns  ((TSJ^2 + DJ^2)^1/2) / 2 + PE
    Total System Jitter     (TSJ):    0.071ns
    Discrete Jitter          (DJ):    0.183ns
    Phase Error              (PE):    0.120ns
  Timing Exception:       False Path

    Location             Delay type                Incr(ns)  Path(ns)    Netlist Resource(s)
  -------------------------------------------------------------------    -------------------
                         (clock timer_clk_clk_pll rise edge)
                                                      0.000     0.000 r  
    AC19                                              0.000     0.000 r  clk (IN)
                         net (fo=0)                   0.000     0.000    pll.clk_pll/inst/clk_in1
    AC19                 IBUF (Prop_ibuf_I_O)         1.414     1.414 r  pll.clk_pll/inst/clkin1_ibufg/O
                         net (fo=1, routed)           1.531     2.945    pll.clk_pll/inst/clk_in1_clk_pll
    PLLE2_ADV_X0Y2       PLLE2_ADV (Prop_plle2_adv_CLKIN1_CLKOUT1)
                                                     -8.262    -5.316 r  pll.clk_pll/inst/plle2_adv_inst/CLKOUT1
                         net (fo=1, routed)           1.755    -3.561    pll.clk_pll/inst/timer_clk_clk_pll
    BUFGCTRL_X0Y1        BUFG (Prop_bufg_I_O)         0.091    -3.470 r  pll.clk_pll/inst/clkout2_buf/O
                         net (fo=99, routed)          1.538    -1.932    u_confreg/timer_clk
    SLICE_X43Y159        FDRE                                         r  u_confreg/timer_reg[1]/C
  -------------------------------------------------------------------    -------------------
    SLICE_X43Y159        FDRE (Prop_fdre_C_Q)         0.367    -1.565 r  u_confreg/timer_reg[1]/Q
                         net (fo=2, routed)           0.415    -1.150    u_confreg/timer_reg[1]
    SLICE_X45Y158        FDRE                                         r  u_confreg/timer_r1_reg[1]/D
  -------------------------------------------------------------------    -------------------

                         (clock cpu_clk_clk_pll rise edge)
                                                      0.000     0.000 r  
    AC19                                              0.000     0.000 r  clk (IN)
                         net (fo=0)                   0.000     0.000    pll.clk_pll/inst/clk_in1
    AC19                 IBUF (Prop_ibuf_I_O)         1.485     1.485 r  pll.clk_pll/inst/clkin1_ibufg/O
                         net (fo=1, routed)           1.619     3.104    pll.clk_pll/inst/clk_in1_clk_pll
    PLLE2_ADV_X0Y2       PLLE2_ADV (Prop_plle2_adv_CLKIN1_CLKOUT0)
                                                     -9.006    -5.902 r  pll.clk_pll/inst/plle2_adv_inst/CLKOUT0
                         net (fo=1, routed)           1.837    -4.064    pll.clk_pll/inst/cpu_clk_clk_pll
    BUFGCTRL_X0Y0        BUFG (Prop_bufg_I_O)         0.096    -3.968 r  pll.clk_pll/inst/clkout1_buf/O
                         net (fo=17726, routed)       1.659    -2.309    u_confreg/cpu_clk
    SLICE_X45Y158        FDRE                                         r  u_confreg/timer_r1_reg[1]/C

Slack:                    inf
  Source:                 u_confreg/timer_reg[3]/C
                            (rising edge-triggered cell FDRE clocked by timer_clk_clk_pll  {rise@0.000ns fall@5.000ns period=10.000ns})
  Destination:            u_confreg/timer_r1_reg[3]/D
                            (rising edge-triggered cell FDRE clocked by cpu_clk_clk_pll  {rise@0.000ns fall@20.000ns period=40.000ns})
  Path Group:             (none)
  Path Type:              Hold (Min at Slow Process Corner)
  Data Path Delay:        0.785ns  (logic 0.367ns (46.773%)  route 0.418ns (53.227%))
  Logic Levels:           0  
  Clock Path Skew:        -0.376ns (DCD - SCD - CPR)
    Destination Clock Delay (DCD):    -2.308ns
    Source Clock Delay      (SCD):    -1.932ns
    Clock Pessimism Removal (CPR):    -0.000ns
  Clock Uncertainty:      0.218ns  ((TSJ^2 + DJ^2)^1/2) / 2 + PE
    Total System Jitter     (TSJ):    0.071ns
    Discrete Jitter          (DJ):    0.183ns
    Phase Error              (PE):    0.120ns
  Timing Exception:       False Path

    Location             Delay type                Incr(ns)  Path(ns)    Netlist Resource(s)
  -------------------------------------------------------------------    -------------------
                         (clock timer_clk_clk_pll rise edge)
                                                      0.000     0.000 r  
    AC19                                              0.000     0.000 r  clk (IN)
                         net (fo=0)                   0.000     0.000    pll.clk_pll/inst/clk_in1
    AC19                 IBUF (Prop_ibuf_I_O)         1.414     1.414 r  pll.clk_pll/inst/clkin1_ibufg/O
                         net (fo=1, routed)           1.531     2.945    pll.clk_pll/inst/clk_in1_clk_pll
    PLLE2_ADV_X0Y2       PLLE2_ADV (Prop_plle2_adv_CLKIN1_CLKOUT1)
                                                     -8.262    -5.316 r  pll.clk_pll/inst/plle2_adv_inst/CLKOUT1
                         net (fo=1, routed)           1.755    -3.561    pll.clk_pll/inst/timer_clk_clk_pll
    BUFGCTRL_X0Y1        BUFG (Prop_bufg_I_O)         0.091    -3.470 r  pll.clk_pll/inst/clkout2_buf/O
                         net (fo=99, routed)          1.538    -1.932    u_confreg/timer_clk
    SLICE_X43Y159        FDRE                                         r  u_confreg/timer_reg[3]/C
  -------------------------------------------------------------------    -------------------
    SLICE_X43Y159        FDRE (Prop_fdre_C_Q)         0.367    -1.565 r  u_confreg/timer_reg[3]/Q
                         net (fo=2, routed)           0.418    -1.148    u_confreg/timer_reg[3]
    SLICE_X45Y155        FDRE                                         r  u_confreg/timer_r1_reg[3]/D
  -------------------------------------------------------------------    -------------------

                         (clock cpu_clk_clk_pll rise edge)
                                                      0.000     0.000 r  
    AC19                                              0.000     0.000 r  clk (IN)
                         net (fo=0)                   0.000     0.000    pll.clk_pll/inst/clk_in1
    AC19                 IBUF (Prop_ibuf_I_O)         1.485     1.485 r  pll.clk_pll/inst/clkin1_ibufg/O
                         net (fo=1, routed)           1.619     3.104    pll.clk_pll/inst/clk_in1_clk_pll
    PLLE2_ADV_X0Y2       PLLE2_ADV (Prop_plle2_adv_CLKIN1_CLKOUT0)
                                                     -9.006    -5.902 r  pll.clk_pll/inst/plle2_adv_inst/CLKOUT0
                         net (fo=1, routed)           1.837    -4.064    pll.clk_pll/inst/cpu_clk_clk_pll
    BUFGCTRL_X0Y0        BUFG (Prop_bufg_I_O)         0.096    -3.968 r  pll.clk_pll/inst/clkout1_buf/O
                         net (fo=17726, routed)       1.660    -2.308    u_confreg/cpu_clk
    SLICE_X45Y155        FDRE                                         r  u_confreg/timer_r1_reg[3]/C

Slack:                    inf
  Source:                 u_confreg/timer_reg[14]/C
                            (rising edge-triggered cell FDRE clocked by timer_clk_clk_pll  {rise@0.000ns fall@5.000ns period=10.000ns})
  Destination:            u_confreg/timer_r1_reg[14]/D
                            (rising edge-triggered cell FDRE clocked by cpu_clk_clk_pll  {rise@0.000ns fall@20.000ns period=40.000ns})
  Path Group:             (none)
  Path Type:              Hold (Min at Slow Process Corner)
  Data Path Delay:        0.798ns  (logic 0.367ns (46.013%)  route 0.431ns (53.987%))
  Logic Levels:           0  
  Clock Path Skew:        -0.378ns (DCD - SCD - CPR)
    Destination Clock Delay (DCD):    -2.312ns
    Source Clock Delay      (SCD):    -1.934ns
    Clock Pessimism Removal (CPR):    -0.000ns
  Clock Uncertainty:      0.218ns  ((TSJ^2 + DJ^2)^1/2) / 2 + PE
    Total System Jitter     (TSJ):    0.071ns
    Discrete Jitter          (DJ):    0.183ns
    Phase Error              (PE):    0.120ns
  Timing Exception:       False Path

    Location             Delay type                Incr(ns)  Path(ns)    Netlist Resource(s)
  -------------------------------------------------------------------    -------------------
                         (clock timer_clk_clk_pll rise edge)
                                                      0.000     0.000 r  
    AC19                                              0.000     0.000 r  clk (IN)
                         net (fo=0)                   0.000     0.000    pll.clk_pll/inst/clk_in1
    AC19                 IBUF (Prop_ibuf_I_O)         1.414     1.414 r  pll.clk_pll/inst/clkin1_ibufg/O
                         net (fo=1, routed)           1.531     2.945    pll.clk_pll/inst/clk_in1_clk_pll
    PLLE2_ADV_X0Y2       PLLE2_ADV (Prop_plle2_adv_CLKIN1_CLKOUT1)
                                                     -8.262    -5.316 r  pll.clk_pll/inst/plle2_adv_inst/CLKOUT1
                         net (fo=1, routed)           1.755    -3.561    pll.clk_pll/inst/timer_clk_clk_pll
    BUFGCTRL_X0Y1        BUFG (Prop_bufg_I_O)         0.091    -3.470 r  pll.clk_pll/inst/clkout2_buf/O
                         net (fo=99, routed)          1.536    -1.934    u_confreg/timer_clk
    SLICE_X43Y162        FDRE                                         r  u_confreg/timer_reg[14]/C
  -------------------------------------------------------------------    -------------------
    SLICE_X43Y162        FDRE (Prop_fdre_C_Q)         0.367    -1.567 r  u_confreg/timer_reg[14]/Q
                         net (fo=2, routed)           0.431    -1.137    u_confreg/timer_reg[14]
    SLICE_X45Y162        FDRE                                         r  u_confreg/timer_r1_reg[14]/D
  -------------------------------------------------------------------    -------------------

                         (clock cpu_clk_clk_pll rise edge)
                                                      0.000     0.000 r  
    AC19                                              0.000     0.000 r  clk (IN)
                         net (fo=0)                   0.000     0.000    pll.clk_pll/inst/clk_in1
    AC19                 IBUF (Prop_ibuf_I_O)         1.485     1.485 r  pll.clk_pll/inst/clkin1_ibufg/O
                         net (fo=1, routed)           1.619     3.104    pll.clk_pll/inst/clk_in1_clk_pll
    PLLE2_ADV_X0Y2       PLLE2_ADV (Prop_plle2_adv_CLKIN1_CLKOUT0)
                                                     -9.006    -5.902 r  pll.clk_pll/inst/plle2_adv_inst/CLKOUT0
                         net (fo=1, routed)           1.837    -4.064    pll.clk_pll/inst/cpu_clk_clk_pll
    BUFGCTRL_X0Y0        BUFG (Prop_bufg_I_O)         0.096    -3.968 r  pll.clk_pll/inst/clkout1_buf/O
                         net (fo=17726, routed)       1.656    -2.312    u_confreg/cpu_clk
    SLICE_X45Y162        FDRE                                         r  u_confreg/timer_r1_reg[14]/C

Slack:                    inf
  Source:                 u_confreg/timer_reg[9]/C
                            (rising edge-triggered cell FDRE clocked by timer_clk_clk_pll  {rise@0.000ns fall@5.000ns period=10.000ns})
  Destination:            u_confreg/timer_r1_reg[9]/D
                            (rising edge-triggered cell FDRE clocked by cpu_clk_clk_pll  {rise@0.000ns fall@20.000ns period=40.000ns})
  Path Group:             (none)
  Path Type:              Hold (Min at Slow Process Corner)
  Data Path Delay:        0.799ns  (logic 0.367ns (45.956%)  route 0.432ns (54.044%))
  Logic Levels:           0  
  Clock Path Skew:        -0.376ns (DCD - SCD - CPR)
    Destination Clock Delay (DCD):    -2.309ns
    Source Clock Delay      (SCD):    -1.933ns
    Clock Pessimism Removal (CPR):    -0.000ns
  Clock Uncertainty:      0.218ns  ((TSJ^2 + DJ^2)^1/2) / 2 + PE
    Total System Jitter     (TSJ):    0.071ns
    Discrete Jitter          (DJ):    0.183ns
    Phase Error              (PE):    0.120ns
  Timing Exception:       False Path

    Location             Delay type                Incr(ns)  Path(ns)    Netlist Resource(s)
  -------------------------------------------------------------------    -------------------
                         (clock timer_clk_clk_pll rise edge)
                                                      0.000     0.000 r  
    AC19                                              0.000     0.000 r  clk (IN)
                         net (fo=0)                   0.000     0.000    pll.clk_pll/inst/clk_in1
    AC19                 IBUF (Prop_ibuf_I_O)         1.414     1.414 r  pll.clk_pll/inst/clkin1_ibufg/O
                         net (fo=1, routed)           1.531     2.945    pll.clk_pll/inst/clk_in1_clk_pll
    PLLE2_ADV_X0Y2       PLLE2_ADV (Prop_plle2_adv_CLKIN1_CLKOUT1)
                                                     -8.262    -5.316 r  pll.clk_pll/inst/plle2_adv_inst/CLKOUT1
                         net (fo=1, routed)           1.755    -3.561    pll.clk_pll/inst/timer_clk_clk_pll
    BUFGCTRL_X0Y1        BUFG (Prop_bufg_I_O)         0.091    -3.470 r  pll.clk_pll/inst/clkout2_buf/O
                         net (fo=99, routed)          1.537    -1.933    u_confreg/timer_clk
    SLICE_X43Y161        FDRE                                         r  u_confreg/timer_reg[9]/C
  -------------------------------------------------------------------    -------------------
    SLICE_X43Y161        FDRE (Prop_fdre_C_Q)         0.367    -1.566 r  u_confreg/timer_reg[9]/Q
                         net (fo=2, routed)           0.432    -1.135    u_confreg/timer_reg[9]
    SLICE_X45Y158        FDRE                                         r  u_confreg/timer_r1_reg[9]/D
  -------------------------------------------------------------------    -------------------

                         (clock cpu_clk_clk_pll rise edge)
                                                      0.000     0.000 r  
    AC19                                              0.000     0.000 r  clk (IN)
                         net (fo=0)                   0.000     0.000    pll.clk_pll/inst/clk_in1
    AC19                 IBUF (Prop_ibuf_I_O)         1.485     1.485 r  pll.clk_pll/inst/clkin1_ibufg/O
                         net (fo=1, routed)           1.619     3.104    pll.clk_pll/inst/clk_in1_clk_pll
    PLLE2_ADV_X0Y2       PLLE2_ADV (Prop_plle2_adv_CLKIN1_CLKOUT0)
                                                     -9.006    -5.902 r  pll.clk_pll/inst/plle2_adv_inst/CLKOUT0
                         net (fo=1, routed)           1.837    -4.064    pll.clk_pll/inst/cpu_clk_clk_pll
    BUFGCTRL_X0Y0        BUFG (Prop_bufg_I_O)         0.096    -3.968 r  pll.clk_pll/inst/clkout1_buf/O
                         net (fo=17726, routed)       1.659    -2.309    u_confreg/cpu_clk
    SLICE_X45Y158        FDRE                                         r  u_confreg/timer_r1_reg[9]/C

Slack:                    inf
  Source:                 u_confreg/timer_reg[5]/C
                            (rising edge-triggered cell FDRE clocked by timer_clk_clk_pll  {rise@0.000ns fall@5.000ns period=10.000ns})
  Destination:            u_confreg/timer_r1_reg[5]/D
                            (rising edge-triggered cell FDRE clocked by cpu_clk_clk_pll  {rise@0.000ns fall@20.000ns period=40.000ns})
  Path Group:             (none)
  Path Type:              Hold (Min at Slow Process Corner)
  Data Path Delay:        0.799ns  (logic 0.367ns (45.956%)  route 0.432ns (54.044%))
  Logic Levels:           0  
  Clock Path Skew:        -0.377ns (DCD - SCD - CPR)
    Destination Clock Delay (DCD):    -2.309ns
    Source Clock Delay      (SCD):    -1.932ns
    Clock Pessimism Removal (CPR):    -0.000ns
  Clock Uncertainty:      0.218ns  ((TSJ^2 + DJ^2)^1/2) / 2 + PE
    Total System Jitter     (TSJ):    0.071ns
    Discrete Jitter          (DJ):    0.183ns
    Phase Error              (PE):    0.120ns
  Timing Exception:       False Path

    Location             Delay type                Incr(ns)  Path(ns)    Netlist Resource(s)
  -------------------------------------------------------------------    -------------------
                         (clock timer_clk_clk_pll rise edge)
                                                      0.000     0.000 r  
    AC19                                              0.000     0.000 r  clk (IN)
                         net (fo=0)                   0.000     0.000    pll.clk_pll/inst/clk_in1
    AC19                 IBUF (Prop_ibuf_I_O)         1.414     1.414 r  pll.clk_pll/inst/clkin1_ibufg/O
                         net (fo=1, routed)           1.531     2.945    pll.clk_pll/inst/clk_in1_clk_pll
    PLLE2_ADV_X0Y2       PLLE2_ADV (Prop_plle2_adv_CLKIN1_CLKOUT1)
                                                     -8.262    -5.316 r  pll.clk_pll/inst/plle2_adv_inst/CLKOUT1
                         net (fo=1, routed)           1.755    -3.561    pll.clk_pll/inst/timer_clk_clk_pll
    BUFGCTRL_X0Y1        BUFG (Prop_bufg_I_O)         0.091    -3.470 r  pll.clk_pll/inst/clkout2_buf/O
                         net (fo=99, routed)          1.538    -1.932    u_confreg/timer_clk
    SLICE_X43Y160        FDRE                                         r  u_confreg/timer_reg[5]/C
  -------------------------------------------------------------------    -------------------
    SLICE_X43Y160        FDRE (Prop_fdre_C_Q)         0.367    -1.565 r  u_confreg/timer_reg[5]/Q
                         net (fo=2, routed)           0.432    -1.134    u_confreg/timer_reg[5]
    SLICE_X45Y157        FDRE                                         r  u_confreg/timer_r1_reg[5]/D
  -------------------------------------------------------------------    -------------------

                         (clock cpu_clk_clk_pll rise edge)
                                                      0.000     0.000 r  
    AC19                                              0.000     0.000 r  clk (IN)
                         net (fo=0)                   0.000     0.000    pll.clk_pll/inst/clk_in1
    AC19                 IBUF (Prop_ibuf_I_O)         1.485     1.485 r  pll.clk_pll/inst/clkin1_ibufg/O
                         net (fo=1, routed)           1.619     3.104    pll.clk_pll/inst/clk_in1_clk_pll
    PLLE2_ADV_X0Y2       PLLE2_ADV (Prop_plle2_adv_CLKIN1_CLKOUT0)
                                                     -9.006    -5.902 r  pll.clk_pll/inst/plle2_adv_inst/CLKOUT0
                         net (fo=1, routed)           1.837    -4.064    pll.clk_pll/inst/cpu_clk_clk_pll
    BUFGCTRL_X0Y0        BUFG (Prop_bufg_I_O)         0.096    -3.968 r  pll.clk_pll/inst/clkout1_buf/O
                         net (fo=17726, routed)       1.659    -2.309    u_confreg/cpu_clk
    SLICE_X45Y157        FDRE                                         r  u_confreg/timer_r1_reg[5]/C





--------------------------------------------------------------------------------------
Path Group:  (none)
From Clock:  cpu_clk_clk_pll
  To Clock:  timer_clk_clk_pll

Max Delay            65 Endpoints
Min Delay            65 Endpoints
--------------------------------------------------------------------------------------


Max Delay Paths
--------------------------------------------------------------------------------------
Slack:                    inf
  Source:                 cpu_resetn_reg/C
                            (rising edge-triggered cell FDRE clocked by cpu_clk_clk_pll  {rise@0.000ns fall@20.000ns period=40.000ns})
  Destination:            u_confreg/timer_reg[28]/R
                            (rising edge-triggered cell FDRE clocked by timer_clk_clk_pll  {rise@0.000ns fall@5.000ns period=10.000ns})
  Path Group:             (none)
  Path Type:              Setup (Max at Slow Process Corner)
  Data Path Delay:        4.510ns  (logic 0.576ns (12.771%)  route 3.934ns (87.229%))
  Logic Levels:           1  (LUT1=1)
  Clock Path Skew:        0.357ns (DCD - SCD + CPR)
    Destination Clock Delay (DCD):    -1.937ns
    Source Clock Delay      (SCD):    -2.295ns
    Clock Pessimism Removal (CPR):    0.000ns
  Clock Uncertainty:      0.218ns  ((TSJ^2 + DJ^2)^1/2) / 2 + PE
    Total System Jitter     (TSJ):    0.071ns
    Discrete Jitter          (DJ):    0.183ns
    Phase Error              (PE):    0.120ns
  Timing Exception:       False Path

    Location             Delay type                Incr(ns)  Path(ns)    Netlist Resource(s)
  -------------------------------------------------------------------    -------------------
                         (clock cpu_clk_clk_pll rise edge)
                                                      0.000     0.000 r  
    AC19                                              0.000     0.000 r  clk (IN)
                         net (fo=0)                   0.000     0.000    pll.clk_pll/inst/clk_in1
    AC19                 IBUF (Prop_ibuf_I_O)         1.485     1.485 r  pll.clk_pll/inst/clkin1_ibufg/O
                         net (fo=1, routed)           1.619     3.104    pll.clk_pll/inst/clk_in1_clk_pll
    PLLE2_ADV_X0Y2       PLLE2_ADV (Prop_plle2_adv_CLKIN1_CLKOUT0)
                                                     -9.006    -5.902 r  pll.clk_pll/inst/plle2_adv_inst/CLKOUT0
                         net (fo=1, routed)           1.837    -4.064    pll.clk_pll/inst/cpu_clk_clk_pll
    BUFGCTRL_X0Y0        BUFG (Prop_bufg_I_O)         0.096    -3.968 r  pll.clk_pll/inst/clkout1_buf/O
                         net (fo=17726, routed)       1.673    -2.295    cpu_clk
    SLICE_X45Y149        FDRE                                         r  cpu_resetn_reg/C
  -------------------------------------------------------------------    -------------------
    SLICE_X45Y149        FDRE (Prop_fdre_C_Q)         0.456    -1.839 f  cpu_resetn_reg/Q
                         net (fo=10, routed)          0.692    -1.147    u_confreg/cpu_resetn
    SLICE_X39Y149        LUT1 (Prop_lut1_I0_O)        0.120    -1.027 r  u_confreg/reset_i_1/O
                         net (fo=559, routed)         3.242     2.215    u_confreg/SR[0]
    SLICE_X43Y166        FDRE                                         r  u_confreg/timer_reg[28]/R
  -------------------------------------------------------------------    -------------------

                         (clock timer_clk_clk_pll rise edge)
                                                      0.000     0.000 r  
    AC19                                              0.000     0.000 r  clk (IN)
                         net (fo=0)                   0.000     0.000    pll.clk_pll/inst/clk_in1
    AC19                 IBUF (Prop_ibuf_I_O)         1.414     1.414 r  pll.clk_pll/inst/clkin1_ibufg/O
                         net (fo=1, routed)           1.531     2.945    pll.clk_pll/inst/clk_in1_clk_pll
    PLLE2_ADV_X0Y2       PLLE2_ADV (Prop_plle2_adv_CLKIN1_CLKOUT1)
                                                     -8.262    -5.316 r  pll.clk_pll/inst/plle2_adv_inst/CLKOUT1
                         net (fo=1, routed)           1.755    -3.561    pll.clk_pll/inst/timer_clk_clk_pll
    BUFGCTRL_X0Y1        BUFG (Prop_bufg_I_O)         0.091    -3.470 r  pll.clk_pll/inst/clkout2_buf/O
                         net (fo=99, routed)          1.533    -1.937    u_confreg/timer_clk
    SLICE_X43Y166        FDRE                                         r  u_confreg/timer_reg[28]/C

Slack:                    inf
  Source:                 cpu_resetn_reg/C
                            (rising edge-triggered cell FDRE clocked by cpu_clk_clk_pll  {rise@0.000ns fall@20.000ns period=40.000ns})
  Destination:            u_confreg/timer_reg[29]/R
                            (rising edge-triggered cell FDRE clocked by timer_clk_clk_pll  {rise@0.000ns fall@5.000ns period=10.000ns})
  Path Group:             (none)
  Path Type:              Setup (Max at Slow Process Corner)
  Data Path Delay:        4.510ns  (logic 0.576ns (12.771%)  route 3.934ns (87.229%))
  Logic Levels:           1  (LUT1=1)
  Clock Path Skew:        0.357ns (DCD - SCD + CPR)
    Destination Clock Delay (DCD):    -1.937ns
    Source Clock Delay      (SCD):    -2.295ns
    Clock Pessimism Removal (CPR):    0.000ns
  Clock Uncertainty:      0.218ns  ((TSJ^2 + DJ^2)^1/2) / 2 + PE
    Total System Jitter     (TSJ):    0.071ns
    Discrete Jitter          (DJ):    0.183ns
    Phase Error              (PE):    0.120ns
  Timing Exception:       False Path

    Location             Delay type                Incr(ns)  Path(ns)    Netlist Resource(s)
  -------------------------------------------------------------------    -------------------
                         (clock cpu_clk_clk_pll rise edge)
                                                      0.000     0.000 r  
    AC19                                              0.000     0.000 r  clk (IN)
                         net (fo=0)                   0.000     0.000    pll.clk_pll/inst/clk_in1
    AC19                 IBUF (Prop_ibuf_I_O)         1.485     1.485 r  pll.clk_pll/inst/clkin1_ibufg/O
                         net (fo=1, routed)           1.619     3.104    pll.clk_pll/inst/clk_in1_clk_pll
    PLLE2_ADV_X0Y2       PLLE2_ADV (Prop_plle2_adv_CLKIN1_CLKOUT0)
                                                     -9.006    -5.902 r  pll.clk_pll/inst/plle2_adv_inst/CLKOUT0
                         net (fo=1, routed)           1.837    -4.064    pll.clk_pll/inst/cpu_clk_clk_pll
    BUFGCTRL_X0Y0        BUFG (Prop_bufg_I_O)         0.096    -3.968 r  pll.clk_pll/inst/clkout1_buf/O
                         net (fo=17726, routed)       1.673    -2.295    cpu_clk
    SLICE_X45Y149        FDRE                                         r  cpu_resetn_reg/C
  -------------------------------------------------------------------    -------------------
    SLICE_X45Y149        FDRE (Prop_fdre_C_Q)         0.456    -1.839 f  cpu_resetn_reg/Q
                         net (fo=10, routed)          0.692    -1.147    u_confreg/cpu_resetn
    SLICE_X39Y149        LUT1 (Prop_lut1_I0_O)        0.120    -1.027 r  u_confreg/reset_i_1/O
                         net (fo=559, routed)         3.242     2.215    u_confreg/SR[0]
    SLICE_X43Y166        FDRE                                         r  u_confreg/timer_reg[29]/R
  -------------------------------------------------------------------    -------------------

                         (clock timer_clk_clk_pll rise edge)
                                                      0.000     0.000 r  
    AC19                                              0.000     0.000 r  clk (IN)
                         net (fo=0)                   0.000     0.000    pll.clk_pll/inst/clk_in1
    AC19                 IBUF (Prop_ibuf_I_O)         1.414     1.414 r  pll.clk_pll/inst/clkin1_ibufg/O
                         net (fo=1, routed)           1.531     2.945    pll.clk_pll/inst/clk_in1_clk_pll
    PLLE2_ADV_X0Y2       PLLE2_ADV (Prop_plle2_adv_CLKIN1_CLKOUT1)
                                                     -8.262    -5.316 r  pll.clk_pll/inst/plle2_adv_inst/CLKOUT1
                         net (fo=1, routed)           1.755    -3.561    pll.clk_pll/inst/timer_clk_clk_pll
    BUFGCTRL_X0Y1        BUFG (Prop_bufg_I_O)         0.091    -3.470 r  pll.clk_pll/inst/clkout2_buf/O
                         net (fo=99, routed)          1.533    -1.937    u_confreg/timer_clk
    SLICE_X43Y166        FDRE                                         r  u_confreg/timer_reg[29]/C

Slack:                    inf
  Source:                 cpu_resetn_reg/C
                            (rising edge-triggered cell FDRE clocked by cpu_clk_clk_pll  {rise@0.000ns fall@20.000ns period=40.000ns})
  Destination:            u_confreg/timer_reg[30]/R
                            (rising edge-triggered cell FDRE clocked by timer_clk_clk_pll  {rise@0.000ns fall@5.000ns period=10.000ns})
  Path Group:             (none)
  Path Type:              Setup (Max at Slow Process Corner)
  Data Path Delay:        4.510ns  (logic 0.576ns (12.771%)  route 3.934ns (87.229%))
  Logic Levels:           1  (LUT1=1)
  Clock Path Skew:        0.357ns (DCD - SCD + CPR)
    Destination Clock Delay (DCD):    -1.937ns
    Source Clock Delay      (SCD):    -2.295ns
    Clock Pessimism Removal (CPR):    0.000ns
  Clock Uncertainty:      0.218ns  ((TSJ^2 + DJ^2)^1/2) / 2 + PE
    Total System Jitter     (TSJ):    0.071ns
    Discrete Jitter          (DJ):    0.183ns
    Phase Error              (PE):    0.120ns
  Timing Exception:       False Path

    Location             Delay type                Incr(ns)  Path(ns)    Netlist Resource(s)
  -------------------------------------------------------------------    -------------------
                         (clock cpu_clk_clk_pll rise edge)
                                                      0.000     0.000 r  
    AC19                                              0.000     0.000 r  clk (IN)
                         net (fo=0)                   0.000     0.000    pll.clk_pll/inst/clk_in1
    AC19                 IBUF (Prop_ibuf_I_O)         1.485     1.485 r  pll.clk_pll/inst/clkin1_ibufg/O
                         net (fo=1, routed)           1.619     3.104    pll.clk_pll/inst/clk_in1_clk_pll
    PLLE2_ADV_X0Y2       PLLE2_ADV (Prop_plle2_adv_CLKIN1_CLKOUT0)
                                                     -9.006    -5.902 r  pll.clk_pll/inst/plle2_adv_inst/CLKOUT0
                         net (fo=1, routed)           1.837    -4.064    pll.clk_pll/inst/cpu_clk_clk_pll
    BUFGCTRL_X0Y0        BUFG (Prop_bufg_I_O)         0.096    -3.968 r  pll.clk_pll/inst/clkout1_buf/O
                         net (fo=17726, routed)       1.673    -2.295    cpu_clk
    SLICE_X45Y149        FDRE                                         r  cpu_resetn_reg/C
  -------------------------------------------------------------------    -------------------
    SLICE_X45Y149        FDRE (Prop_fdre_C_Q)         0.456    -1.839 f  cpu_resetn_reg/Q
                         net (fo=10, routed)          0.692    -1.147    u_confreg/cpu_resetn
    SLICE_X39Y149        LUT1 (Prop_lut1_I0_O)        0.120    -1.027 r  u_confreg/reset_i_1/O
                         net (fo=559, routed)         3.242     2.215    u_confreg/SR[0]
    SLICE_X43Y166        FDRE                                         r  u_confreg/timer_reg[30]/R
  -------------------------------------------------------------------    -------------------

                         (clock timer_clk_clk_pll rise edge)
                                                      0.000     0.000 r  
    AC19                                              0.000     0.000 r  clk (IN)
                         net (fo=0)                   0.000     0.000    pll.clk_pll/inst/clk_in1
    AC19                 IBUF (Prop_ibuf_I_O)         1.414     1.414 r  pll.clk_pll/inst/clkin1_ibufg/O
                         net (fo=1, routed)           1.531     2.945    pll.clk_pll/inst/clk_in1_clk_pll
    PLLE2_ADV_X0Y2       PLLE2_ADV (Prop_plle2_adv_CLKIN1_CLKOUT1)
                                                     -8.262    -5.316 r  pll.clk_pll/inst/plle2_adv_inst/CLKOUT1
                         net (fo=1, routed)           1.755    -3.561    pll.clk_pll/inst/timer_clk_clk_pll
    BUFGCTRL_X0Y1        BUFG (Prop_bufg_I_O)         0.091    -3.470 r  pll.clk_pll/inst/clkout2_buf/O
                         net (fo=99, routed)          1.533    -1.937    u_confreg/timer_clk
    SLICE_X43Y166        FDRE                                         r  u_confreg/timer_reg[30]/C

Slack:                    inf
  Source:                 cpu_resetn_reg/C
                            (rising edge-triggered cell FDRE clocked by cpu_clk_clk_pll  {rise@0.000ns fall@20.000ns period=40.000ns})
  Destination:            u_confreg/timer_reg[31]/R
                            (rising edge-triggered cell FDRE clocked by timer_clk_clk_pll  {rise@0.000ns fall@5.000ns period=10.000ns})
  Path Group:             (none)
  Path Type:              Setup (Max at Slow Process Corner)
  Data Path Delay:        4.510ns  (logic 0.576ns (12.771%)  route 3.934ns (87.229%))
  Logic Levels:           1  (LUT1=1)
  Clock Path Skew:        0.357ns (DCD - SCD + CPR)
    Destination Clock Delay (DCD):    -1.937ns
    Source Clock Delay      (SCD):    -2.295ns
    Clock Pessimism Removal (CPR):    0.000ns
  Clock Uncertainty:      0.218ns  ((TSJ^2 + DJ^2)^1/2) / 2 + PE
    Total System Jitter     (TSJ):    0.071ns
    Discrete Jitter          (DJ):    0.183ns
    Phase Error              (PE):    0.120ns
  Timing Exception:       False Path

    Location             Delay type                Incr(ns)  Path(ns)    Netlist Resource(s)
  -------------------------------------------------------------------    -------------------
                         (clock cpu_clk_clk_pll rise edge)
                                                      0.000     0.000 r  
    AC19                                              0.000     0.000 r  clk (IN)
                         net (fo=0)                   0.000     0.000    pll.clk_pll/inst/clk_in1
    AC19                 IBUF (Prop_ibuf_I_O)         1.485     1.485 r  pll.clk_pll/inst/clkin1_ibufg/O
                         net (fo=1, routed)           1.619     3.104    pll.clk_pll/inst/clk_in1_clk_pll
    PLLE2_ADV_X0Y2       PLLE2_ADV (Prop_plle2_adv_CLKIN1_CLKOUT0)
                                                     -9.006    -5.902 r  pll.clk_pll/inst/plle2_adv_inst/CLKOUT0
                         net (fo=1, routed)           1.837    -4.064    pll.clk_pll/inst/cpu_clk_clk_pll
    BUFGCTRL_X0Y0        BUFG (Prop_bufg_I_O)         0.096    -3.968 r  pll.clk_pll/inst/clkout1_buf/O
                         net (fo=17726, routed)       1.673    -2.295    cpu_clk
    SLICE_X45Y149        FDRE                                         r  cpu_resetn_reg/C
  -------------------------------------------------------------------    -------------------
    SLICE_X45Y149        FDRE (Prop_fdre_C_Q)         0.456    -1.839 f  cpu_resetn_reg/Q
                         net (fo=10, routed)          0.692    -1.147    u_confreg/cpu_resetn
    SLICE_X39Y149        LUT1 (Prop_lut1_I0_O)        0.120    -1.027 r  u_confreg/reset_i_1/O
                         net (fo=559, routed)         3.242     2.215    u_confreg/SR[0]
    SLICE_X43Y166        FDRE                                         r  u_confreg/timer_reg[31]/R
  -------------------------------------------------------------------    -------------------

                         (clock timer_clk_clk_pll rise edge)
                                                      0.000     0.000 r  
    AC19                                              0.000     0.000 r  clk (IN)
                         net (fo=0)                   0.000     0.000    pll.clk_pll/inst/clk_in1
    AC19                 IBUF (Prop_ibuf_I_O)         1.414     1.414 r  pll.clk_pll/inst/clkin1_ibufg/O
                         net (fo=1, routed)           1.531     2.945    pll.clk_pll/inst/clk_in1_clk_pll
    PLLE2_ADV_X0Y2       PLLE2_ADV (Prop_plle2_adv_CLKIN1_CLKOUT1)
                                                     -8.262    -5.316 r  pll.clk_pll/inst/plle2_adv_inst/CLKOUT1
                         net (fo=1, routed)           1.755    -3.561    pll.clk_pll/inst/timer_clk_clk_pll
    BUFGCTRL_X0Y1        BUFG (Prop_bufg_I_O)         0.091    -3.470 r  pll.clk_pll/inst/clkout2_buf/O
                         net (fo=99, routed)          1.533    -1.937    u_confreg/timer_clk
    SLICE_X43Y166        FDRE                                         r  u_confreg/timer_reg[31]/C

Slack:                    inf
  Source:                 cpu_resetn_reg/C
                            (rising edge-triggered cell FDRE clocked by cpu_clk_clk_pll  {rise@0.000ns fall@20.000ns period=40.000ns})
  Destination:            u_confreg/timer_reg[24]/R
                            (rising edge-triggered cell FDRE clocked by timer_clk_clk_pll  {rise@0.000ns fall@5.000ns period=10.000ns})
  Path Group:             (none)
  Path Type:              Setup (Max at Slow Process Corner)
  Data Path Delay:        4.107ns  (logic 0.576ns (14.026%)  route 3.531ns (85.974%))
  Logic Levels:           1  (LUT1=1)
  Clock Path Skew:        0.358ns (DCD - SCD + CPR)
    Destination Clock Delay (DCD):    -1.936ns
    Source Clock Delay      (SCD):    -2.295ns
    Clock Pessimism Removal (CPR):    0.000ns
  Clock Uncertainty:      0.218ns  ((TSJ^2 + DJ^2)^1/2) / 2 + PE
    Total System Jitter     (TSJ):    0.071ns
    Discrete Jitter          (DJ):    0.183ns
    Phase Error              (PE):    0.120ns
  Timing Exception:       False Path

    Location             Delay type                Incr(ns)  Path(ns)    Netlist Resource(s)
  -------------------------------------------------------------------    -------------------
                         (clock cpu_clk_clk_pll rise edge)
                                                      0.000     0.000 r  
    AC19                                              0.000     0.000 r  clk (IN)
                         net (fo=0)                   0.000     0.000    pll.clk_pll/inst/clk_in1
    AC19                 IBUF (Prop_ibuf_I_O)         1.485     1.485 r  pll.clk_pll/inst/clkin1_ibufg/O
                         net (fo=1, routed)           1.619     3.104    pll.clk_pll/inst/clk_in1_clk_pll
    PLLE2_ADV_X0Y2       PLLE2_ADV (Prop_plle2_adv_CLKIN1_CLKOUT0)
                                                     -9.006    -5.902 r  pll.clk_pll/inst/plle2_adv_inst/CLKOUT0
                         net (fo=1, routed)           1.837    -4.064    pll.clk_pll/inst/cpu_clk_clk_pll
    BUFGCTRL_X0Y0        BUFG (Prop_bufg_I_O)         0.096    -3.968 r  pll.clk_pll/inst/clkout1_buf/O
                         net (fo=17726, routed)       1.673    -2.295    cpu_clk
    SLICE_X45Y149        FDRE                                         r  cpu_resetn_reg/C
  -------------------------------------------------------------------    -------------------
    SLICE_X45Y149        FDRE (Prop_fdre_C_Q)         0.456    -1.839 f  cpu_resetn_reg/Q
                         net (fo=10, routed)          0.692    -1.147    u_confreg/cpu_resetn
    SLICE_X39Y149        LUT1 (Prop_lut1_I0_O)        0.120    -1.027 r  u_confreg/reset_i_1/O
                         net (fo=559, routed)         2.839     1.812    u_confreg/SR[0]
    SLICE_X43Y165        FDRE                                         r  u_confreg/timer_reg[24]/R
  -------------------------------------------------------------------    -------------------

                         (clock timer_clk_clk_pll rise edge)
                                                      0.000     0.000 r  
    AC19                                              0.000     0.000 r  clk (IN)
                         net (fo=0)                   0.000     0.000    pll.clk_pll/inst/clk_in1
    AC19                 IBUF (Prop_ibuf_I_O)         1.414     1.414 r  pll.clk_pll/inst/clkin1_ibufg/O
                         net (fo=1, routed)           1.531     2.945    pll.clk_pll/inst/clk_in1_clk_pll
    PLLE2_ADV_X0Y2       PLLE2_ADV (Prop_plle2_adv_CLKIN1_CLKOUT1)
                                                     -8.262    -5.316 r  pll.clk_pll/inst/plle2_adv_inst/CLKOUT1
                         net (fo=1, routed)           1.755    -3.561    pll.clk_pll/inst/timer_clk_clk_pll
    BUFGCTRL_X0Y1        BUFG (Prop_bufg_I_O)         0.091    -3.470 r  pll.clk_pll/inst/clkout2_buf/O
                         net (fo=99, routed)          1.534    -1.936    u_confreg/timer_clk
    SLICE_X43Y165        FDRE                                         r  u_confreg/timer_reg[24]/C

Slack:                    inf
  Source:                 cpu_resetn_reg/C
                            (rising edge-triggered cell FDRE clocked by cpu_clk_clk_pll  {rise@0.000ns fall@20.000ns period=40.000ns})
  Destination:            u_confreg/timer_reg[25]/R
                            (rising edge-triggered cell FDRE clocked by timer_clk_clk_pll  {rise@0.000ns fall@5.000ns period=10.000ns})
  Path Group:             (none)
  Path Type:              Setup (Max at Slow Process Corner)
  Data Path Delay:        4.107ns  (logic 0.576ns (14.026%)  route 3.531ns (85.974%))
  Logic Levels:           1  (LUT1=1)
  Clock Path Skew:        0.358ns (DCD - SCD + CPR)
    Destination Clock Delay (DCD):    -1.936ns
    Source Clock Delay      (SCD):    -2.295ns
    Clock Pessimism Removal (CPR):    0.000ns
  Clock Uncertainty:      0.218ns  ((TSJ^2 + DJ^2)^1/2) / 2 + PE
    Total System Jitter     (TSJ):    0.071ns
    Discrete Jitter          (DJ):    0.183ns
    Phase Error              (PE):    0.120ns
  Timing Exception:       False Path

    Location             Delay type                Incr(ns)  Path(ns)    Netlist Resource(s)
  -------------------------------------------------------------------    -------------------
                         (clock cpu_clk_clk_pll rise edge)
                                                      0.000     0.000 r  
    AC19                                              0.000     0.000 r  clk (IN)
                         net (fo=0)                   0.000     0.000    pll.clk_pll/inst/clk_in1
    AC19                 IBUF (Prop_ibuf_I_O)         1.485     1.485 r  pll.clk_pll/inst/clkin1_ibufg/O
                         net (fo=1, routed)           1.619     3.104    pll.clk_pll/inst/clk_in1_clk_pll
    PLLE2_ADV_X0Y2       PLLE2_ADV (Prop_plle2_adv_CLKIN1_CLKOUT0)
                                                     -9.006    -5.902 r  pll.clk_pll/inst/plle2_adv_inst/CLKOUT0
                         net (fo=1, routed)           1.837    -4.064    pll.clk_pll/inst/cpu_clk_clk_pll
    BUFGCTRL_X0Y0        BUFG (Prop_bufg_I_O)         0.096    -3.968 r  pll.clk_pll/inst/clkout1_buf/O
                         net (fo=17726, routed)       1.673    -2.295    cpu_clk
    SLICE_X45Y149        FDRE                                         r  cpu_resetn_reg/C
  -------------------------------------------------------------------    -------------------
    SLICE_X45Y149        FDRE (Prop_fdre_C_Q)         0.456    -1.839 f  cpu_resetn_reg/Q
                         net (fo=10, routed)          0.692    -1.147    u_confreg/cpu_resetn
    SLICE_X39Y149        LUT1 (Prop_lut1_I0_O)        0.120    -1.027 r  u_confreg/reset_i_1/O
                         net (fo=559, routed)         2.839     1.812    u_confreg/SR[0]
    SLICE_X43Y165        FDRE                                         r  u_confreg/timer_reg[25]/R
  -------------------------------------------------------------------    -------------------

                         (clock timer_clk_clk_pll rise edge)
                                                      0.000     0.000 r  
    AC19                                              0.000     0.000 r  clk (IN)
                         net (fo=0)                   0.000     0.000    pll.clk_pll/inst/clk_in1
    AC19                 IBUF (Prop_ibuf_I_O)         1.414     1.414 r  pll.clk_pll/inst/clkin1_ibufg/O
                         net (fo=1, routed)           1.531     2.945    pll.clk_pll/inst/clk_in1_clk_pll
    PLLE2_ADV_X0Y2       PLLE2_ADV (Prop_plle2_adv_CLKIN1_CLKOUT1)
                                                     -8.262    -5.316 r  pll.clk_pll/inst/plle2_adv_inst/CLKOUT1
                         net (fo=1, routed)           1.755    -3.561    pll.clk_pll/inst/timer_clk_clk_pll
    BUFGCTRL_X0Y1        BUFG (Prop_bufg_I_O)         0.091    -3.470 r  pll.clk_pll/inst/clkout2_buf/O
                         net (fo=99, routed)          1.534    -1.936    u_confreg/timer_clk
    SLICE_X43Y165        FDRE                                         r  u_confreg/timer_reg[25]/C

Slack:                    inf
  Source:                 cpu_resetn_reg/C
                            (rising edge-triggered cell FDRE clocked by cpu_clk_clk_pll  {rise@0.000ns fall@20.000ns period=40.000ns})
  Destination:            u_confreg/timer_reg[26]/R
                            (rising edge-triggered cell FDRE clocked by timer_clk_clk_pll  {rise@0.000ns fall@5.000ns period=10.000ns})
  Path Group:             (none)
  Path Type:              Setup (Max at Slow Process Corner)
  Data Path Delay:        4.107ns  (logic 0.576ns (14.026%)  route 3.531ns (85.974%))
  Logic Levels:           1  (LUT1=1)
  Clock Path Skew:        0.358ns (DCD - SCD + CPR)
    Destination Clock Delay (DCD):    -1.936ns
    Source Clock Delay      (SCD):    -2.295ns
    Clock Pessimism Removal (CPR):    0.000ns
  Clock Uncertainty:      0.218ns  ((TSJ^2 + DJ^2)^1/2) / 2 + PE
    Total System Jitter     (TSJ):    0.071ns
    Discrete Jitter          (DJ):    0.183ns
    Phase Error              (PE):    0.120ns
  Timing Exception:       False Path

    Location             Delay type                Incr(ns)  Path(ns)    Netlist Resource(s)
  -------------------------------------------------------------------    -------------------
                         (clock cpu_clk_clk_pll rise edge)
                                                      0.000     0.000 r  
    AC19                                              0.000     0.000 r  clk (IN)
                         net (fo=0)                   0.000     0.000    pll.clk_pll/inst/clk_in1
    AC19                 IBUF (Prop_ibuf_I_O)         1.485     1.485 r  pll.clk_pll/inst/clkin1_ibufg/O
                         net (fo=1, routed)           1.619     3.104    pll.clk_pll/inst/clk_in1_clk_pll
    PLLE2_ADV_X0Y2       PLLE2_ADV (Prop_plle2_adv_CLKIN1_CLKOUT0)
                                                     -9.006    -5.902 r  pll.clk_pll/inst/plle2_adv_inst/CLKOUT0
                         net (fo=1, routed)           1.837    -4.064    pll.clk_pll/inst/cpu_clk_clk_pll
    BUFGCTRL_X0Y0        BUFG (Prop_bufg_I_O)         0.096    -3.968 r  pll.clk_pll/inst/clkout1_buf/O
                         net (fo=17726, routed)       1.673    -2.295    cpu_clk
    SLICE_X45Y149        FDRE                                         r  cpu_resetn_reg/C
  -------------------------------------------------------------------    -------------------
    SLICE_X45Y149        FDRE (Prop_fdre_C_Q)         0.456    -1.839 f  cpu_resetn_reg/Q
                         net (fo=10, routed)          0.692    -1.147    u_confreg/cpu_resetn
    SLICE_X39Y149        LUT1 (Prop_lut1_I0_O)        0.120    -1.027 r  u_confreg/reset_i_1/O
                         net (fo=559, routed)         2.839     1.812    u_confreg/SR[0]
    SLICE_X43Y165        FDRE                                         r  u_confreg/timer_reg[26]/R
  -------------------------------------------------------------------    -------------------

                         (clock timer_clk_clk_pll rise edge)
                                                      0.000     0.000 r  
    AC19                                              0.000     0.000 r  clk (IN)
                         net (fo=0)                   0.000     0.000    pll.clk_pll/inst/clk_in1
    AC19                 IBUF (Prop_ibuf_I_O)         1.414     1.414 r  pll.clk_pll/inst/clkin1_ibufg/O
                         net (fo=1, routed)           1.531     2.945    pll.clk_pll/inst/clk_in1_clk_pll
    PLLE2_ADV_X0Y2       PLLE2_ADV (Prop_plle2_adv_CLKIN1_CLKOUT1)
                                                     -8.262    -5.316 r  pll.clk_pll/inst/plle2_adv_inst/CLKOUT1
                         net (fo=1, routed)           1.755    -3.561    pll.clk_pll/inst/timer_clk_clk_pll
    BUFGCTRL_X0Y1        BUFG (Prop_bufg_I_O)         0.091    -3.470 r  pll.clk_pll/inst/clkout2_buf/O
                         net (fo=99, routed)          1.534    -1.936    u_confreg/timer_clk
    SLICE_X43Y165        FDRE                                         r  u_confreg/timer_reg[26]/C

Slack:                    inf
  Source:                 cpu_resetn_reg/C
                            (rising edge-triggered cell FDRE clocked by cpu_clk_clk_pll  {rise@0.000ns fall@20.000ns period=40.000ns})
  Destination:            u_confreg/timer_reg[27]/R
                            (rising edge-triggered cell FDRE clocked by timer_clk_clk_pll  {rise@0.000ns fall@5.000ns period=10.000ns})
  Path Group:             (none)
  Path Type:              Setup (Max at Slow Process Corner)
  Data Path Delay:        4.107ns  (logic 0.576ns (14.026%)  route 3.531ns (85.974%))
  Logic Levels:           1  (LUT1=1)
  Clock Path Skew:        0.358ns (DCD - SCD + CPR)
    Destination Clock Delay (DCD):    -1.936ns
    Source Clock Delay      (SCD):    -2.295ns
    Clock Pessimism Removal (CPR):    0.000ns
  Clock Uncertainty:      0.218ns  ((TSJ^2 + DJ^2)^1/2) / 2 + PE
    Total System Jitter     (TSJ):    0.071ns
    Discrete Jitter          (DJ):    0.183ns
    Phase Error              (PE):    0.120ns
  Timing Exception:       False Path

    Location             Delay type                Incr(ns)  Path(ns)    Netlist Resource(s)
  -------------------------------------------------------------------    -------------------
                         (clock cpu_clk_clk_pll rise edge)
                                                      0.000     0.000 r  
    AC19                                              0.000     0.000 r  clk (IN)
                         net (fo=0)                   0.000     0.000    pll.clk_pll/inst/clk_in1
    AC19                 IBUF (Prop_ibuf_I_O)         1.485     1.485 r  pll.clk_pll/inst/clkin1_ibufg/O
                         net (fo=1, routed)           1.619     3.104    pll.clk_pll/inst/clk_in1_clk_pll
    PLLE2_ADV_X0Y2       PLLE2_ADV (Prop_plle2_adv_CLKIN1_CLKOUT0)
                                                     -9.006    -5.902 r  pll.clk_pll/inst/plle2_adv_inst/CLKOUT0
                         net (fo=1, routed)           1.837    -4.064    pll.clk_pll/inst/cpu_clk_clk_pll
    BUFGCTRL_X0Y0        BUFG (Prop_bufg_I_O)         0.096    -3.968 r  pll.clk_pll/inst/clkout1_buf/O
                         net (fo=17726, routed)       1.673    -2.295    cpu_clk
    SLICE_X45Y149        FDRE                                         r  cpu_resetn_reg/C
  -------------------------------------------------------------------    -------------------
    SLICE_X45Y149        FDRE (Prop_fdre_C_Q)         0.456    -1.839 f  cpu_resetn_reg/Q
                         net (fo=10, routed)          0.692    -1.147    u_confreg/cpu_resetn
    SLICE_X39Y149        LUT1 (Prop_lut1_I0_O)        0.120    -1.027 r  u_confreg/reset_i_1/O
                         net (fo=559, routed)         2.839     1.812    u_confreg/SR[0]
    SLICE_X43Y165        FDRE                                         r  u_confreg/timer_reg[27]/R
  -------------------------------------------------------------------    -------------------

                         (clock timer_clk_clk_pll rise edge)
                                                      0.000     0.000 r  
    AC19                                              0.000     0.000 r  clk (IN)
                         net (fo=0)                   0.000     0.000    pll.clk_pll/inst/clk_in1
    AC19                 IBUF (Prop_ibuf_I_O)         1.414     1.414 r  pll.clk_pll/inst/clkin1_ibufg/O
                         net (fo=1, routed)           1.531     2.945    pll.clk_pll/inst/clk_in1_clk_pll
    PLLE2_ADV_X0Y2       PLLE2_ADV (Prop_plle2_adv_CLKIN1_CLKOUT1)
                                                     -8.262    -5.316 r  pll.clk_pll/inst/plle2_adv_inst/CLKOUT1
                         net (fo=1, routed)           1.755    -3.561    pll.clk_pll/inst/timer_clk_clk_pll
    BUFGCTRL_X0Y1        BUFG (Prop_bufg_I_O)         0.091    -3.470 r  pll.clk_pll/inst/clkout2_buf/O
                         net (fo=99, routed)          1.534    -1.936    u_confreg/timer_clk
    SLICE_X43Y165        FDRE                                         r  u_confreg/timer_reg[27]/C

Slack:                    inf
  Source:                 cpu_resetn_reg/C
                            (rising edge-triggered cell FDRE clocked by cpu_clk_clk_pll  {rise@0.000ns fall@20.000ns period=40.000ns})
  Destination:            u_confreg/timer_reg[20]/R
                            (rising edge-triggered cell FDRE clocked by timer_clk_clk_pll  {rise@0.000ns fall@5.000ns period=10.000ns})
  Path Group:             (none)
  Path Type:              Setup (Max at Slow Process Corner)
  Data Path Delay:        3.968ns  (logic 0.576ns (14.516%)  route 3.392ns (85.484%))
  Logic Levels:           1  (LUT1=1)
  Clock Path Skew:        0.359ns (DCD - SCD + CPR)
    Destination Clock Delay (DCD):    -1.935ns
    Source Clock Delay      (SCD):    -2.295ns
    Clock Pessimism Removal (CPR):    0.000ns
  Clock Uncertainty:      0.218ns  ((TSJ^2 + DJ^2)^1/2) / 2 + PE
    Total System Jitter     (TSJ):    0.071ns
    Discrete Jitter          (DJ):    0.183ns
    Phase Error              (PE):    0.120ns
  Timing Exception:       False Path

    Location             Delay type                Incr(ns)  Path(ns)    Netlist Resource(s)
  -------------------------------------------------------------------    -------------------
                         (clock cpu_clk_clk_pll rise edge)
                                                      0.000     0.000 r  
    AC19                                              0.000     0.000 r  clk (IN)
                         net (fo=0)                   0.000     0.000    pll.clk_pll/inst/clk_in1
    AC19                 IBUF (Prop_ibuf_I_O)         1.485     1.485 r  pll.clk_pll/inst/clkin1_ibufg/O
                         net (fo=1, routed)           1.619     3.104    pll.clk_pll/inst/clk_in1_clk_pll
    PLLE2_ADV_X0Y2       PLLE2_ADV (Prop_plle2_adv_CLKIN1_CLKOUT0)
                                                     -9.006    -5.902 r  pll.clk_pll/inst/plle2_adv_inst/CLKOUT0
                         net (fo=1, routed)           1.837    -4.064    pll.clk_pll/inst/cpu_clk_clk_pll
    BUFGCTRL_X0Y0        BUFG (Prop_bufg_I_O)         0.096    -3.968 r  pll.clk_pll/inst/clkout1_buf/O
                         net (fo=17726, routed)       1.673    -2.295    cpu_clk
    SLICE_X45Y149        FDRE                                         r  cpu_resetn_reg/C
  -------------------------------------------------------------------    -------------------
    SLICE_X45Y149        FDRE (Prop_fdre_C_Q)         0.456    -1.839 f  cpu_resetn_reg/Q
                         net (fo=10, routed)          0.692    -1.147    u_confreg/cpu_resetn
    SLICE_X39Y149        LUT1 (Prop_lut1_I0_O)        0.120    -1.027 r  u_confreg/reset_i_1/O
                         net (fo=559, routed)         2.700     1.673    u_confreg/SR[0]
    SLICE_X43Y164        FDRE                                         r  u_confreg/timer_reg[20]/R
  -------------------------------------------------------------------    -------------------

                         (clock timer_clk_clk_pll rise edge)
                                                      0.000     0.000 r  
    AC19                                              0.000     0.000 r  clk (IN)
                         net (fo=0)                   0.000     0.000    pll.clk_pll/inst/clk_in1
    AC19                 IBUF (Prop_ibuf_I_O)         1.414     1.414 r  pll.clk_pll/inst/clkin1_ibufg/O
                         net (fo=1, routed)           1.531     2.945    pll.clk_pll/inst/clk_in1_clk_pll
    PLLE2_ADV_X0Y2       PLLE2_ADV (Prop_plle2_adv_CLKIN1_CLKOUT1)
                                                     -8.262    -5.316 r  pll.clk_pll/inst/plle2_adv_inst/CLKOUT1
                         net (fo=1, routed)           1.755    -3.561    pll.clk_pll/inst/timer_clk_clk_pll
    BUFGCTRL_X0Y1        BUFG (Prop_bufg_I_O)         0.091    -3.470 r  pll.clk_pll/inst/clkout2_buf/O
                         net (fo=99, routed)          1.535    -1.935    u_confreg/timer_clk
    SLICE_X43Y164        FDRE                                         r  u_confreg/timer_reg[20]/C

Slack:                    inf
  Source:                 cpu_resetn_reg/C
                            (rising edge-triggered cell FDRE clocked by cpu_clk_clk_pll  {rise@0.000ns fall@20.000ns period=40.000ns})
  Destination:            u_confreg/timer_reg[21]/R
                            (rising edge-triggered cell FDRE clocked by timer_clk_clk_pll  {rise@0.000ns fall@5.000ns period=10.000ns})
  Path Group:             (none)
  Path Type:              Setup (Max at Slow Process Corner)
  Data Path Delay:        3.968ns  (logic 0.576ns (14.516%)  route 3.392ns (85.484%))
  Logic Levels:           1  (LUT1=1)
  Clock Path Skew:        0.359ns (DCD - SCD + CPR)
    Destination Clock Delay (DCD):    -1.935ns
    Source Clock Delay      (SCD):    -2.295ns
    Clock Pessimism Removal (CPR):    0.000ns
  Clock Uncertainty:      0.218ns  ((TSJ^2 + DJ^2)^1/2) / 2 + PE
    Total System Jitter     (TSJ):    0.071ns
    Discrete Jitter          (DJ):    0.183ns
    Phase Error              (PE):    0.120ns
  Timing Exception:       False Path

    Location             Delay type                Incr(ns)  Path(ns)    Netlist Resource(s)
  -------------------------------------------------------------------    -------------------
                         (clock cpu_clk_clk_pll rise edge)
                                                      0.000     0.000 r  
    AC19                                              0.000     0.000 r  clk (IN)
                         net (fo=0)                   0.000     0.000    pll.clk_pll/inst/clk_in1
    AC19                 IBUF (Prop_ibuf_I_O)         1.485     1.485 r  pll.clk_pll/inst/clkin1_ibufg/O
                         net (fo=1, routed)           1.619     3.104    pll.clk_pll/inst/clk_in1_clk_pll
    PLLE2_ADV_X0Y2       PLLE2_ADV (Prop_plle2_adv_CLKIN1_CLKOUT0)
                                                     -9.006    -5.902 r  pll.clk_pll/inst/plle2_adv_inst/CLKOUT0
                         net (fo=1, routed)           1.837    -4.064    pll.clk_pll/inst/cpu_clk_clk_pll
    BUFGCTRL_X0Y0        BUFG (Prop_bufg_I_O)         0.096    -3.968 r  pll.clk_pll/inst/clkout1_buf/O
                         net (fo=17726, routed)       1.673    -2.295    cpu_clk
    SLICE_X45Y149        FDRE                                         r  cpu_resetn_reg/C
  -------------------------------------------------------------------    -------------------
    SLICE_X45Y149        FDRE (Prop_fdre_C_Q)         0.456    -1.839 f  cpu_resetn_reg/Q
                         net (fo=10, routed)          0.692    -1.147    u_confreg/cpu_resetn
    SLICE_X39Y149        LUT1 (Prop_lut1_I0_O)        0.120    -1.027 r  u_confreg/reset_i_1/O
                         net (fo=559, routed)         2.700     1.673    u_confreg/SR[0]
    SLICE_X43Y164        FDRE                                         r  u_confreg/timer_reg[21]/R
  -------------------------------------------------------------------    -------------------

                         (clock timer_clk_clk_pll rise edge)
                                                      0.000     0.000 r  
    AC19                                              0.000     0.000 r  clk (IN)
                         net (fo=0)                   0.000     0.000    pll.clk_pll/inst/clk_in1
    AC19                 IBUF (Prop_ibuf_I_O)         1.414     1.414 r  pll.clk_pll/inst/clkin1_ibufg/O
                         net (fo=1, routed)           1.531     2.945    pll.clk_pll/inst/clk_in1_clk_pll
    PLLE2_ADV_X0Y2       PLLE2_ADV (Prop_plle2_adv_CLKIN1_CLKOUT1)
                                                     -8.262    -5.316 r  pll.clk_pll/inst/plle2_adv_inst/CLKOUT1
                         net (fo=1, routed)           1.755    -3.561    pll.clk_pll/inst/timer_clk_clk_pll
    BUFGCTRL_X0Y1        BUFG (Prop_bufg_I_O)         0.091    -3.470 r  pll.clk_pll/inst/clkout2_buf/O
                         net (fo=99, routed)          1.535    -1.935    u_confreg/timer_clk
    SLICE_X43Y164        FDRE                                         r  u_confreg/timer_reg[21]/C





Min Delay Paths
--------------------------------------------------------------------------------------
Slack:                    inf
  Source:                 u_confreg/conf_wdata_r_reg[25]/C
                            (rising edge-triggered cell FDRE clocked by cpu_clk_clk_pll  {rise@0.000ns fall@20.000ns period=40.000ns})
  Destination:            u_confreg/conf_wdata_r1_reg[25]/D
                            (rising edge-triggered cell FDRE clocked by timer_clk_clk_pll  {rise@0.000ns fall@5.000ns period=10.000ns})
  Path Group:             (none)
  Path Type:              Hold (Min at Slow Process Corner)
  Data Path Delay:        0.586ns  (logic 0.337ns (57.530%)  route 0.249ns (42.470%))
  Logic Levels:           0  
  Clock Path Skew:        -0.380ns (DCD - SCD - CPR)
    Destination Clock Delay (DCD):    -2.321ns
    Source Clock Delay      (SCD):    -1.941ns
    Clock Pessimism Removal (CPR):    -0.000ns
  Clock Uncertainty:      0.218ns  ((TSJ^2 + DJ^2)^1/2) / 2 + PE
    Total System Jitter     (TSJ):    0.071ns
    Discrete Jitter          (DJ):    0.183ns
    Phase Error              (PE):    0.120ns
  Timing Exception:       False Path

    Location             Delay type                Incr(ns)  Path(ns)    Netlist Resource(s)
  -------------------------------------------------------------------    -------------------
                         (clock cpu_clk_clk_pll rise edge)
                                                      0.000     0.000 r  
    AC19                                              0.000     0.000 r  clk (IN)
                         net (fo=0)                   0.000     0.000    pll.clk_pll/inst/clk_in1
    AC19                 IBUF (Prop_ibuf_I_O)         1.414     1.414 r  pll.clk_pll/inst/clkin1_ibufg/O
                         net (fo=1, routed)           1.531     2.945    pll.clk_pll/inst/clk_in1_clk_pll
    PLLE2_ADV_X0Y2       PLLE2_ADV (Prop_plle2_adv_CLKIN1_CLKOUT0)
                                                     -8.262    -5.316 r  pll.clk_pll/inst/plle2_adv_inst/CLKOUT0
                         net (fo=1, routed)           1.755    -3.561    pll.clk_pll/inst/cpu_clk_clk_pll
    BUFGCTRL_X0Y0        BUFG (Prop_bufg_I_O)         0.091    -3.470 r  pll.clk_pll/inst/clkout1_buf/O
                         net (fo=17726, routed)       1.529    -1.941    u_confreg/cpu_clk
    SLICE_X43Y170        FDRE                                         r  u_confreg/conf_wdata_r_reg[25]/C
  -------------------------------------------------------------------    -------------------
    SLICE_X43Y170        FDRE (Prop_fdre_C_Q)         0.337    -1.604 r  u_confreg/conf_wdata_r_reg[25]/Q
                         net (fo=1, routed)           0.249    -1.356    u_confreg/conf_wdata_r[25]
    SLICE_X43Y169        FDRE                                         r  u_confreg/conf_wdata_r1_reg[25]/D
  -------------------------------------------------------------------    -------------------

                         (clock timer_clk_clk_pll rise edge)
                                                      0.000     0.000 r  
    AC19                                              0.000     0.000 r  clk (IN)
                         net (fo=0)                   0.000     0.000    pll.clk_pll/inst/clk_in1
    AC19                 IBUF (Prop_ibuf_I_O)         1.485     1.485 r  pll.clk_pll/inst/clkin1_ibufg/O
                         net (fo=1, routed)           1.619     3.104    pll.clk_pll/inst/clk_in1_clk_pll
    PLLE2_ADV_X0Y2       PLLE2_ADV (Prop_plle2_adv_CLKIN1_CLKOUT1)
                                                     -9.006    -5.902 r  pll.clk_pll/inst/plle2_adv_inst/CLKOUT1
                         net (fo=1, routed)           1.837    -4.064    pll.clk_pll/inst/timer_clk_clk_pll
    BUFGCTRL_X0Y1        BUFG (Prop_bufg_I_O)         0.096    -3.968 r  pll.clk_pll/inst/clkout2_buf/O
                         net (fo=99, routed)          1.647    -2.321    u_confreg/timer_clk
    SLICE_X43Y169        FDRE                                         r  u_confreg/conf_wdata_r1_reg[25]/C

Slack:                    inf
  Source:                 u_confreg/conf_wdata_r_reg[31]/C
                            (rising edge-triggered cell FDRE clocked by cpu_clk_clk_pll  {rise@0.000ns fall@20.000ns period=40.000ns})
  Destination:            u_confreg/conf_wdata_r1_reg[31]/D
                            (rising edge-triggered cell FDRE clocked by timer_clk_clk_pll  {rise@0.000ns fall@5.000ns period=10.000ns})
  Path Group:             (none)
  Path Type:              Hold (Min at Slow Process Corner)
  Data Path Delay:        0.600ns  (logic 0.337ns (56.144%)  route 0.263ns (43.856%))
  Logic Levels:           0  
  Clock Path Skew:        -0.381ns (DCD - SCD - CPR)
    Destination Clock Delay (DCD):    -2.320ns
    Source Clock Delay      (SCD):    -1.939ns
    Clock Pessimism Removal (CPR):    -0.000ns
  Clock Uncertainty:      0.218ns  ((TSJ^2 + DJ^2)^1/2) / 2 + PE
    Total System Jitter     (TSJ):    0.071ns
    Discrete Jitter          (DJ):    0.183ns
    Phase Error              (PE):    0.120ns
  Timing Exception:       False Path

    Location             Delay type                Incr(ns)  Path(ns)    Netlist Resource(s)
  -------------------------------------------------------------------    -------------------
                         (clock cpu_clk_clk_pll rise edge)
                                                      0.000     0.000 r  
    AC19                                              0.000     0.000 r  clk (IN)
                         net (fo=0)                   0.000     0.000    pll.clk_pll/inst/clk_in1
    AC19                 IBUF (Prop_ibuf_I_O)         1.414     1.414 r  pll.clk_pll/inst/clkin1_ibufg/O
                         net (fo=1, routed)           1.531     2.945    pll.clk_pll/inst/clk_in1_clk_pll
    PLLE2_ADV_X0Y2       PLLE2_ADV (Prop_plle2_adv_CLKIN1_CLKOUT0)
                                                     -8.262    -5.316 r  pll.clk_pll/inst/plle2_adv_inst/CLKOUT0
                         net (fo=1, routed)           1.755    -3.561    pll.clk_pll/inst/cpu_clk_clk_pll
    BUFGCTRL_X0Y0        BUFG (Prop_bufg_I_O)         0.091    -3.470 r  pll.clk_pll/inst/clkout1_buf/O
                         net (fo=17726, routed)       1.531    -1.939    u_confreg/cpu_clk
    SLICE_X45Y168        FDRE                                         r  u_confreg/conf_wdata_r_reg[31]/C
  -------------------------------------------------------------------    -------------------
    SLICE_X45Y168        FDRE (Prop_fdre_C_Q)         0.337    -1.602 r  u_confreg/conf_wdata_r_reg[31]/Q
                         net (fo=1, routed)           0.263    -1.339    u_confreg/conf_wdata_r[31]
    SLICE_X43Y168        FDRE                                         r  u_confreg/conf_wdata_r1_reg[31]/D
  -------------------------------------------------------------------    -------------------

                         (clock timer_clk_clk_pll rise edge)
                                                      0.000     0.000 r  
    AC19                                              0.000     0.000 r  clk (IN)
                         net (fo=0)                   0.000     0.000    pll.clk_pll/inst/clk_in1
    AC19                 IBUF (Prop_ibuf_I_O)         1.485     1.485 r  pll.clk_pll/inst/clkin1_ibufg/O
                         net (fo=1, routed)           1.619     3.104    pll.clk_pll/inst/clk_in1_clk_pll
    PLLE2_ADV_X0Y2       PLLE2_ADV (Prop_plle2_adv_CLKIN1_CLKOUT1)
                                                     -9.006    -5.902 r  pll.clk_pll/inst/plle2_adv_inst/CLKOUT1
                         net (fo=1, routed)           1.837    -4.064    pll.clk_pll/inst/timer_clk_clk_pll
    BUFGCTRL_X0Y1        BUFG (Prop_bufg_I_O)         0.096    -3.968 r  pll.clk_pll/inst/clkout2_buf/O
                         net (fo=99, routed)          1.648    -2.320    u_confreg/timer_clk
    SLICE_X43Y168        FDRE                                         r  u_confreg/conf_wdata_r1_reg[31]/C

Slack:                    inf
  Source:                 u_confreg/conf_wdata_r_reg[20]/C
                            (rising edge-triggered cell FDRE clocked by cpu_clk_clk_pll  {rise@0.000ns fall@20.000ns period=40.000ns})
  Destination:            u_confreg/conf_wdata_r1_reg[20]/D
                            (rising edge-triggered cell FDRE clocked by timer_clk_clk_pll  {rise@0.000ns fall@5.000ns period=10.000ns})
  Path Group:             (none)
  Path Type:              Hold (Min at Slow Process Corner)
  Data Path Delay:        0.620ns  (logic 0.367ns (59.177%)  route 0.253ns (40.823%))
  Logic Levels:           0  
  Clock Path Skew:        -0.378ns (DCD - SCD - CPR)
    Destination Clock Delay (DCD):    -2.317ns
    Source Clock Delay      (SCD):    -1.939ns
    Clock Pessimism Removal (CPR):    -0.000ns
  Clock Uncertainty:      0.218ns  ((TSJ^2 + DJ^2)^1/2) / 2 + PE
    Total System Jitter     (TSJ):    0.071ns
    Discrete Jitter          (DJ):    0.183ns
    Phase Error              (PE):    0.120ns
  Timing Exception:       False Path

    Location             Delay type                Incr(ns)  Path(ns)    Netlist Resource(s)
  -------------------------------------------------------------------    -------------------
                         (clock cpu_clk_clk_pll rise edge)
                                                      0.000     0.000 r  
    AC19                                              0.000     0.000 r  clk (IN)
                         net (fo=0)                   0.000     0.000    pll.clk_pll/inst/clk_in1
    AC19                 IBUF (Prop_ibuf_I_O)         1.414     1.414 r  pll.clk_pll/inst/clkin1_ibufg/O
                         net (fo=1, routed)           1.531     2.945    pll.clk_pll/inst/clk_in1_clk_pll
    PLLE2_ADV_X0Y2       PLLE2_ADV (Prop_plle2_adv_CLKIN1_CLKOUT0)
                                                     -8.262    -5.316 r  pll.clk_pll/inst/plle2_adv_inst/CLKOUT0
                         net (fo=1, routed)           1.755    -3.561    pll.clk_pll/inst/cpu_clk_clk_pll
    BUFGCTRL_X0Y0        BUFG (Prop_bufg_I_O)         0.091    -3.470 r  pll.clk_pll/inst/clkout1_buf/O
                         net (fo=17726, routed)       1.531    -1.939    u_confreg/cpu_clk
    SLICE_X45Y168        FDRE                                         r  u_confreg/conf_wdata_r_reg[20]/C
  -------------------------------------------------------------------    -------------------
    SLICE_X45Y168        FDRE (Prop_fdre_C_Q)         0.367    -1.572 r  u_confreg/conf_wdata_r_reg[20]/Q
                         net (fo=1, routed)           0.253    -1.319    u_confreg/conf_wdata_r[20]
    SLICE_X45Y167        FDRE                                         r  u_confreg/conf_wdata_r1_reg[20]/D
  -------------------------------------------------------------------    -------------------

                         (clock timer_clk_clk_pll rise edge)
                                                      0.000     0.000 r  
    AC19                                              0.000     0.000 r  clk (IN)
                         net (fo=0)                   0.000     0.000    pll.clk_pll/inst/clk_in1
    AC19                 IBUF (Prop_ibuf_I_O)         1.485     1.485 r  pll.clk_pll/inst/clkin1_ibufg/O
                         net (fo=1, routed)           1.619     3.104    pll.clk_pll/inst/clk_in1_clk_pll
    PLLE2_ADV_X0Y2       PLLE2_ADV (Prop_plle2_adv_CLKIN1_CLKOUT1)
                                                     -9.006    -5.902 r  pll.clk_pll/inst/plle2_adv_inst/CLKOUT1
                         net (fo=1, routed)           1.837    -4.064    pll.clk_pll/inst/timer_clk_clk_pll
    BUFGCTRL_X0Y1        BUFG (Prop_bufg_I_O)         0.096    -3.968 r  pll.clk_pll/inst/clkout2_buf/O
                         net (fo=99, routed)          1.651    -2.317    u_confreg/timer_clk
    SLICE_X45Y167        FDRE                                         r  u_confreg/conf_wdata_r1_reg[20]/C

Slack:                    inf
  Source:                 u_confreg/conf_wdata_r_reg[1]/C
                            (rising edge-triggered cell FDRE clocked by cpu_clk_clk_pll  {rise@0.000ns fall@20.000ns period=40.000ns})
  Destination:            u_confreg/conf_wdata_r1_reg[1]/D
                            (rising edge-triggered cell FDRE clocked by timer_clk_clk_pll  {rise@0.000ns fall@5.000ns period=10.000ns})
  Path Group:             (none)
  Path Type:              Hold (Min at Slow Process Corner)
  Data Path Delay:        0.645ns  (logic 0.367ns (56.899%)  route 0.278ns (43.101%))
  Logic Levels:           0  
  Clock Path Skew:        -0.379ns (DCD - SCD - CPR)
    Destination Clock Delay (DCD):    -2.309ns
    Source Clock Delay      (SCD):    -1.930ns
    Clock Pessimism Removal (CPR):    -0.000ns
  Clock Uncertainty:      0.218ns  ((TSJ^2 + DJ^2)^1/2) / 2 + PE
    Total System Jitter     (TSJ):    0.071ns
    Discrete Jitter          (DJ):    0.183ns
    Phase Error              (PE):    0.120ns
  Timing Exception:       False Path

    Location             Delay type                Incr(ns)  Path(ns)    Netlist Resource(s)
  -------------------------------------------------------------------    -------------------
                         (clock cpu_clk_clk_pll rise edge)
                                                      0.000     0.000 r  
    AC19                                              0.000     0.000 r  clk (IN)
                         net (fo=0)                   0.000     0.000    pll.clk_pll/inst/clk_in1
    AC19                 IBUF (Prop_ibuf_I_O)         1.414     1.414 r  pll.clk_pll/inst/clkin1_ibufg/O
                         net (fo=1, routed)           1.531     2.945    pll.clk_pll/inst/clk_in1_clk_pll
    PLLE2_ADV_X0Y2       PLLE2_ADV (Prop_plle2_adv_CLKIN1_CLKOUT0)
                                                     -8.262    -5.316 r  pll.clk_pll/inst/plle2_adv_inst/CLKOUT0
                         net (fo=1, routed)           1.755    -3.561    pll.clk_pll/inst/cpu_clk_clk_pll
    BUFGCTRL_X0Y0        BUFG (Prop_bufg_I_O)         0.091    -3.470 r  pll.clk_pll/inst/clkout1_buf/O
                         net (fo=17726, routed)       1.540    -1.930    u_confreg/cpu_clk
    SLICE_X43Y154        FDRE                                         r  u_confreg/conf_wdata_r_reg[1]/C
  -------------------------------------------------------------------    -------------------
    SLICE_X43Y154        FDRE (Prop_fdre_C_Q)         0.367    -1.563 r  u_confreg/conf_wdata_r_reg[1]/Q
                         net (fo=1, routed)           0.278    -1.285    u_confreg/conf_wdata_r[1]
    SLICE_X43Y155        FDRE                                         r  u_confreg/conf_wdata_r1_reg[1]/D
  -------------------------------------------------------------------    -------------------

                         (clock timer_clk_clk_pll rise edge)
                                                      0.000     0.000 r  
    AC19                                              0.000     0.000 r  clk (IN)
                         net (fo=0)                   0.000     0.000    pll.clk_pll/inst/clk_in1
    AC19                 IBUF (Prop_ibuf_I_O)         1.485     1.485 r  pll.clk_pll/inst/clkin1_ibufg/O
                         net (fo=1, routed)           1.619     3.104    pll.clk_pll/inst/clk_in1_clk_pll
    PLLE2_ADV_X0Y2       PLLE2_ADV (Prop_plle2_adv_CLKIN1_CLKOUT1)
                                                     -9.006    -5.902 r  pll.clk_pll/inst/plle2_adv_inst/CLKOUT1
                         net (fo=1, routed)           1.837    -4.064    pll.clk_pll/inst/timer_clk_clk_pll
    BUFGCTRL_X0Y1        BUFG (Prop_bufg_I_O)         0.096    -3.968 r  pll.clk_pll/inst/clkout2_buf/O
                         net (fo=99, routed)          1.659    -2.309    u_confreg/timer_clk
    SLICE_X43Y155        FDRE                                         r  u_confreg/conf_wdata_r1_reg[1]/C

Slack:                    inf
  Source:                 u_confreg/conf_wdata_r_reg[5]/C
                            (rising edge-triggered cell FDRE clocked by cpu_clk_clk_pll  {rise@0.000ns fall@20.000ns period=40.000ns})
  Destination:            u_confreg/conf_wdata_r1_reg[5]/D
                            (rising edge-triggered cell FDRE clocked by timer_clk_clk_pll  {rise@0.000ns fall@5.000ns period=10.000ns})
  Path Group:             (none)
  Path Type:              Hold (Min at Slow Process Corner)
  Data Path Delay:        0.609ns  (logic 0.367ns (60.246%)  route 0.242ns (39.754%))
  Logic Levels:           0  
  Clock Path Skew:        -0.380ns (DCD - SCD - CPR)
    Destination Clock Delay (DCD):    -2.224ns
    Source Clock Delay      (SCD):    -1.844ns
    Clock Pessimism Removal (CPR):    -0.000ns
  Clock Uncertainty:      0.218ns  ((TSJ^2 + DJ^2)^1/2) / 2 + PE
    Total System Jitter     (TSJ):    0.071ns
    Discrete Jitter          (DJ):    0.183ns
    Phase Error              (PE):    0.120ns
  Timing Exception:       False Path

    Location             Delay type                Incr(ns)  Path(ns)    Netlist Resource(s)
  -------------------------------------------------------------------    -------------------
                         (clock cpu_clk_clk_pll rise edge)
                                                      0.000     0.000 r  
    AC19                                              0.000     0.000 r  clk (IN)
                         net (fo=0)                   0.000     0.000    pll.clk_pll/inst/clk_in1
    AC19                 IBUF (Prop_ibuf_I_O)         1.414     1.414 r  pll.clk_pll/inst/clkin1_ibufg/O
                         net (fo=1, routed)           1.531     2.945    pll.clk_pll/inst/clk_in1_clk_pll
    PLLE2_ADV_X0Y2       PLLE2_ADV (Prop_plle2_adv_CLKIN1_CLKOUT0)
                                                     -8.262    -5.316 r  pll.clk_pll/inst/plle2_adv_inst/CLKOUT0
                         net (fo=1, routed)           1.755    -3.561    pll.clk_pll/inst/cpu_clk_clk_pll
    BUFGCTRL_X0Y0        BUFG (Prop_bufg_I_O)         0.091    -3.470 r  pll.clk_pll/inst/clkout1_buf/O
                         net (fo=17726, routed)       1.626    -1.844    u_confreg/cpu_clk
    SLICE_X41Y154        FDRE                                         r  u_confreg/conf_wdata_r_reg[5]/C
  -------------------------------------------------------------------    -------------------
    SLICE_X41Y154        FDRE (Prop_fdre_C_Q)         0.367    -1.477 r  u_confreg/conf_wdata_r_reg[5]/Q
                         net (fo=1, routed)           0.242    -1.235    u_confreg/conf_wdata_r[5]
    SLICE_X41Y155        FDRE                                         r  u_confreg/conf_wdata_r1_reg[5]/D
  -------------------------------------------------------------------    -------------------

                         (clock timer_clk_clk_pll rise edge)
                                                      0.000     0.000 r  
    AC19                                              0.000     0.000 r  clk (IN)
                         net (fo=0)                   0.000     0.000    pll.clk_pll/inst/clk_in1
    AC19                 IBUF (Prop_ibuf_I_O)         1.485     1.485 r  pll.clk_pll/inst/clkin1_ibufg/O
                         net (fo=1, routed)           1.619     3.104    pll.clk_pll/inst/clk_in1_clk_pll
    PLLE2_ADV_X0Y2       PLLE2_ADV (Prop_plle2_adv_CLKIN1_CLKOUT1)
                                                     -9.006    -5.902 r  pll.clk_pll/inst/plle2_adv_inst/CLKOUT1
                         net (fo=1, routed)           1.837    -4.064    pll.clk_pll/inst/timer_clk_clk_pll
    BUFGCTRL_X0Y1        BUFG (Prop_bufg_I_O)         0.096    -3.968 r  pll.clk_pll/inst/clkout2_buf/O
                         net (fo=99, routed)          1.744    -2.224    u_confreg/timer_clk
    SLICE_X41Y155        FDRE                                         r  u_confreg/conf_wdata_r1_reg[5]/C

Slack:                    inf
  Source:                 u_confreg/conf_wdata_r_reg[30]/C
                            (rising edge-triggered cell FDRE clocked by cpu_clk_clk_pll  {rise@0.000ns fall@20.000ns period=40.000ns})
  Destination:            u_confreg/conf_wdata_r1_reg[30]/D
                            (rising edge-triggered cell FDRE clocked by timer_clk_clk_pll  {rise@0.000ns fall@5.000ns period=10.000ns})
  Path Group:             (none)
  Path Type:              Hold (Min at Slow Process Corner)
  Data Path Delay:        0.645ns  (logic 0.367ns (56.878%)  route 0.278ns (43.122%))
  Logic Levels:           0  
  Clock Path Skew:        -0.381ns (DCD - SCD - CPR)
    Destination Clock Delay (DCD):    -2.236ns
    Source Clock Delay      (SCD):    -1.855ns
    Clock Pessimism Removal (CPR):    -0.000ns
  Clock Uncertainty:      0.218ns  ((TSJ^2 + DJ^2)^1/2) / 2 + PE
    Total System Jitter     (TSJ):    0.071ns
    Discrete Jitter          (DJ):    0.183ns
    Phase Error              (PE):    0.120ns
  Timing Exception:       False Path

    Location             Delay type                Incr(ns)  Path(ns)    Netlist Resource(s)
  -------------------------------------------------------------------    -------------------
                         (clock cpu_clk_clk_pll rise edge)
                                                      0.000     0.000 r  
    AC19                                              0.000     0.000 r  clk (IN)
                         net (fo=0)                   0.000     0.000    pll.clk_pll/inst/clk_in1
    AC19                 IBUF (Prop_ibuf_I_O)         1.414     1.414 r  pll.clk_pll/inst/clkin1_ibufg/O
                         net (fo=1, routed)           1.531     2.945    pll.clk_pll/inst/clk_in1_clk_pll
    PLLE2_ADV_X0Y2       PLLE2_ADV (Prop_plle2_adv_CLKIN1_CLKOUT0)
                                                     -8.262    -5.316 r  pll.clk_pll/inst/plle2_adv_inst/CLKOUT0
                         net (fo=1, routed)           1.755    -3.561    pll.clk_pll/inst/cpu_clk_clk_pll
    BUFGCTRL_X0Y0        BUFG (Prop_bufg_I_O)         0.091    -3.470 r  pll.clk_pll/inst/clkout1_buf/O
                         net (fo=17726, routed)       1.615    -1.855    u_confreg/cpu_clk
    SLICE_X41Y170        FDRE                                         r  u_confreg/conf_wdata_r_reg[30]/C
  -------------------------------------------------------------------    -------------------
    SLICE_X41Y170        FDRE (Prop_fdre_C_Q)         0.367    -1.488 r  u_confreg/conf_wdata_r_reg[30]/Q
                         net (fo=1, routed)           0.278    -1.210    u_confreg/conf_wdata_r[30]
    SLICE_X38Y169        FDRE                                         r  u_confreg/conf_wdata_r1_reg[30]/D
  -------------------------------------------------------------------    -------------------

                         (clock timer_clk_clk_pll rise edge)
                                                      0.000     0.000 r  
    AC19                                              0.000     0.000 r  clk (IN)
                         net (fo=0)                   0.000     0.000    pll.clk_pll/inst/clk_in1
    AC19                 IBUF (Prop_ibuf_I_O)         1.485     1.485 r  pll.clk_pll/inst/clkin1_ibufg/O
                         net (fo=1, routed)           1.619     3.104    pll.clk_pll/inst/clk_in1_clk_pll
    PLLE2_ADV_X0Y2       PLLE2_ADV (Prop_plle2_adv_CLKIN1_CLKOUT1)
                                                     -9.006    -5.902 r  pll.clk_pll/inst/plle2_adv_inst/CLKOUT1
                         net (fo=1, routed)           1.837    -4.064    pll.clk_pll/inst/timer_clk_clk_pll
    BUFGCTRL_X0Y1        BUFG (Prop_bufg_I_O)         0.096    -3.968 r  pll.clk_pll/inst/clkout2_buf/O
                         net (fo=99, routed)          1.732    -2.236    u_confreg/timer_clk
    SLICE_X38Y169        FDRE                                         r  u_confreg/conf_wdata_r1_reg[30]/C

Slack:                    inf
  Source:                 u_confreg/conf_wdata_r_reg[28]/C
                            (rising edge-triggered cell FDRE clocked by cpu_clk_clk_pll  {rise@0.000ns fall@20.000ns period=40.000ns})
  Destination:            u_confreg/conf_wdata_r1_reg[28]/D
                            (rising edge-triggered cell FDRE clocked by timer_clk_clk_pll  {rise@0.000ns fall@5.000ns period=10.000ns})
  Path Group:             (none)
  Path Type:              Hold (Min at Slow Process Corner)
  Data Path Delay:        0.655ns  (logic 0.367ns (56.022%)  route 0.288ns (43.978%))
  Logic Levels:           0  
  Clock Path Skew:        -0.381ns (DCD - SCD - CPR)
    Destination Clock Delay (DCD):    -2.236ns
    Source Clock Delay      (SCD):    -1.855ns
    Clock Pessimism Removal (CPR):    -0.000ns
  Clock Uncertainty:      0.218ns  ((TSJ^2 + DJ^2)^1/2) / 2 + PE
    Total System Jitter     (TSJ):    0.071ns
    Discrete Jitter          (DJ):    0.183ns
    Phase Error              (PE):    0.120ns
  Timing Exception:       False Path

    Location             Delay type                Incr(ns)  Path(ns)    Netlist Resource(s)
  -------------------------------------------------------------------    -------------------
                         (clock cpu_clk_clk_pll rise edge)
                                                      0.000     0.000 r  
    AC19                                              0.000     0.000 r  clk (IN)
                         net (fo=0)                   0.000     0.000    pll.clk_pll/inst/clk_in1
    AC19                 IBUF (Prop_ibuf_I_O)         1.414     1.414 r  pll.clk_pll/inst/clkin1_ibufg/O
                         net (fo=1, routed)           1.531     2.945    pll.clk_pll/inst/clk_in1_clk_pll
    PLLE2_ADV_X0Y2       PLLE2_ADV (Prop_plle2_adv_CLKIN1_CLKOUT0)
                                                     -8.262    -5.316 r  pll.clk_pll/inst/plle2_adv_inst/CLKOUT0
                         net (fo=1, routed)           1.755    -3.561    pll.clk_pll/inst/cpu_clk_clk_pll
    BUFGCTRL_X0Y0        BUFG (Prop_bufg_I_O)         0.091    -3.470 r  pll.clk_pll/inst/clkout1_buf/O
                         net (fo=17726, routed)       1.615    -1.855    u_confreg/cpu_clk
    SLICE_X41Y170        FDRE                                         r  u_confreg/conf_wdata_r_reg[28]/C
  -------------------------------------------------------------------    -------------------
    SLICE_X41Y170        FDRE (Prop_fdre_C_Q)         0.367    -1.488 r  u_confreg/conf_wdata_r_reg[28]/Q
                         net (fo=1, routed)           0.288    -1.200    u_confreg/conf_wdata_r[28]
    SLICE_X38Y169        FDRE                                         r  u_confreg/conf_wdata_r1_reg[28]/D
  -------------------------------------------------------------------    -------------------

                         (clock timer_clk_clk_pll rise edge)
                                                      0.000     0.000 r  
    AC19                                              0.000     0.000 r  clk (IN)
                         net (fo=0)                   0.000     0.000    pll.clk_pll/inst/clk_in1
    AC19                 IBUF (Prop_ibuf_I_O)         1.485     1.485 r  pll.clk_pll/inst/clkin1_ibufg/O
                         net (fo=1, routed)           1.619     3.104    pll.clk_pll/inst/clk_in1_clk_pll
    PLLE2_ADV_X0Y2       PLLE2_ADV (Prop_plle2_adv_CLKIN1_CLKOUT1)
                                                     -9.006    -5.902 r  pll.clk_pll/inst/plle2_adv_inst/CLKOUT1
                         net (fo=1, routed)           1.837    -4.064    pll.clk_pll/inst/timer_clk_clk_pll
    BUFGCTRL_X0Y1        BUFG (Prop_bufg_I_O)         0.096    -3.968 r  pll.clk_pll/inst/clkout2_buf/O
                         net (fo=99, routed)          1.732    -2.236    u_confreg/timer_clk
    SLICE_X38Y169        FDRE                                         r  u_confreg/conf_wdata_r1_reg[28]/C

Slack:                    inf
  Source:                 u_confreg/conf_wdata_r_reg[23]/C
                            (rising edge-triggered cell FDRE clocked by cpu_clk_clk_pll  {rise@0.000ns fall@20.000ns period=40.000ns})
  Destination:            u_confreg/conf_wdata_r1_reg[23]/D
                            (rising edge-triggered cell FDRE clocked by timer_clk_clk_pll  {rise@0.000ns fall@5.000ns period=10.000ns})
  Path Group:             (none)
  Path Type:              Hold (Min at Slow Process Corner)
  Data Path Delay:        0.757ns  (logic 0.367ns (48.510%)  route 0.390ns (51.490%))
  Logic Levels:           0  
  Clock Path Skew:        -0.379ns (DCD - SCD - CPR)
    Destination Clock Delay (DCD):    -2.318ns
    Source Clock Delay      (SCD):    -1.939ns
    Clock Pessimism Removal (CPR):    -0.000ns
  Clock Uncertainty:      0.218ns  ((TSJ^2 + DJ^2)^1/2) / 2 + PE
    Total System Jitter     (TSJ):    0.071ns
    Discrete Jitter          (DJ):    0.183ns
    Phase Error              (PE):    0.120ns
  Timing Exception:       False Path

    Location             Delay type                Incr(ns)  Path(ns)    Netlist Resource(s)
  -------------------------------------------------------------------    -------------------
                         (clock cpu_clk_clk_pll rise edge)
                                                      0.000     0.000 r  
    AC19                                              0.000     0.000 r  clk (IN)
                         net (fo=0)                   0.000     0.000    pll.clk_pll/inst/clk_in1
    AC19                 IBUF (Prop_ibuf_I_O)         1.414     1.414 r  pll.clk_pll/inst/clkin1_ibufg/O
                         net (fo=1, routed)           1.531     2.945    pll.clk_pll/inst/clk_in1_clk_pll
    PLLE2_ADV_X0Y2       PLLE2_ADV (Prop_plle2_adv_CLKIN1_CLKOUT0)
                                                     -8.262    -5.316 r  pll.clk_pll/inst/plle2_adv_inst/CLKOUT0
                         net (fo=1, routed)           1.755    -3.561    pll.clk_pll/inst/cpu_clk_clk_pll
    BUFGCTRL_X0Y0        BUFG (Prop_bufg_I_O)         0.091    -3.470 r  pll.clk_pll/inst/clkout1_buf/O
                         net (fo=17726, routed)       1.531    -1.939    u_confreg/cpu_clk
    SLICE_X45Y168        FDRE                                         r  u_confreg/conf_wdata_r_reg[23]/C
  -------------------------------------------------------------------    -------------------
    SLICE_X45Y168        FDRE (Prop_fdre_C_Q)         0.367    -1.572 r  u_confreg/conf_wdata_r_reg[23]/Q
                         net (fo=1, routed)           0.390    -1.183    u_confreg/conf_wdata_r[23]
    SLICE_X43Y167        FDRE                                         r  u_confreg/conf_wdata_r1_reg[23]/D
  -------------------------------------------------------------------    -------------------

                         (clock timer_clk_clk_pll rise edge)
                                                      0.000     0.000 r  
    AC19                                              0.000     0.000 r  clk (IN)
                         net (fo=0)                   0.000     0.000    pll.clk_pll/inst/clk_in1
    AC19                 IBUF (Prop_ibuf_I_O)         1.485     1.485 r  pll.clk_pll/inst/clkin1_ibufg/O
                         net (fo=1, routed)           1.619     3.104    pll.clk_pll/inst/clk_in1_clk_pll
    PLLE2_ADV_X0Y2       PLLE2_ADV (Prop_plle2_adv_CLKIN1_CLKOUT1)
                                                     -9.006    -5.902 r  pll.clk_pll/inst/plle2_adv_inst/CLKOUT1
                         net (fo=1, routed)           1.837    -4.064    pll.clk_pll/inst/timer_clk_clk_pll
    BUFGCTRL_X0Y1        BUFG (Prop_bufg_I_O)         0.096    -3.968 r  pll.clk_pll/inst/clkout2_buf/O
                         net (fo=99, routed)          1.650    -2.318    u_confreg/timer_clk
    SLICE_X43Y167        FDRE                                         r  u_confreg/conf_wdata_r1_reg[23]/C

Slack:                    inf
  Source:                 u_confreg/conf_wdata_r_reg[24]/C
                            (rising edge-triggered cell FDRE clocked by cpu_clk_clk_pll  {rise@0.000ns fall@20.000ns period=40.000ns})
  Destination:            u_confreg/conf_wdata_r1_reg[24]/D
                            (rising edge-triggered cell FDRE clocked by timer_clk_clk_pll  {rise@0.000ns fall@5.000ns period=10.000ns})
  Path Group:             (none)
  Path Type:              Hold (Min at Slow Process Corner)
  Data Path Delay:        0.767ns  (logic 0.367ns (47.845%)  route 0.400ns (52.155%))
  Logic Levels:           0  
  Clock Path Skew:        -0.380ns (DCD - SCD - CPR)
    Destination Clock Delay (DCD):    -2.321ns
    Source Clock Delay      (SCD):    -1.941ns
    Clock Pessimism Removal (CPR):    -0.000ns
  Clock Uncertainty:      0.218ns  ((TSJ^2 + DJ^2)^1/2) / 2 + PE
    Total System Jitter     (TSJ):    0.071ns
    Discrete Jitter          (DJ):    0.183ns
    Phase Error              (PE):    0.120ns
  Timing Exception:       False Path

    Location             Delay type                Incr(ns)  Path(ns)    Netlist Resource(s)
  -------------------------------------------------------------------    -------------------
                         (clock cpu_clk_clk_pll rise edge)
                                                      0.000     0.000 r  
    AC19                                              0.000     0.000 r  clk (IN)
                         net (fo=0)                   0.000     0.000    pll.clk_pll/inst/clk_in1
    AC19                 IBUF (Prop_ibuf_I_O)         1.414     1.414 r  pll.clk_pll/inst/clkin1_ibufg/O
                         net (fo=1, routed)           1.531     2.945    pll.clk_pll/inst/clk_in1_clk_pll
    PLLE2_ADV_X0Y2       PLLE2_ADV (Prop_plle2_adv_CLKIN1_CLKOUT0)
                                                     -8.262    -5.316 r  pll.clk_pll/inst/plle2_adv_inst/CLKOUT0
                         net (fo=1, routed)           1.755    -3.561    pll.clk_pll/inst/cpu_clk_clk_pll
    BUFGCTRL_X0Y0        BUFG (Prop_bufg_I_O)         0.091    -3.470 r  pll.clk_pll/inst/clkout1_buf/O
                         net (fo=17726, routed)       1.529    -1.941    u_confreg/cpu_clk
    SLICE_X43Y170        FDRE                                         r  u_confreg/conf_wdata_r_reg[24]/C
  -------------------------------------------------------------------    -------------------
    SLICE_X43Y170        FDRE (Prop_fdre_C_Q)         0.367    -1.574 r  u_confreg/conf_wdata_r_reg[24]/Q
                         net (fo=1, routed)           0.400    -1.174    u_confreg/conf_wdata_r[24]
    SLICE_X43Y169        FDRE                                         r  u_confreg/conf_wdata_r1_reg[24]/D
  -------------------------------------------------------------------    -------------------

                         (clock timer_clk_clk_pll rise edge)
                                                      0.000     0.000 r  
    AC19                                              0.000     0.000 r  clk (IN)
                         net (fo=0)                   0.000     0.000    pll.clk_pll/inst/clk_in1
    AC19                 IBUF (Prop_ibuf_I_O)         1.485     1.485 r  pll.clk_pll/inst/clkin1_ibufg/O
                         net (fo=1, routed)           1.619     3.104    pll.clk_pll/inst/clk_in1_clk_pll
    PLLE2_ADV_X0Y2       PLLE2_ADV (Prop_plle2_adv_CLKIN1_CLKOUT1)
                                                     -9.006    -5.902 r  pll.clk_pll/inst/plle2_adv_inst/CLKOUT1
                         net (fo=1, routed)           1.837    -4.064    pll.clk_pll/inst/timer_clk_clk_pll
    BUFGCTRL_X0Y1        BUFG (Prop_bufg_I_O)         0.096    -3.968 r  pll.clk_pll/inst/clkout2_buf/O
                         net (fo=99, routed)          1.647    -2.321    u_confreg/timer_clk
    SLICE_X43Y169        FDRE                                         r  u_confreg/conf_wdata_r1_reg[24]/C

Slack:                    inf
  Source:                 u_confreg/conf_wdata_r_reg[21]/C
                            (rising edge-triggered cell FDRE clocked by cpu_clk_clk_pll  {rise@0.000ns fall@20.000ns period=40.000ns})
  Destination:            u_confreg/conf_wdata_r1_reg[21]/D
                            (rising edge-triggered cell FDRE clocked by timer_clk_clk_pll  {rise@0.000ns fall@5.000ns period=10.000ns})
  Path Group:             (none)
  Path Type:              Hold (Min at Slow Process Corner)
  Data Path Delay:        0.767ns  (logic 0.367ns (47.878%)  route 0.400ns (52.122%))
  Logic Levels:           0  
  Clock Path Skew:        -0.381ns (DCD - SCD - CPR)
    Destination Clock Delay (DCD):    -2.320ns
    Source Clock Delay      (SCD):    -1.939ns
    Clock Pessimism Removal (CPR):    -0.000ns
  Clock Uncertainty:      0.218ns  ((TSJ^2 + DJ^2)^1/2) / 2 + PE
    Total System Jitter     (TSJ):    0.071ns
    Discrete Jitter          (DJ):    0.183ns
    Phase Error              (PE):    0.120ns
  Timing Exception:       False Path

    Location             Delay type                Incr(ns)  Path(ns)    Netlist Resource(s)
  -------------------------------------------------------------------    -------------------
                         (clock cpu_clk_clk_pll rise edge)
                                                      0.000     0.000 r  
    AC19                                              0.000     0.000 r  clk (IN)
                         net (fo=0)                   0.000     0.000    pll.clk_pll/inst/clk_in1
    AC19                 IBUF (Prop_ibuf_I_O)         1.414     1.414 r  pll.clk_pll/inst/clkin1_ibufg/O
                         net (fo=1, routed)           1.531     2.945    pll.clk_pll/inst/clk_in1_clk_pll
    PLLE2_ADV_X0Y2       PLLE2_ADV (Prop_plle2_adv_CLKIN1_CLKOUT0)
                                                     -8.262    -5.316 r  pll.clk_pll/inst/plle2_adv_inst/CLKOUT0
                         net (fo=1, routed)           1.755    -3.561    pll.clk_pll/inst/cpu_clk_clk_pll
    BUFGCTRL_X0Y0        BUFG (Prop_bufg_I_O)         0.091    -3.470 r  pll.clk_pll/inst/clkout1_buf/O
                         net (fo=17726, routed)       1.531    -1.939    u_confreg/cpu_clk
    SLICE_X45Y168        FDRE                                         r  u_confreg/conf_wdata_r_reg[21]/C
  -------------------------------------------------------------------    -------------------
    SLICE_X45Y168        FDRE (Prop_fdre_C_Q)         0.367    -1.572 r  u_confreg/conf_wdata_r_reg[21]/Q
                         net (fo=1, routed)           0.400    -1.173    u_confreg/conf_wdata_r[21]
    SLICE_X43Y168        FDRE                                         r  u_confreg/conf_wdata_r1_reg[21]/D
  -------------------------------------------------------------------    -------------------

                         (clock timer_clk_clk_pll rise edge)
                                                      0.000     0.000 r  
    AC19                                              0.000     0.000 r  clk (IN)
                         net (fo=0)                   0.000     0.000    pll.clk_pll/inst/clk_in1
    AC19                 IBUF (Prop_ibuf_I_O)         1.485     1.485 r  pll.clk_pll/inst/clkin1_ibufg/O
                         net (fo=1, routed)           1.619     3.104    pll.clk_pll/inst/clk_in1_clk_pll
    PLLE2_ADV_X0Y2       PLLE2_ADV (Prop_plle2_adv_CLKIN1_CLKOUT1)
                                                     -9.006    -5.902 r  pll.clk_pll/inst/plle2_adv_inst/CLKOUT1
                         net (fo=1, routed)           1.837    -4.064    pll.clk_pll/inst/timer_clk_clk_pll
    BUFGCTRL_X0Y1        BUFG (Prop_bufg_I_O)         0.096    -3.968 r  pll.clk_pll/inst/clkout2_buf/O
                         net (fo=99, routed)          1.648    -2.320    u_confreg/timer_clk
    SLICE_X43Y168        FDRE                                         r  u_confreg/conf_wdata_r1_reg[21]/C





--------------------------------------------------------------------------------------
Path Group:  (none)
From Clock:  clkfbout_clk_pll
  To Clock:  

Max Delay             1 Endpoint
Min Delay             1 Endpoint
--------------------------------------------------------------------------------------


Max Delay Paths
--------------------------------------------------------------------------------------
Slack:                    inf
  Source:                 pll.clk_pll/inst/plle2_adv_inst/CLKFBOUT
                            (clock source 'clkfbout_clk_pll'  {rise@0.000ns fall@5.000ns period=10.000ns})
  Destination:            pll.clk_pll/inst/plle2_adv_inst/CLKFBIN
  Path Group:             (none)
  Path Type:              Max at Fast Process Corner
  Data Path Delay:        1.523ns  (logic 0.029ns (1.904%)  route 1.494ns (98.096%))
  Logic Levels:           1  (BUFG=1)
  Clock Uncertainty:      0.158ns  ((TSJ^2 + DJ^2)^1/2) / 2 + PE
    Total System Jitter     (TSJ):    0.050ns
    Discrete Jitter          (DJ):    0.091ns
    Phase Error              (PE):    0.105ns

    Location             Delay type                Incr(ns)  Path(ns)    Netlist Resource(s)
  -------------------------------------------------------------------    -------------------
                         (clock clkfbout_clk_pll fall edge)
                                                      5.000     5.000 f  
    AC19                                              0.000     5.000 f  clk (IN)
                         net (fo=0)                   0.000     5.000    pll.clk_pll/inst/clk_in1
    AC19                 IBUF (Prop_ibuf_I_O)         0.441     5.441 f  pll.clk_pll/inst/clkin1_ibufg/O
                         net (fo=1, routed)           0.620     6.061    pll.clk_pll/inst/clk_in1_clk_pll
  -------------------------------------------------------------------    -------------------
    PLLE2_ADV_X0Y2       PLLE2_ADV (Prop_plle2_adv_CLKIN1_CLKFBOUT)
                                                     -2.851     3.210 f  pll.clk_pll/inst/plle2_adv_inst/CLKFBOUT
                         net (fo=1, routed)           0.611     3.820    pll.clk_pll/inst/clkfbout_clk_pll
    BUFGCTRL_X0Y2        BUFG (Prop_bufg_I_O)         0.029     3.849 f  pll.clk_pll/inst/clkf_buf/O
                         net (fo=1, routed)           0.884     4.733    pll.clk_pll/inst/clkfbout_buf_clk_pll
    PLLE2_ADV_X0Y2       PLLE2_ADV                                    f  pll.clk_pll/inst/plle2_adv_inst/CLKFBIN
  -------------------------------------------------------------------    -------------------





Min Delay Paths
--------------------------------------------------------------------------------------
Slack:                    inf
  Source:                 pll.clk_pll/inst/plle2_adv_inst/CLKFBOUT
                            (clock source 'clkfbout_clk_pll'  {rise@0.000ns fall@5.000ns period=10.000ns})
  Destination:            pll.clk_pll/inst/plle2_adv_inst/CLKFBIN
  Path Group:             (none)
  Path Type:              Min at Slow Process Corner
  Data Path Delay:        3.512ns  (logic 0.091ns (2.591%)  route 3.420ns (97.409%))
  Logic Levels:           1  (BUFG=1)
  Clock Uncertainty:      0.158ns  ((TSJ^2 + DJ^2)^1/2) / 2 + PE
    Total System Jitter     (TSJ):    0.050ns
    Discrete Jitter          (DJ):    0.091ns
    Phase Error              (PE):    0.105ns

    Location             Delay type                Incr(ns)  Path(ns)    Netlist Resource(s)
  -------------------------------------------------------------------    -------------------
                         (clock clkfbout_clk_pll rise edge)
                                                      0.000     0.000 r  
    AC19                                              0.000     0.000 r  clk (IN)
                         net (fo=0)                   0.000     0.000    pll.clk_pll/inst/clk_in1
    AC19                 IBUF (Prop_ibuf_I_O)         1.414     1.414 r  pll.clk_pll/inst/clkin1_ibufg/O
                         net (fo=1, routed)           1.531     2.945    pll.clk_pll/inst/clk_in1_clk_pll
  -------------------------------------------------------------------    -------------------
    PLLE2_ADV_X0Y2       PLLE2_ADV (Prop_plle2_adv_CLKIN1_CLKFBOUT)
                                                     -8.262    -5.316 r  pll.clk_pll/inst/plle2_adv_inst/CLKFBOUT
                         net (fo=1, routed)           1.755    -3.561    pll.clk_pll/inst/clkfbout_clk_pll
    BUFGCTRL_X0Y2        BUFG (Prop_bufg_I_O)         0.091    -3.470 r  pll.clk_pll/inst/clkf_buf/O
                         net (fo=1, routed)           1.665    -1.805    pll.clk_pll/inst/clkfbout_buf_clk_pll
    PLLE2_ADV_X0Y2       PLLE2_ADV                                    r  pll.clk_pll/inst/plle2_adv_inst/CLKFBIN
  -------------------------------------------------------------------    -------------------





--------------------------------------------------------------------------------------
Path Group:  (none)
From Clock:  cpu_clk_clk_pll
  To Clock:  

Max Delay            71 Endpoints
Min Delay            71 Endpoints
--------------------------------------------------------------------------------------


Max Delay Paths
--------------------------------------------------------------------------------------
Slack:                    inf
  Source:                 u_confreg/FSM_onehot_state_reg[3]/C
                            (rising edge-triggered cell FDRE clocked by cpu_clk_clk_pll  {rise@0.000ns fall@20.000ns period=40.000ns})
  Destination:            btn_key_col[1]
                            (output port)
  Path Group:             (none)
  Path Type:              Max at Slow Process Corner
  Data Path Delay:        14.032ns  (logic 4.080ns (29.075%)  route 9.953ns (70.925%))
  Logic Levels:           2  (LUT3=1 OBUF=1)
  Clock Uncertainty:      0.201ns  ((TSJ^2 + DJ^2)^1/2) / 2 + PE
    Total System Jitter     (TSJ):    0.050ns
    Discrete Jitter          (DJ):    0.183ns
    Phase Error              (PE):    0.105ns

    Location             Delay type                Incr(ns)  Path(ns)    Netlist Resource(s)
  -------------------------------------------------------------------    -------------------
                         (clock cpu_clk_clk_pll rise edge)
                                                      0.000     0.000 r  
    AC19                                              0.000     0.000 r  clk (IN)
                         net (fo=0)                   0.000     0.000    pll.clk_pll/inst/clk_in1
    AC19                 IBUF (Prop_ibuf_I_O)         1.485     1.485 r  pll.clk_pll/inst/clkin1_ibufg/O
                         net (fo=1, routed)           1.619     3.104    pll.clk_pll/inst/clk_in1_clk_pll
    PLLE2_ADV_X0Y2       PLLE2_ADV (Prop_plle2_adv_CLKIN1_CLKOUT0)
                                                     -9.006    -5.902 r  pll.clk_pll/inst/plle2_adv_inst/CLKOUT0
                         net (fo=1, routed)           1.837    -4.064    pll.clk_pll/inst/cpu_clk_clk_pll
    BUFGCTRL_X0Y0        BUFG (Prop_bufg_I_O)         0.096    -3.968 r  pll.clk_pll/inst/clkout1_buf/O
                         net (fo=17726, routed)       1.746    -2.222    u_confreg/cpu_clk
    SLICE_X37Y153        FDRE                                         r  u_confreg/FSM_onehot_state_reg[3]/C
  -------------------------------------------------------------------    -------------------
    SLICE_X37Y153        FDRE (Prop_fdre_C_Q)         0.456    -1.766 r  u_confreg/FSM_onehot_state_reg[3]/Q
                         net (fo=19, routed)          1.368    -0.398    u_confreg/p_1_in10_in
    SLICE_X39Y150        LUT3 (Prop_lut3_I1_O)        0.124    -0.274 r  u_confreg/btn_key_col_OBUF[1]_inst_i_1/O
                         net (fo=1, routed)           8.584     8.310    btn_key_col_OBUF[1]
    V9                   OBUF (Prop_obuf_I_O)         3.500    11.810 r  btn_key_col_OBUF[1]_inst/O
                         net (fo=0)                   0.000    11.810    btn_key_col[1]
    V9                                                                r  btn_key_col[1] (OUT)
  -------------------------------------------------------------------    -------------------

Slack:                    inf
  Source:                 u_confreg/FSM_onehot_state_reg[4]/C
                            (rising edge-triggered cell FDRE clocked by cpu_clk_clk_pll  {rise@0.000ns fall@20.000ns period=40.000ns})
  Destination:            btn_key_col[2]
                            (output port)
  Path Group:             (none)
  Path Type:              Max at Slow Process Corner
  Data Path Delay:        13.728ns  (logic 4.100ns (29.870%)  route 9.627ns (70.130%))
  Logic Levels:           2  (LUT3=1 OBUF=1)
  Clock Uncertainty:      0.201ns  ((TSJ^2 + DJ^2)^1/2) / 2 + PE
    Total System Jitter     (TSJ):    0.050ns
    Discrete Jitter          (DJ):    0.183ns
    Phase Error              (PE):    0.105ns

    Location             Delay type                Incr(ns)  Path(ns)    Netlist Resource(s)
  -------------------------------------------------------------------    -------------------
                         (clock cpu_clk_clk_pll rise edge)
                                                      0.000     0.000 r  
    AC19                                              0.000     0.000 r  clk (IN)
                         net (fo=0)                   0.000     0.000    pll.clk_pll/inst/clk_in1
    AC19                 IBUF (Prop_ibuf_I_O)         1.485     1.485 r  pll.clk_pll/inst/clkin1_ibufg/O
                         net (fo=1, routed)           1.619     3.104    pll.clk_pll/inst/clk_in1_clk_pll
    PLLE2_ADV_X0Y2       PLLE2_ADV (Prop_plle2_adv_CLKIN1_CLKOUT0)
                                                     -9.006    -5.902 r  pll.clk_pll/inst/plle2_adv_inst/CLKOUT0
                         net (fo=1, routed)           1.837    -4.064    pll.clk_pll/inst/cpu_clk_clk_pll
    BUFGCTRL_X0Y0        BUFG (Prop_bufg_I_O)         0.096    -3.968 r  pll.clk_pll/inst/clkout1_buf/O
                         net (fo=17726, routed)       1.746    -2.222    u_confreg/cpu_clk
    SLICE_X37Y153        FDRE                                         r  u_confreg/FSM_onehot_state_reg[4]/C
  -------------------------------------------------------------------    -------------------
    SLICE_X37Y153        FDRE (Prop_fdre_C_Q)         0.456    -1.766 r  u_confreg/FSM_onehot_state_reg[4]/Q
                         net (fo=17, routed)          1.209    -0.558    u_confreg/p_1_in11_in
    SLICE_X39Y151        LUT3 (Prop_lut3_I0_O)        0.124    -0.434 r  u_confreg/btn_key_col_OBUF[2]_inst_i_1/O
                         net (fo=1, routed)           8.419     7.985    btn_key_col_OBUF[2]
    Y8                   OBUF (Prop_obuf_I_O)         3.520    11.505 r  btn_key_col_OBUF[2]_inst/O
                         net (fo=0)                   0.000    11.505    btn_key_col[2]
    Y8                                                                r  btn_key_col[2] (OUT)
  -------------------------------------------------------------------    -------------------

Slack:                    inf
  Source:                 u_confreg/FSM_onehot_state_reg[3]/C
                            (rising edge-triggered cell FDRE clocked by cpu_clk_clk_pll  {rise@0.000ns fall@20.000ns period=40.000ns})
  Destination:            btn_key_col[3]
                            (output port)
  Path Group:             (none)
  Path Type:              Max at Slow Process Corner
  Data Path Delay:        13.421ns  (logic 4.348ns (32.396%)  route 9.073ns (67.604%))
  Logic Levels:           2  (LUT3=1 OBUF=1)
  Clock Uncertainty:      0.201ns  ((TSJ^2 + DJ^2)^1/2) / 2 + PE
    Total System Jitter     (TSJ):    0.050ns
    Discrete Jitter          (DJ):    0.183ns
    Phase Error              (PE):    0.105ns

    Location             Delay type                Incr(ns)  Path(ns)    Netlist Resource(s)
  -------------------------------------------------------------------    -------------------
                         (clock cpu_clk_clk_pll rise edge)
                                                      0.000     0.000 r  
    AC19                                              0.000     0.000 r  clk (IN)
                         net (fo=0)                   0.000     0.000    pll.clk_pll/inst/clk_in1
    AC19                 IBUF (Prop_ibuf_I_O)         1.485     1.485 r  pll.clk_pll/inst/clkin1_ibufg/O
                         net (fo=1, routed)           1.619     3.104    pll.clk_pll/inst/clk_in1_clk_pll
    PLLE2_ADV_X0Y2       PLLE2_ADV (Prop_plle2_adv_CLKIN1_CLKOUT0)
                                                     -9.006    -5.902 r  pll.clk_pll/inst/plle2_adv_inst/CLKOUT0
                         net (fo=1, routed)           1.837    -4.064    pll.clk_pll/inst/cpu_clk_clk_pll
    BUFGCTRL_X0Y0        BUFG (Prop_bufg_I_O)         0.096    -3.968 r  pll.clk_pll/inst/clkout1_buf/O
                         net (fo=17726, routed)       1.746    -2.222    u_confreg/cpu_clk
    SLICE_X37Y153        FDRE                                         r  u_confreg/FSM_onehot_state_reg[3]/C
  -------------------------------------------------------------------    -------------------
    SLICE_X37Y153        FDRE (Prop_fdre_C_Q)         0.456    -1.766 r  u_confreg/FSM_onehot_state_reg[3]/Q
                         net (fo=19, routed)          1.369    -0.397    u_confreg/p_1_in10_in
    SLICE_X39Y150        LUT3 (Prop_lut3_I2_O)        0.152    -0.245 r  u_confreg/btn_key_col_OBUF[3]_inst_i_1/O
                         net (fo=1, routed)           7.704     7.459    btn_key_col_OBUF[3]
    V7                   OBUF (Prop_obuf_I_O)         3.740    11.199 r  btn_key_col_OBUF[3]_inst/O
                         net (fo=0)                   0.000    11.199    btn_key_col[3]
    V7                                                                r  btn_key_col[3] (OUT)
  -------------------------------------------------------------------    -------------------

Slack:                    inf
  Source:                 u_confreg/FSM_onehot_state_reg[2]/C
                            (rising edge-triggered cell FDRE clocked by cpu_clk_clk_pll  {rise@0.000ns fall@20.000ns period=40.000ns})
  Destination:            btn_key_col[0]
                            (output port)
  Path Group:             (none)
  Path Type:              Max at Slow Process Corner
  Data Path Delay:        13.165ns  (logic 4.098ns (31.125%)  route 9.068ns (68.875%))
  Logic Levels:           2  (LUT3=1 OBUF=1)
  Clock Uncertainty:      0.201ns  ((TSJ^2 + DJ^2)^1/2) / 2 + PE
    Total System Jitter     (TSJ):    0.050ns
    Discrete Jitter          (DJ):    0.183ns
    Phase Error              (PE):    0.105ns

    Location             Delay type                Incr(ns)  Path(ns)    Netlist Resource(s)
  -------------------------------------------------------------------    -------------------
                         (clock cpu_clk_clk_pll rise edge)
                                                      0.000     0.000 r  
    AC19                                              0.000     0.000 r  clk (IN)
                         net (fo=0)                   0.000     0.000    pll.clk_pll/inst/clk_in1
    AC19                 IBUF (Prop_ibuf_I_O)         1.485     1.485 r  pll.clk_pll/inst/clkin1_ibufg/O
                         net (fo=1, routed)           1.619     3.104    pll.clk_pll/inst/clk_in1_clk_pll
    PLLE2_ADV_X0Y2       PLLE2_ADV (Prop_plle2_adv_CLKIN1_CLKOUT0)
                                                     -9.006    -5.902 r  pll.clk_pll/inst/plle2_adv_inst/CLKOUT0
                         net (fo=1, routed)           1.837    -4.064    pll.clk_pll/inst/cpu_clk_clk_pll
    BUFGCTRL_X0Y0        BUFG (Prop_bufg_I_O)         0.096    -3.968 r  pll.clk_pll/inst/clkout1_buf/O
                         net (fo=17726, routed)       1.746    -2.222    u_confreg/cpu_clk
    SLICE_X37Y153        FDRE                                         r  u_confreg/FSM_onehot_state_reg[2]/C
  -------------------------------------------------------------------    -------------------
    SLICE_X37Y153        FDRE (Prop_fdre_C_Q)         0.456    -1.766 r  u_confreg/FSM_onehot_state_reg[2]/Q
                         net (fo=17, routed)          1.483    -0.284    u_confreg/p_1_in7_in
    SLICE_X39Y150        LUT3 (Prop_lut3_I0_O)        0.124    -0.160 r  u_confreg/btn_key_col_OBUF[0]_inst_i_1/O
                         net (fo=1, routed)           7.585     7.425    btn_key_col_OBUF[0]
    V8                   OBUF (Prop_obuf_I_O)         3.518    10.943 r  btn_key_col_OBUF[0]_inst/O
                         net (fo=0)                   0.000    10.943    btn_key_col[0]
    V8                                                                r  btn_key_col[0] (OUT)
  -------------------------------------------------------------------    -------------------

Slack:                    inf
  Source:                 u_confreg/num_a_g_reg[3]/C
                            (rising edge-triggered cell FDRE clocked by cpu_clk_clk_pll  {rise@0.000ns fall@20.000ns period=40.000ns})
  Destination:            num_a_g[3]
                            (output port)
  Path Group:             (none)
  Path Type:              Max at Slow Process Corner
  Data Path Delay:        11.044ns  (logic 4.191ns (37.946%)  route 6.853ns (62.054%))
  Logic Levels:           1  (OBUF=1)
  Clock Uncertainty:      0.201ns  ((TSJ^2 + DJ^2)^1/2) / 2 + PE
    Total System Jitter     (TSJ):    0.050ns
    Discrete Jitter          (DJ):    0.183ns
    Phase Error              (PE):    0.105ns

    Location             Delay type                Incr(ns)  Path(ns)    Netlist Resource(s)
  -------------------------------------------------------------------    -------------------
                         (clock cpu_clk_clk_pll rise edge)
                                                      0.000     0.000 r  
    AC19                                              0.000     0.000 r  clk (IN)
                         net (fo=0)                   0.000     0.000    pll.clk_pll/inst/clk_in1
    AC19                 IBUF (Prop_ibuf_I_O)         1.485     1.485 r  pll.clk_pll/inst/clkin1_ibufg/O
                         net (fo=1, routed)           1.619     3.104    pll.clk_pll/inst/clk_in1_clk_pll
    PLLE2_ADV_X0Y2       PLLE2_ADV (Prop_plle2_adv_CLKIN1_CLKOUT0)
                                                     -9.006    -5.902 r  pll.clk_pll/inst/plle2_adv_inst/CLKOUT0
                         net (fo=1, routed)           1.837    -4.064    pll.clk_pll/inst/cpu_clk_clk_pll
    BUFGCTRL_X0Y0        BUFG (Prop_bufg_I_O)         0.096    -3.968 r  pll.clk_pll/inst/clkout1_buf/O
                         net (fo=17726, routed)       1.740    -2.228    u_confreg/cpu_clk
    SLICE_X39Y162        FDRE                                         r  u_confreg/num_a_g_reg[3]/C
  -------------------------------------------------------------------    -------------------
    SLICE_X39Y162        FDRE (Prop_fdre_C_Q)         0.419    -1.809 r  u_confreg/num_a_g_reg[3]/Q
                         net (fo=1, routed)           6.853     5.044    num_a_g_OBUF[3]
    B4                   OBUF (Prop_obuf_I_O)         3.772     8.816 r  num_a_g_OBUF[3]_inst/O
                         net (fo=0)                   0.000     8.816    num_a_g[3]
    B4                                                                r  num_a_g[3] (OUT)
  -------------------------------------------------------------------    -------------------

Slack:                    inf
  Source:                 u_confreg/num_a_g_reg[5]/C
                            (rising edge-triggered cell FDRE clocked by cpu_clk_clk_pll  {rise@0.000ns fall@20.000ns period=40.000ns})
  Destination:            num_a_g[5]
                            (output port)
  Path Group:             (none)
  Path Type:              Max at Slow Process Corner
  Data Path Delay:        10.940ns  (logic 4.173ns (38.142%)  route 6.767ns (61.857%))
  Logic Levels:           1  (OBUF=1)
  Clock Uncertainty:      0.201ns  ((TSJ^2 + DJ^2)^1/2) / 2 + PE
    Total System Jitter     (TSJ):    0.050ns
    Discrete Jitter          (DJ):    0.183ns
    Phase Error              (PE):    0.105ns

    Location             Delay type                Incr(ns)  Path(ns)    Netlist Resource(s)
  -------------------------------------------------------------------    -------------------
                         (clock cpu_clk_clk_pll rise edge)
                                                      0.000     0.000 r  
    AC19                                              0.000     0.000 r  clk (IN)
                         net (fo=0)                   0.000     0.000    pll.clk_pll/inst/clk_in1
    AC19                 IBUF (Prop_ibuf_I_O)         1.485     1.485 r  pll.clk_pll/inst/clkin1_ibufg/O
                         net (fo=1, routed)           1.619     3.104    pll.clk_pll/inst/clk_in1_clk_pll
    PLLE2_ADV_X0Y2       PLLE2_ADV (Prop_plle2_adv_CLKIN1_CLKOUT0)
                                                     -9.006    -5.902 r  pll.clk_pll/inst/plle2_adv_inst/CLKOUT0
                         net (fo=1, routed)           1.837    -4.064    pll.clk_pll/inst/cpu_clk_clk_pll
    BUFGCTRL_X0Y0        BUFG (Prop_bufg_I_O)         0.096    -3.968 r  pll.clk_pll/inst/clkout1_buf/O
                         net (fo=17726, routed)       1.740    -2.228    u_confreg/cpu_clk
    SLICE_X38Y162        FDRE                                         r  u_confreg/num_a_g_reg[5]/C
  -------------------------------------------------------------------    -------------------
    SLICE_X38Y162        FDRE (Prop_fdre_C_Q)         0.419    -1.809 r  u_confreg/num_a_g_reg[5]/Q
                         net (fo=1, routed)           6.767     4.958    num_a_g_OBUF[5]
    D4                   OBUF (Prop_obuf_I_O)         3.754     8.712 r  num_a_g_OBUF[5]_inst/O
                         net (fo=0)                   0.000     8.712    num_a_g[5]
    D4                                                                r  num_a_g[5] (OUT)
  -------------------------------------------------------------------    -------------------

Slack:                    inf
  Source:                 u_confreg/num_a_g_reg[0]/C
                            (rising edge-triggered cell FDRE clocked by cpu_clk_clk_pll  {rise@0.000ns fall@20.000ns period=40.000ns})
  Destination:            num_a_g[0]
                            (output port)
  Path Group:             (none)
  Path Type:              Max at Slow Process Corner
  Data Path Delay:        10.841ns  (logic 4.035ns (37.219%)  route 6.806ns (62.781%))
  Logic Levels:           1  (OBUF=1)
  Clock Uncertainty:      0.201ns  ((TSJ^2 + DJ^2)^1/2) / 2 + PE
    Total System Jitter     (TSJ):    0.050ns
    Discrete Jitter          (DJ):    0.183ns
    Phase Error              (PE):    0.105ns

    Location             Delay type                Incr(ns)  Path(ns)    Netlist Resource(s)
  -------------------------------------------------------------------    -------------------
                         (clock cpu_clk_clk_pll rise edge)
                                                      0.000     0.000 r  
    AC19                                              0.000     0.000 r  clk (IN)
                         net (fo=0)                   0.000     0.000    pll.clk_pll/inst/clk_in1
    AC19                 IBUF (Prop_ibuf_I_O)         1.485     1.485 r  pll.clk_pll/inst/clkin1_ibufg/O
                         net (fo=1, routed)           1.619     3.104    pll.clk_pll/inst/clk_in1_clk_pll
    PLLE2_ADV_X0Y2       PLLE2_ADV (Prop_plle2_adv_CLKIN1_CLKOUT0)
                                                     -9.006    -5.902 r  pll.clk_pll/inst/plle2_adv_inst/CLKOUT0
                         net (fo=1, routed)           1.837    -4.064    pll.clk_pll/inst/cpu_clk_clk_pll
    BUFGCTRL_X0Y0        BUFG (Prop_bufg_I_O)         0.096    -3.968 r  pll.clk_pll/inst/clkout1_buf/O
                         net (fo=17726, routed)       1.740    -2.228    u_confreg/cpu_clk
    SLICE_X39Y162        FDRE                                         r  u_confreg/num_a_g_reg[0]/C
  -------------------------------------------------------------------    -------------------
    SLICE_X39Y162        FDRE (Prop_fdre_C_Q)         0.456    -1.772 r  u_confreg/num_a_g_reg[0]/Q
                         net (fo=1, routed)           6.806     5.034    num_a_g_OBUF[0]
    C3                   OBUF (Prop_obuf_I_O)         3.579     8.613 r  num_a_g_OBUF[0]_inst/O
                         net (fo=0)                   0.000     8.613    num_a_g[0]
    C3                                                                r  num_a_g[0] (OUT)
  -------------------------------------------------------------------    -------------------

Slack:                    inf
  Source:                 u_confreg/num_csn_reg[7]/C
                            (rising edge-triggered cell FDSE clocked by cpu_clk_clk_pll  {rise@0.000ns fall@20.000ns period=40.000ns})
  Destination:            num_csn[7]
                            (output port)
  Path Group:             (none)
  Path Type:              Max at Slow Process Corner
  Data Path Delay:        10.784ns  (logic 4.167ns (38.638%)  route 6.618ns (61.362%))
  Logic Levels:           1  (OBUF=1)
  Clock Uncertainty:      0.201ns  ((TSJ^2 + DJ^2)^1/2) / 2 + PE
    Total System Jitter     (TSJ):    0.050ns
    Discrete Jitter          (DJ):    0.183ns
    Phase Error              (PE):    0.105ns

    Location             Delay type                Incr(ns)  Path(ns)    Netlist Resource(s)
  -------------------------------------------------------------------    -------------------
                         (clock cpu_clk_clk_pll rise edge)
                                                      0.000     0.000 r  
    AC19                                              0.000     0.000 r  clk (IN)
                         net (fo=0)                   0.000     0.000    pll.clk_pll/inst/clk_in1
    AC19                 IBUF (Prop_ibuf_I_O)         1.485     1.485 r  pll.clk_pll/inst/clkin1_ibufg/O
                         net (fo=1, routed)           1.619     3.104    pll.clk_pll/inst/clk_in1_clk_pll
    PLLE2_ADV_X0Y2       PLLE2_ADV (Prop_plle2_adv_CLKIN1_CLKOUT0)
                                                     -9.006    -5.902 r  pll.clk_pll/inst/plle2_adv_inst/CLKOUT0
                         net (fo=1, routed)           1.837    -4.064    pll.clk_pll/inst/cpu_clk_clk_pll
    BUFGCTRL_X0Y0        BUFG (Prop_bufg_I_O)         0.096    -3.968 r  pll.clk_pll/inst/clkout1_buf/O
                         net (fo=17726, routed)       1.740    -2.228    u_confreg/cpu_clk
    SLICE_X38Y162        FDSE                                         r  u_confreg/num_csn_reg[7]/C
  -------------------------------------------------------------------    -------------------
    SLICE_X38Y162        FDSE (Prop_fdse_C_Q)         0.419    -1.809 r  u_confreg/num_csn_reg[7]/Q
                         net (fo=1, routed)           6.618     4.808    num_csn_OBUF[7]
    D3                   OBUF (Prop_obuf_I_O)         3.748     8.556 r  num_csn_OBUF[7]_inst/O
                         net (fo=0)                   0.000     8.556    num_csn[7]
    D3                                                                r  num_csn[7] (OUT)
  -------------------------------------------------------------------    -------------------

Slack:                    inf
  Source:                 u_confreg/num_a_g_reg[4]/C
                            (rising edge-triggered cell FDRE clocked by cpu_clk_clk_pll  {rise@0.000ns fall@20.000ns period=40.000ns})
  Destination:            num_a_g[4]
                            (output port)
  Path Group:             (none)
  Path Type:              Max at Slow Process Corner
  Data Path Delay:        10.773ns  (logic 4.034ns (37.442%)  route 6.739ns (62.558%))
  Logic Levels:           1  (OBUF=1)
  Clock Uncertainty:      0.201ns  ((TSJ^2 + DJ^2)^1/2) / 2 + PE
    Total System Jitter     (TSJ):    0.050ns
    Discrete Jitter          (DJ):    0.183ns
    Phase Error              (PE):    0.105ns

    Location             Delay type                Incr(ns)  Path(ns)    Netlist Resource(s)
  -------------------------------------------------------------------    -------------------
                         (clock cpu_clk_clk_pll rise edge)
                                                      0.000     0.000 r  
    AC19                                              0.000     0.000 r  clk (IN)
                         net (fo=0)                   0.000     0.000    pll.clk_pll/inst/clk_in1
    AC19                 IBUF (Prop_ibuf_I_O)         1.485     1.485 r  pll.clk_pll/inst/clkin1_ibufg/O
                         net (fo=1, routed)           1.619     3.104    pll.clk_pll/inst/clk_in1_clk_pll
    PLLE2_ADV_X0Y2       PLLE2_ADV (Prop_plle2_adv_CLKIN1_CLKOUT0)
                                                     -9.006    -5.902 r  pll.clk_pll/inst/plle2_adv_inst/CLKOUT0
                         net (fo=1, routed)           1.837    -4.064    pll.clk_pll/inst/cpu_clk_clk_pll
    BUFGCTRL_X0Y0        BUFG (Prop_bufg_I_O)         0.096    -3.968 r  pll.clk_pll/inst/clkout1_buf/O
                         net (fo=17726, routed)       1.740    -2.228    u_confreg/cpu_clk
    SLICE_X38Y162        FDRE                                         r  u_confreg/num_a_g_reg[4]/C
  -------------------------------------------------------------------    -------------------
    SLICE_X38Y162        FDRE (Prop_fdre_C_Q)         0.456    -1.772 r  u_confreg/num_a_g_reg[4]/Q
                         net (fo=1, routed)           6.739     4.967    num_a_g_OBUF[4]
    E5                   OBUF (Prop_obuf_I_O)         3.578     8.545 r  num_a_g_OBUF[4]_inst/O
                         net (fo=0)                   0.000     8.545    num_a_g[4]
    E5                                                                r  num_a_g[4] (OUT)
  -------------------------------------------------------------------    -------------------

Slack:                    inf
  Source:                 u_confreg/num_a_g_reg[6]/C
                            (rising edge-triggered cell FDRE clocked by cpu_clk_clk_pll  {rise@0.000ns fall@20.000ns period=40.000ns})
  Destination:            num_a_g[6]
                            (output port)
  Path Group:             (none)
  Path Type:              Max at Slow Process Corner
  Data Path Delay:        10.689ns  (logic 4.062ns (38.005%)  route 6.627ns (61.995%))
  Logic Levels:           1  (OBUF=1)
  Clock Uncertainty:      0.201ns  ((TSJ^2 + DJ^2)^1/2) / 2 + PE
    Total System Jitter     (TSJ):    0.050ns
    Discrete Jitter          (DJ):    0.183ns
    Phase Error              (PE):    0.105ns

    Location             Delay type                Incr(ns)  Path(ns)    Netlist Resource(s)
  -------------------------------------------------------------------    -------------------
                         (clock cpu_clk_clk_pll rise edge)
                                                      0.000     0.000 r  
    AC19                                              0.000     0.000 r  clk (IN)
                         net (fo=0)                   0.000     0.000    pll.clk_pll/inst/clk_in1
    AC19                 IBUF (Prop_ibuf_I_O)         1.485     1.485 r  pll.clk_pll/inst/clkin1_ibufg/O
                         net (fo=1, routed)           1.619     3.104    pll.clk_pll/inst/clk_in1_clk_pll
    PLLE2_ADV_X0Y2       PLLE2_ADV (Prop_plle2_adv_CLKIN1_CLKOUT0)
                                                     -9.006    -5.902 r  pll.clk_pll/inst/plle2_adv_inst/CLKOUT0
                         net (fo=1, routed)           1.837    -4.064    pll.clk_pll/inst/cpu_clk_clk_pll
    BUFGCTRL_X0Y0        BUFG (Prop_bufg_I_O)         0.096    -3.968 r  pll.clk_pll/inst/clkout1_buf/O
                         net (fo=17726, routed)       1.740    -2.228    u_confreg/cpu_clk
    SLICE_X38Y162        FDRE                                         r  u_confreg/num_a_g_reg[6]/C
  -------------------------------------------------------------------    -------------------
    SLICE_X38Y162        FDRE (Prop_fdre_C_Q)         0.456    -1.772 r  u_confreg/num_a_g_reg[6]/Q
                         net (fo=1, routed)           6.627     4.854    num_a_g_OBUF[6]
    A2                   OBUF (Prop_obuf_I_O)         3.606     8.461 r  num_a_g_OBUF[6]_inst/O
                         net (fo=0)                   0.000     8.461    num_a_g[6]
    A2                                                                r  num_a_g[6] (OUT)
  -------------------------------------------------------------------    -------------------





Min Delay Paths
--------------------------------------------------------------------------------------
Slack:                    inf
  Source:                 u_confreg/num_csn_reg[2]/C
                            (rising edge-triggered cell FDSE clocked by cpu_clk_clk_pll  {rise@0.000ns fall@20.000ns period=40.000ns})
  Destination:            num_csn[2]
                            (output port)
  Path Group:             (none)
  Path Type:              Min at Fast Process Corner
  Data Path Delay:        2.251ns  (logic 1.407ns (62.526%)  route 0.843ns (37.474%))
  Logic Levels:           1  (OBUF=1)
  Clock Uncertainty:      0.201ns  ((TSJ^2 + DJ^2)^1/2) / 2 + PE
    Total System Jitter     (TSJ):    0.050ns
    Discrete Jitter          (DJ):    0.183ns
    Phase Error              (PE):    0.105ns

    Location             Delay type                Incr(ns)  Path(ns)    Netlist Resource(s)
  -------------------------------------------------------------------    -------------------
                         (clock cpu_clk_clk_pll rise edge)
                                                      0.000     0.000 r  
    AC19                                              0.000     0.000 r  clk (IN)
                         net (fo=0)                   0.000     0.000    pll.clk_pll/inst/clk_in1
    AC19                 IBUF (Prop_ibuf_I_O)         0.253     0.253 r  pll.clk_pll/inst/clkin1_ibufg/O
                         net (fo=1, routed)           0.565     0.818    pll.clk_pll/inst/clk_in1_clk_pll
    PLLE2_ADV_X0Y2       PLLE2_ADV (Prop_plle2_adv_CLKIN1_CLKOUT0)
                                                     -2.523    -1.705 r  pll.clk_pll/inst/plle2_adv_inst/CLKOUT0
                         net (fo=1, routed)           0.560    -1.146    pll.clk_pll/inst/cpu_clk_clk_pll
    BUFGCTRL_X0Y0        BUFG (Prop_bufg_I_O)         0.026    -1.120 r  pll.clk_pll/inst/clkout1_buf/O
                         net (fo=17726, routed)       0.613    -0.507    u_confreg/cpu_clk
    SLICE_X37Y158        FDSE                                         r  u_confreg/num_csn_reg[2]/C
  -------------------------------------------------------------------    -------------------
    SLICE_X37Y158        FDSE (Prop_fdse_C_Q)         0.141    -0.366 r  u_confreg/num_csn_reg[2]/Q
                         net (fo=1, routed)           0.843     0.478    num_csn_OBUF[2]
    G25                  OBUF (Prop_obuf_I_O)         1.266     1.744 r  num_csn_OBUF[2]_inst/O
                         net (fo=0)                   0.000     1.744    num_csn[2]
    G25                                                               r  num_csn[2] (OUT)
  -------------------------------------------------------------------    -------------------

Slack:                    inf
  Source:                 u_confreg/led_data_reg[6]_lopt_replica/C
                            (rising edge-triggered cell FDRE clocked by cpu_clk_clk_pll  {rise@0.000ns fall@20.000ns period=40.000ns})
  Destination:            led[6]
                            (output port)
  Path Group:             (none)
  Path Type:              Min at Fast Process Corner
  Data Path Delay:        2.273ns  (logic 1.382ns (60.798%)  route 0.891ns (39.202%))
  Logic Levels:           1  (OBUF=1)
  Clock Uncertainty:      0.201ns  ((TSJ^2 + DJ^2)^1/2) / 2 + PE
    Total System Jitter     (TSJ):    0.050ns
    Discrete Jitter          (DJ):    0.183ns
    Phase Error              (PE):    0.105ns

    Location             Delay type                Incr(ns)  Path(ns)    Netlist Resource(s)
  -------------------------------------------------------------------    -------------------
                         (clock cpu_clk_clk_pll rise edge)
                                                      0.000     0.000 r  
    AC19                                              0.000     0.000 r  clk (IN)
                         net (fo=0)                   0.000     0.000    pll.clk_pll/inst/clk_in1
    AC19                 IBUF (Prop_ibuf_I_O)         0.253     0.253 r  pll.clk_pll/inst/clkin1_ibufg/O
                         net (fo=1, routed)           0.565     0.818    pll.clk_pll/inst/clk_in1_clk_pll
    PLLE2_ADV_X0Y2       PLLE2_ADV (Prop_plle2_adv_CLKIN1_CLKOUT0)
                                                     -2.523    -1.705 r  pll.clk_pll/inst/plle2_adv_inst/CLKOUT0
                         net (fo=1, routed)           0.560    -1.146    pll.clk_pll/inst/cpu_clk_clk_pll
    BUFGCTRL_X0Y0        BUFG (Prop_bufg_I_O)         0.026    -1.120 r  pll.clk_pll/inst/clkout1_buf/O
                         net (fo=17726, routed)       0.606    -0.514    u_confreg/cpu_clk
    SLICE_X37Y169        FDRE                                         r  u_confreg/led_data_reg[6]_lopt_replica/C
  -------------------------------------------------------------------    -------------------
    SLICE_X37Y169        FDRE (Prop_fdre_C_Q)         0.141    -0.373 r  u_confreg/led_data_reg[6]_lopt_replica/Q
                         net (fo=1, routed)           0.891     0.518    lopt_12
    J23                  OBUF (Prop_obuf_I_O)         1.241     1.759 r  led_OBUF[6]_inst/O
                         net (fo=0)                   0.000     1.759    led[6]
    J23                                                               r  led[6] (OUT)
  -------------------------------------------------------------------    -------------------

Slack:                    inf
  Source:                 u_confreg/led_data_reg[0]_lopt_replica/C
                            (rising edge-triggered cell FDRE clocked by cpu_clk_clk_pll  {rise@0.000ns fall@20.000ns period=40.000ns})
  Destination:            led[0]
                            (output port)
  Path Group:             (none)
  Path Type:              Min at Fast Process Corner
  Data Path Delay:        2.292ns  (logic 1.374ns (59.955%)  route 0.918ns (40.045%))
  Logic Levels:           1  (OBUF=1)
  Clock Uncertainty:      0.201ns  ((TSJ^2 + DJ^2)^1/2) / 2 + PE
    Total System Jitter     (TSJ):    0.050ns
    Discrete Jitter          (DJ):    0.183ns
    Phase Error              (PE):    0.105ns

    Location             Delay type                Incr(ns)  Path(ns)    Netlist Resource(s)
  -------------------------------------------------------------------    -------------------
                         (clock cpu_clk_clk_pll rise edge)
                                                      0.000     0.000 r  
    AC19                                              0.000     0.000 r  clk (IN)
                         net (fo=0)                   0.000     0.000    pll.clk_pll/inst/clk_in1
    AC19                 IBUF (Prop_ibuf_I_O)         0.253     0.253 r  pll.clk_pll/inst/clkin1_ibufg/O
                         net (fo=1, routed)           0.565     0.818    pll.clk_pll/inst/clk_in1_clk_pll
    PLLE2_ADV_X0Y2       PLLE2_ADV (Prop_plle2_adv_CLKIN1_CLKOUT0)
                                                     -2.523    -1.705 r  pll.clk_pll/inst/plle2_adv_inst/CLKOUT0
                         net (fo=1, routed)           0.560    -1.146    pll.clk_pll/inst/cpu_clk_clk_pll
    BUFGCTRL_X0Y0        BUFG (Prop_bufg_I_O)         0.026    -1.120 r  pll.clk_pll/inst/clkout1_buf/O
                         net (fo=17726, routed)       0.610    -0.510    u_confreg/cpu_clk
    SLICE_X37Y165        FDRE                                         r  u_confreg/led_data_reg[0]_lopt_replica/C
  -------------------------------------------------------------------    -------------------
    SLICE_X37Y165        FDRE (Prop_fdre_C_Q)         0.141    -0.369 r  u_confreg/led_data_reg[0]_lopt_replica/Q
                         net (fo=1, routed)           0.918     0.549    lopt
    K23                  OBUF (Prop_obuf_I_O)         1.233     1.783 r  led_OBUF[0]_inst/O
                         net (fo=0)                   0.000     1.783    led[0]
    K23                                                               r  led[0] (OUT)
  -------------------------------------------------------------------    -------------------

Slack:                    inf
  Source:                 u_confreg/led_data_reg[5]_lopt_replica/C
                            (rising edge-triggered cell FDRE clocked by cpu_clk_clk_pll  {rise@0.000ns fall@20.000ns period=40.000ns})
  Destination:            led[5]
                            (output port)
  Path Group:             (none)
  Path Type:              Min at Fast Process Corner
  Data Path Delay:        2.293ns  (logic 1.403ns (61.185%)  route 0.890ns (38.815%))
  Logic Levels:           1  (OBUF=1)
  Clock Uncertainty:      0.201ns  ((TSJ^2 + DJ^2)^1/2) / 2 + PE
    Total System Jitter     (TSJ):    0.050ns
    Discrete Jitter          (DJ):    0.183ns
    Phase Error              (PE):    0.105ns

    Location             Delay type                Incr(ns)  Path(ns)    Netlist Resource(s)
  -------------------------------------------------------------------    -------------------
                         (clock cpu_clk_clk_pll rise edge)
                                                      0.000     0.000 r  
    AC19                                              0.000     0.000 r  clk (IN)
                         net (fo=0)                   0.000     0.000    pll.clk_pll/inst/clk_in1
    AC19                 IBUF (Prop_ibuf_I_O)         0.253     0.253 r  pll.clk_pll/inst/clkin1_ibufg/O
                         net (fo=1, routed)           0.565     0.818    pll.clk_pll/inst/clk_in1_clk_pll
    PLLE2_ADV_X0Y2       PLLE2_ADV (Prop_plle2_adv_CLKIN1_CLKOUT0)
                                                     -2.523    -1.705 r  pll.clk_pll/inst/plle2_adv_inst/CLKOUT0
                         net (fo=1, routed)           0.560    -1.146    pll.clk_pll/inst/cpu_clk_clk_pll
    BUFGCTRL_X0Y0        BUFG (Prop_bufg_I_O)         0.026    -1.120 r  pll.clk_pll/inst/clkout1_buf/O
                         net (fo=17726, routed)       0.614    -0.506    u_confreg/cpu_clk
    SLICE_X39Y153        FDRE                                         r  u_confreg/led_data_reg[5]_lopt_replica/C
  -------------------------------------------------------------------    -------------------
    SLICE_X39Y153        FDRE (Prop_fdre_C_Q)         0.141    -0.365 r  u_confreg/led_data_reg[5]_lopt_replica/Q
                         net (fo=1, routed)           0.890     0.525    lopt_11
    J26                  OBUF (Prop_obuf_I_O)         1.262     1.787 r  led_OBUF[5]_inst/O
                         net (fo=0)                   0.000     1.787    led[5]
    J26                                                               r  led[5] (OUT)
  -------------------------------------------------------------------    -------------------

Slack:                    inf
  Source:                 u_confreg/led_data_reg[2]_lopt_replica/C
                            (rising edge-triggered cell FDRE clocked by cpu_clk_clk_pll  {rise@0.000ns fall@20.000ns period=40.000ns})
  Destination:            led[2]
                            (output port)
  Path Group:             (none)
  Path Type:              Min at Fast Process Corner
  Data Path Delay:        2.302ns  (logic 1.384ns (60.122%)  route 0.918ns (39.878%))
  Logic Levels:           1  (OBUF=1)
  Clock Uncertainty:      0.201ns  ((TSJ^2 + DJ^2)^1/2) / 2 + PE
    Total System Jitter     (TSJ):    0.050ns
    Discrete Jitter          (DJ):    0.183ns
    Phase Error              (PE):    0.105ns

    Location             Delay type                Incr(ns)  Path(ns)    Netlist Resource(s)
  -------------------------------------------------------------------    -------------------
                         (clock cpu_clk_clk_pll rise edge)
                                                      0.000     0.000 r  
    AC19                                              0.000     0.000 r  clk (IN)
                         net (fo=0)                   0.000     0.000    pll.clk_pll/inst/clk_in1
    AC19                 IBUF (Prop_ibuf_I_O)         0.253     0.253 r  pll.clk_pll/inst/clkin1_ibufg/O
                         net (fo=1, routed)           0.565     0.818    pll.clk_pll/inst/clk_in1_clk_pll
    PLLE2_ADV_X0Y2       PLLE2_ADV (Prop_plle2_adv_CLKIN1_CLKOUT0)
                                                     -2.523    -1.705 r  pll.clk_pll/inst/plle2_adv_inst/CLKOUT0
                         net (fo=1, routed)           0.560    -1.146    pll.clk_pll/inst/cpu_clk_clk_pll
    BUFGCTRL_X0Y0        BUFG (Prop_bufg_I_O)         0.026    -1.120 r  pll.clk_pll/inst/clkout1_buf/O
                         net (fo=17726, routed)       0.606    -0.514    u_confreg/cpu_clk
    SLICE_X37Y169        FDRE                                         r  u_confreg/led_data_reg[2]_lopt_replica/C
  -------------------------------------------------------------------    -------------------
    SLICE_X37Y169        FDRE (Prop_fdre_C_Q)         0.141    -0.373 r  u_confreg/led_data_reg[2]_lopt_replica/Q
                         net (fo=1, routed)           0.918     0.545    lopt_8
    H23                  OBUF (Prop_obuf_I_O)         1.243     1.788 r  led_OBUF[2]_inst/O
                         net (fo=0)                   0.000     1.788    led[2]
    H23                                                               r  led[2] (OUT)
  -------------------------------------------------------------------    -------------------

Slack:                    inf
  Source:                 u_confreg/num_csn_reg[1]/C
                            (rising edge-triggered cell FDSE clocked by cpu_clk_clk_pll  {rise@0.000ns fall@20.000ns period=40.000ns})
  Destination:            num_csn[1]
                            (output port)
  Path Group:             (none)
  Path Type:              Min at Fast Process Corner
  Data Path Delay:        2.315ns  (logic 1.411ns (60.942%)  route 0.904ns (39.058%))
  Logic Levels:           1  (OBUF=1)
  Clock Uncertainty:      0.201ns  ((TSJ^2 + DJ^2)^1/2) / 2 + PE
    Total System Jitter     (TSJ):    0.050ns
    Discrete Jitter          (DJ):    0.183ns
    Phase Error              (PE):    0.105ns

    Location             Delay type                Incr(ns)  Path(ns)    Netlist Resource(s)
  -------------------------------------------------------------------    -------------------
                         (clock cpu_clk_clk_pll rise edge)
                                                      0.000     0.000 r  
    AC19                                              0.000     0.000 r  clk (IN)
                         net (fo=0)                   0.000     0.000    pll.clk_pll/inst/clk_in1
    AC19                 IBUF (Prop_ibuf_I_O)         0.253     0.253 r  pll.clk_pll/inst/clkin1_ibufg/O
                         net (fo=1, routed)           0.565     0.818    pll.clk_pll/inst/clk_in1_clk_pll
    PLLE2_ADV_X0Y2       PLLE2_ADV (Prop_plle2_adv_CLKIN1_CLKOUT0)
                                                     -2.523    -1.705 r  pll.clk_pll/inst/plle2_adv_inst/CLKOUT0
                         net (fo=1, routed)           0.560    -1.146    pll.clk_pll/inst/cpu_clk_clk_pll
    BUFGCTRL_X0Y0        BUFG (Prop_bufg_I_O)         0.026    -1.120 r  pll.clk_pll/inst/clkout1_buf/O
                         net (fo=17726, routed)       0.613    -0.507    u_confreg/cpu_clk
    SLICE_X37Y158        FDSE                                         r  u_confreg/num_csn_reg[1]/C
  -------------------------------------------------------------------    -------------------
    SLICE_X37Y158        FDSE (Prop_fdse_C_Q)         0.141    -0.366 r  u_confreg/num_csn_reg[1]/Q
                         net (fo=1, routed)           0.904     0.538    num_csn_OBUF[1]
    G26                  OBUF (Prop_obuf_I_O)         1.270     1.808 r  num_csn_OBUF[1]_inst/O
                         net (fo=0)                   0.000     1.808    num_csn[1]
    G26                                                               r  num_csn[1] (OUT)
  -------------------------------------------------------------------    -------------------

Slack:                    inf
  Source:                 u_confreg/num_csn_reg[3]/C
                            (rising edge-triggered cell FDSE clocked by cpu_clk_clk_pll  {rise@0.000ns fall@20.000ns period=40.000ns})
  Destination:            num_csn[3]
                            (output port)
  Path Group:             (none)
  Path Type:              Min at Fast Process Corner
  Data Path Delay:        2.322ns  (logic 1.428ns (61.485%)  route 0.894ns (38.515%))
  Logic Levels:           1  (OBUF=1)
  Clock Uncertainty:      0.201ns  ((TSJ^2 + DJ^2)^1/2) / 2 + PE
    Total System Jitter     (TSJ):    0.050ns
    Discrete Jitter          (DJ):    0.183ns
    Phase Error              (PE):    0.105ns

    Location             Delay type                Incr(ns)  Path(ns)    Netlist Resource(s)
  -------------------------------------------------------------------    -------------------
                         (clock cpu_clk_clk_pll rise edge)
                                                      0.000     0.000 r  
    AC19                                              0.000     0.000 r  clk (IN)
                         net (fo=0)                   0.000     0.000    pll.clk_pll/inst/clk_in1
    AC19                 IBUF (Prop_ibuf_I_O)         0.253     0.253 r  pll.clk_pll/inst/clkin1_ibufg/O
                         net (fo=1, routed)           0.565     0.818    pll.clk_pll/inst/clk_in1_clk_pll
    PLLE2_ADV_X0Y2       PLLE2_ADV (Prop_plle2_adv_CLKIN1_CLKOUT0)
                                                     -2.523    -1.705 r  pll.clk_pll/inst/plle2_adv_inst/CLKOUT0
                         net (fo=1, routed)           0.560    -1.146    pll.clk_pll/inst/cpu_clk_clk_pll
    BUFGCTRL_X0Y0        BUFG (Prop_bufg_I_O)         0.026    -1.120 r  pll.clk_pll/inst/clkout1_buf/O
                         net (fo=17726, routed)       0.611    -0.509    u_confreg/cpu_clk
    SLICE_X38Y162        FDSE                                         r  u_confreg/num_csn_reg[3]/C
  -------------------------------------------------------------------    -------------------
    SLICE_X38Y162        FDSE (Prop_fdse_C_Q)         0.141    -0.368 r  u_confreg/num_csn_reg[3]/Q
                         net (fo=1, routed)           0.894     0.527    num_csn_OBUF[3]
    E26                  OBUF (Prop_obuf_I_O)         1.287     1.814 r  num_csn_OBUF[3]_inst/O
                         net (fo=0)                   0.000     1.814    num_csn[3]
    E26                                                               r  num_csn[3] (OUT)
  -------------------------------------------------------------------    -------------------

Slack:                    inf
  Source:                 u_confreg/num_csn_reg[0]/C
                            (rising edge-triggered cell FDSE clocked by cpu_clk_clk_pll  {rise@0.000ns fall@20.000ns period=40.000ns})
  Destination:            num_csn[0]
                            (output port)
  Path Group:             (none)
  Path Type:              Min at Fast Process Corner
  Data Path Delay:        2.326ns  (logic 1.408ns (60.525%)  route 0.918ns (39.475%))
  Logic Levels:           1  (OBUF=1)
  Clock Uncertainty:      0.201ns  ((TSJ^2 + DJ^2)^1/2) / 2 + PE
    Total System Jitter     (TSJ):    0.050ns
    Discrete Jitter          (DJ):    0.183ns
    Phase Error              (PE):    0.105ns

    Location             Delay type                Incr(ns)  Path(ns)    Netlist Resource(s)
  -------------------------------------------------------------------    -------------------
                         (clock cpu_clk_clk_pll rise edge)
                                                      0.000     0.000 r  
    AC19                                              0.000     0.000 r  clk (IN)
                         net (fo=0)                   0.000     0.000    pll.clk_pll/inst/clk_in1
    AC19                 IBUF (Prop_ibuf_I_O)         0.253     0.253 r  pll.clk_pll/inst/clkin1_ibufg/O
                         net (fo=1, routed)           0.565     0.818    pll.clk_pll/inst/clk_in1_clk_pll
    PLLE2_ADV_X0Y2       PLLE2_ADV (Prop_plle2_adv_CLKIN1_CLKOUT0)
                                                     -2.523    -1.705 r  pll.clk_pll/inst/plle2_adv_inst/CLKOUT0
                         net (fo=1, routed)           0.560    -1.146    pll.clk_pll/inst/cpu_clk_clk_pll
    BUFGCTRL_X0Y0        BUFG (Prop_bufg_I_O)         0.026    -1.120 r  pll.clk_pll/inst/clkout1_buf/O
                         net (fo=17726, routed)       0.613    -0.507    u_confreg/cpu_clk
    SLICE_X37Y158        FDSE                                         r  u_confreg/num_csn_reg[0]/C
  -------------------------------------------------------------------    -------------------
    SLICE_X37Y158        FDSE (Prop_fdse_C_Q)         0.141    -0.366 r  u_confreg/num_csn_reg[0]/Q
                         net (fo=1, routed)           0.918     0.552    num_csn_OBUF[0]
    H26                  OBUF (Prop_obuf_I_O)         1.267     1.819 r  num_csn_OBUF[0]_inst/O
                         net (fo=0)                   0.000     1.819    num_csn[0]
    H26                                                               r  num_csn[0] (OUT)
  -------------------------------------------------------------------    -------------------

Slack:                    inf
  Source:                 u_confreg/num_csn_reg[5]/C
                            (rising edge-triggered cell FDSE clocked by cpu_clk_clk_pll  {rise@0.000ns fall@20.000ns period=40.000ns})
  Destination:            num_csn[5]
                            (output port)
  Path Group:             (none)
  Path Type:              Min at Fast Process Corner
  Data Path Delay:        2.331ns  (logic 1.466ns (62.896%)  route 0.865ns (37.104%))
  Logic Levels:           1  (OBUF=1)
  Clock Uncertainty:      0.201ns  ((TSJ^2 + DJ^2)^1/2) / 2 + PE
    Total System Jitter     (TSJ):    0.050ns
    Discrete Jitter          (DJ):    0.183ns
    Phase Error              (PE):    0.105ns

    Location             Delay type                Incr(ns)  Path(ns)    Netlist Resource(s)
  -------------------------------------------------------------------    -------------------
                         (clock cpu_clk_clk_pll rise edge)
                                                      0.000     0.000 r  
    AC19                                              0.000     0.000 r  clk (IN)
                         net (fo=0)                   0.000     0.000    pll.clk_pll/inst/clk_in1
    AC19                 IBUF (Prop_ibuf_I_O)         0.253     0.253 r  pll.clk_pll/inst/clkin1_ibufg/O
                         net (fo=1, routed)           0.565     0.818    pll.clk_pll/inst/clk_in1_clk_pll
    PLLE2_ADV_X0Y2       PLLE2_ADV (Prop_plle2_adv_CLKIN1_CLKOUT0)
                                                     -2.523    -1.705 r  pll.clk_pll/inst/plle2_adv_inst/CLKOUT0
                         net (fo=1, routed)           0.560    -1.146    pll.clk_pll/inst/cpu_clk_clk_pll
    BUFGCTRL_X0Y0        BUFG (Prop_bufg_I_O)         0.026    -1.120 r  pll.clk_pll/inst/clkout1_buf/O
                         net (fo=17726, routed)       0.613    -0.507    u_confreg/cpu_clk
    SLICE_X37Y158        FDSE                                         r  u_confreg/num_csn_reg[5]/C
  -------------------------------------------------------------------    -------------------
    SLICE_X37Y158        FDSE (Prop_fdse_C_Q)         0.128    -0.379 r  u_confreg/num_csn_reg[5]/Q
                         net (fo=1, routed)           0.865     0.486    num_csn_OBUF[5]
    D26                  OBUF (Prop_obuf_I_O)         1.338     1.824 r  num_csn_OBUF[5]_inst/O
                         net (fo=0)                   0.000     1.824    num_csn[5]
    D26                                                               r  num_csn[5] (OUT)
  -------------------------------------------------------------------    -------------------

Slack:                    inf
  Source:                 u_confreg/num_csn_reg[4]/C
                            (rising edge-triggered cell FDSE clocked by cpu_clk_clk_pll  {rise@0.000ns fall@20.000ns period=40.000ns})
  Destination:            num_csn[4]
                            (output port)
  Path Group:             (none)
  Path Type:              Min at Fast Process Corner
  Data Path Delay:        2.343ns  (logic 1.468ns (62.644%)  route 0.875ns (37.356%))
  Logic Levels:           1  (OBUF=1)
  Clock Uncertainty:      0.201ns  ((TSJ^2 + DJ^2)^1/2) / 2 + PE
    Total System Jitter     (TSJ):    0.050ns
    Discrete Jitter          (DJ):    0.183ns
    Phase Error              (PE):    0.105ns

    Location             Delay type                Incr(ns)  Path(ns)    Netlist Resource(s)
  -------------------------------------------------------------------    -------------------
                         (clock cpu_clk_clk_pll rise edge)
                                                      0.000     0.000 r  
    AC19                                              0.000     0.000 r  clk (IN)
                         net (fo=0)                   0.000     0.000    pll.clk_pll/inst/clk_in1
    AC19                 IBUF (Prop_ibuf_I_O)         0.253     0.253 r  pll.clk_pll/inst/clkin1_ibufg/O
                         net (fo=1, routed)           0.565     0.818    pll.clk_pll/inst/clk_in1_clk_pll
    PLLE2_ADV_X0Y2       PLLE2_ADV (Prop_plle2_adv_CLKIN1_CLKOUT0)
                                                     -2.523    -1.705 r  pll.clk_pll/inst/plle2_adv_inst/CLKOUT0
                         net (fo=1, routed)           0.560    -1.146    pll.clk_pll/inst/cpu_clk_clk_pll
    BUFGCTRL_X0Y0        BUFG (Prop_bufg_I_O)         0.026    -1.120 r  pll.clk_pll/inst/clkout1_buf/O
                         net (fo=17726, routed)       0.613    -0.507    u_confreg/cpu_clk
    SLICE_X37Y158        FDSE                                         r  u_confreg/num_csn_reg[4]/C
  -------------------------------------------------------------------    -------------------
    SLICE_X37Y158        FDSE (Prop_fdse_C_Q)         0.128    -0.379 r  u_confreg/num_csn_reg[4]/Q
                         net (fo=1, routed)           0.875     0.497    num_csn_OBUF[4]
    E25                  OBUF (Prop_obuf_I_O)         1.340     1.837 r  num_csn_OBUF[4]_inst/O
                         net (fo=0)                   0.000     1.837    num_csn[4]
    E25                                                               r  num_csn[4] (OUT)
  -------------------------------------------------------------------    -------------------





--------------------------------------------------------------------------------------
Path Group:  (none)
From Clock:  
  To Clock:  cpu_clk_clk_pll

Max Delay            52 Endpoints
Min Delay            52 Endpoints
--------------------------------------------------------------------------------------


Max Delay Paths
--------------------------------------------------------------------------------------
Slack:                    inf
  Source:                 btn_key_row[0]
                            (input port)
  Destination:            u_confreg/btn_key_r_reg[7]/D
                            (rising edge-triggered cell FDRE clocked by cpu_clk_clk_pll  {rise@0.000ns fall@20.000ns period=40.000ns})
  Path Group:             (none)
  Path Type:              Setup (Max at Slow Process Corner)
  Data Path Delay:        14.347ns  (logic 2.228ns (15.526%)  route 12.119ns (84.474%))
  Logic Levels:           7  (IBUF=1 LUT2=1 LUT4=1 LUT5=2 LUT6=2)
  Clock Path Skew:        -1.842ns (DCD - SCD + CPR)
    Destination Clock Delay (DCD):    -1.842ns
    Source Clock Delay      (SCD):    0.000ns
    Clock Pessimism Removal (CPR):    0.000ns
  Clock Uncertainty:      0.201ns  ((TSJ^2 + DJ^2)^1/2) / 2 + PE
    Total System Jitter     (TSJ):    0.050ns
    Discrete Jitter          (DJ):    0.183ns
    Phase Error              (PE):    0.105ns

    Location             Delay type                Incr(ns)  Path(ns)    Netlist Resource(s)
  -------------------------------------------------------------------    -------------------
    U7                                                0.000     0.000 r  btn_key_row[0] (IN)
                         net (fo=0)                   0.000     0.000    btn_key_row[0]
    U7                   IBUF (Prop_ibuf_I_O)         1.484     1.484 r  btn_key_row_IBUF[0]_inst/O
                         net (fo=33, routed)          7.292     8.775    u_confreg/btn_key_row_IBUF[0]
    SLICE_X39Y151        LUT4 (Prop_lut4_I3_O)        0.124     8.899 r  u_confreg/FSM_onehot_state[1]_i_3/O
                         net (fo=7, routed)           0.897     9.796    u_confreg/key_start1__1
    SLICE_X38Y151        LUT5 (Prop_lut5_I2_O)        0.124     9.920 f  u_confreg/btn_key_r[14]_i_10/O
                         net (fo=1, routed)           0.433    10.353    u_confreg/btn_key_r[14]_i_10_n_0
    SLICE_X38Y151        LUT6 (Prop_lut6_I0_O)        0.124    10.477 f  u_confreg/btn_key_r[14]_i_8/O
                         net (fo=2, routed)           1.012    11.489    u_confreg/btn_key_r[14]_i_8_n_0
    SLICE_X38Y152        LUT5 (Prop_lut5_I4_O)        0.124    11.613 f  u_confreg/btn_key_r[14]_i_3/O
                         net (fo=18, routed)          1.026    12.639    u_confreg/btn_key_r0
    SLICE_X37Y154        LUT2 (Prop_lut2_I0_O)        0.124    12.763 f  u_confreg/btn_key_r[15]_i_2/O
                         net (fo=6, routed)           1.460    14.223    u_confreg/btn_key_r[15]_i_2_n_0
    SLICE_X37Y156        LUT6 (Prop_lut6_I4_O)        0.124    14.347 r  u_confreg/btn_key_r[7]_i_1/O
                         net (fo=1, routed)           0.000    14.347    u_confreg/btn_key_r[7]_i_1_n_0
    SLICE_X37Y156        FDRE                                         r  u_confreg/btn_key_r_reg[7]/D
  -------------------------------------------------------------------    -------------------

                         (clock cpu_clk_clk_pll rise edge)
                                                      0.000     0.000 r  
    AC19                                              0.000     0.000 r  clk (IN)
                         net (fo=0)                   0.000     0.000    pll.clk_pll/inst/clk_in1
    AC19                 IBUF (Prop_ibuf_I_O)         1.414     1.414 r  pll.clk_pll/inst/clkin1_ibufg/O
                         net (fo=1, routed)           1.531     2.945    pll.clk_pll/inst/clk_in1_clk_pll
    PLLE2_ADV_X0Y2       PLLE2_ADV (Prop_plle2_adv_CLKIN1_CLKOUT0)
                                                     -8.262    -5.316 r  pll.clk_pll/inst/plle2_adv_inst/CLKOUT0
                         net (fo=1, routed)           1.755    -3.561    pll.clk_pll/inst/cpu_clk_clk_pll
    BUFGCTRL_X0Y0        BUFG (Prop_bufg_I_O)         0.091    -3.470 r  pll.clk_pll/inst/clkout1_buf/O
                         net (fo=17726, routed)       1.628    -1.842    u_confreg/cpu_clk
    SLICE_X37Y156        FDRE                                         r  u_confreg/btn_key_r_reg[7]/C

Slack:                    inf
  Source:                 switch[0]
                            (input port)
  Destination:            cpu/u_regfile/rf_reg_r1_0_31_0_5/RAMA/I
                            (rising edge-triggered cell RAMD32 clocked by cpu_clk_clk_pll  {rise@0.000ns fall@20.000ns period=40.000ns})
  Path Group:             (none)
  Path Type:              Setup (Max at Slow Process Corner)
  Data Path Delay:        14.340ns  (logic 2.224ns (15.506%)  route 12.117ns (84.494%))
  Logic Levels:           7  (IBUF=1 LUT5=1 LUT6=5)
  Clock Path Skew:        -1.942ns (DCD - SCD + CPR)
    Destination Clock Delay (DCD):    -1.942ns
    Source Clock Delay      (SCD):    0.000ns
    Clock Pessimism Removal (CPR):    0.000ns
  Clock Uncertainty:      0.201ns  ((TSJ^2 + DJ^2)^1/2) / 2 + PE
    Total System Jitter     (TSJ):    0.050ns
    Discrete Jitter          (DJ):    0.183ns
    Phase Error              (PE):    0.105ns

    Location             Delay type                Incr(ns)  Path(ns)    Netlist Resource(s)
  -------------------------------------------------------------------    -------------------
    Y6                                                0.000     0.000 r  switch[0] (IN)
                         net (fo=0)                   0.000     0.000    switch[0]
    Y6                   IBUF (Prop_ibuf_I_O)         1.480     1.480 r  switch_IBUF[0]_inst/O
                         net (fo=2, routed)           7.379     8.859    u_confreg/switch_IBUF[0]
    SLICE_X38Y161        LUT6 (Prop_lut6_I5_O)        0.124     8.983 r  u_confreg/rf_reg_r1_0_31_0_5_i_206/O
                         net (fo=1, routed)           0.442     9.425    u_confreg/rf_reg_r1_0_31_0_5_i_206_n_0
    SLICE_X38Y163        LUT6 (Prop_lut6_I2_O)        0.124     9.549 r  u_confreg/rf_reg_r1_0_31_0_5_i_193/O
                         net (fo=1, routed)           0.425     9.974    u_confreg/rf_reg_r1_0_31_0_5_i_193_n_0
    SLICE_X38Y162        LUT6 (Prop_lut6_I2_O)        0.124    10.098 r  u_confreg/rf_reg_r1_0_31_0_5_i_140/O
                         net (fo=1, routed)           0.900    10.998    u_confreg/rf_reg_r1_0_31_0_5_i_140_n_0
    SLICE_X45Y160        LUT6 (Prop_lut6_I5_O)        0.124    11.122 r  u_confreg/rf_reg_r1_0_31_0_5_i_58/O
                         net (fo=1, routed)           1.111    12.233    u_confreg/rf_reg_r1_0_31_0_5_i_58_n_0
    SLICE_X50Y160        LUT5 (Prop_lut5_I1_O)        0.124    12.357 r  u_confreg/rf_reg_r1_0_31_0_5_i_20/O
                         net (fo=1, routed)           0.736    13.093    cpu/u_regfile/cpu_data_rdata[0]
    SLICE_X58Y160        LUT6 (Prop_lut6_I0_O)        0.124    13.217 r  cpu/u_regfile/rf_reg_r1_0_31_0_5_i_3/O
                         net (fo=2, routed)           1.123    14.340    cpu/u_regfile/rf_reg_r1_0_31_0_5/DIA0
    SLICE_X56Y180        RAMD32                                       r  cpu/u_regfile/rf_reg_r1_0_31_0_5/RAMA/I
  -------------------------------------------------------------------    -------------------

                         (clock cpu_clk_clk_pll rise edge)
                                                      0.000     0.000 r  
    AC19                                              0.000     0.000 r  clk (IN)
                         net (fo=0)                   0.000     0.000    pll.clk_pll/inst/clk_in1
    AC19                 IBUF (Prop_ibuf_I_O)         1.414     1.414 r  pll.clk_pll/inst/clkin1_ibufg/O
                         net (fo=1, routed)           1.531     2.945    pll.clk_pll/inst/clk_in1_clk_pll
    PLLE2_ADV_X0Y2       PLLE2_ADV (Prop_plle2_adv_CLKIN1_CLKOUT0)
                                                     -8.262    -5.316 r  pll.clk_pll/inst/plle2_adv_inst/CLKOUT0
                         net (fo=1, routed)           1.755    -3.561    pll.clk_pll/inst/cpu_clk_clk_pll
    BUFGCTRL_X0Y0        BUFG (Prop_bufg_I_O)         0.091    -3.470 r  pll.clk_pll/inst/clkout1_buf/O
                         net (fo=17726, routed)       1.528    -1.942    cpu/u_regfile/rf_reg_r1_0_31_0_5/WCLK
    SLICE_X56Y180        RAMD32                                       r  cpu/u_regfile/rf_reg_r1_0_31_0_5/RAMA/CLK

Slack:                    inf
  Source:                 btn_key_row[0]
                            (input port)
  Destination:            u_confreg/btn_key_r_reg[6]/D
                            (rising edge-triggered cell FDRE clocked by cpu_clk_clk_pll  {rise@0.000ns fall@20.000ns period=40.000ns})
  Path Group:             (none)
  Path Type:              Setup (Max at Slow Process Corner)
  Data Path Delay:        14.263ns  (logic 2.228ns (15.618%)  route 12.035ns (84.382%))
  Logic Levels:           7  (IBUF=1 LUT2=1 LUT4=1 LUT5=2 LUT6=2)
  Clock Path Skew:        -1.843ns (DCD - SCD + CPR)
    Destination Clock Delay (DCD):    -1.843ns
    Source Clock Delay      (SCD):    0.000ns
    Clock Pessimism Removal (CPR):    0.000ns
  Clock Uncertainty:      0.201ns  ((TSJ^2 + DJ^2)^1/2) / 2 + PE
    Total System Jitter     (TSJ):    0.050ns
    Discrete Jitter          (DJ):    0.183ns
    Phase Error              (PE):    0.105ns

    Location             Delay type                Incr(ns)  Path(ns)    Netlist Resource(s)
  -------------------------------------------------------------------    -------------------
    U7                                                0.000     0.000 r  btn_key_row[0] (IN)
                         net (fo=0)                   0.000     0.000    btn_key_row[0]
    U7                   IBUF (Prop_ibuf_I_O)         1.484     1.484 r  btn_key_row_IBUF[0]_inst/O
                         net (fo=33, routed)          7.292     8.775    u_confreg/btn_key_row_IBUF[0]
    SLICE_X39Y151        LUT4 (Prop_lut4_I3_O)        0.124     8.899 r  u_confreg/FSM_onehot_state[1]_i_3/O
                         net (fo=7, routed)           0.897     9.796    u_confreg/key_start1__1
    SLICE_X38Y151        LUT5 (Prop_lut5_I2_O)        0.124     9.920 f  u_confreg/btn_key_r[14]_i_10/O
                         net (fo=1, routed)           0.433    10.353    u_confreg/btn_key_r[14]_i_10_n_0
    SLICE_X38Y151        LUT6 (Prop_lut6_I0_O)        0.124    10.477 f  u_confreg/btn_key_r[14]_i_8/O
                         net (fo=2, routed)           1.012    11.489    u_confreg/btn_key_r[14]_i_8_n_0
    SLICE_X38Y152        LUT5 (Prop_lut5_I4_O)        0.124    11.613 f  u_confreg/btn_key_r[14]_i_3/O
                         net (fo=18, routed)          1.026    12.639    u_confreg/btn_key_r0
    SLICE_X37Y154        LUT2 (Prop_lut2_I0_O)        0.124    12.763 f  u_confreg/btn_key_r[15]_i_2/O
                         net (fo=6, routed)           1.376    14.139    u_confreg/btn_key_r[15]_i_2_n_0
    SLICE_X37Y157        LUT6 (Prop_lut6_I4_O)        0.124    14.263 r  u_confreg/btn_key_r[6]_i_1/O
                         net (fo=1, routed)           0.000    14.263    u_confreg/btn_key_r[6]_i_1_n_0
    SLICE_X37Y157        FDRE                                         r  u_confreg/btn_key_r_reg[6]/D
  -------------------------------------------------------------------    -------------------

                         (clock cpu_clk_clk_pll rise edge)
                                                      0.000     0.000 r  
    AC19                                              0.000     0.000 r  clk (IN)
                         net (fo=0)                   0.000     0.000    pll.clk_pll/inst/clk_in1
    AC19                 IBUF (Prop_ibuf_I_O)         1.414     1.414 r  pll.clk_pll/inst/clkin1_ibufg/O
                         net (fo=1, routed)           1.531     2.945    pll.clk_pll/inst/clk_in1_clk_pll
    PLLE2_ADV_X0Y2       PLLE2_ADV (Prop_plle2_adv_CLKIN1_CLKOUT0)
                                                     -8.262    -5.316 r  pll.clk_pll/inst/plle2_adv_inst/CLKOUT0
                         net (fo=1, routed)           1.755    -3.561    pll.clk_pll/inst/cpu_clk_clk_pll
    BUFGCTRL_X0Y0        BUFG (Prop_bufg_I_O)         0.091    -3.470 r  pll.clk_pll/inst/clkout1_buf/O
                         net (fo=17726, routed)       1.627    -1.843    u_confreg/cpu_clk
    SLICE_X37Y157        FDRE                                         r  u_confreg/btn_key_r_reg[6]/C

Slack:                    inf
  Source:                 switch[1]
                            (input port)
  Destination:            cpu/u_regfile/rf_reg_r1_0_31_0_5/RAMA_D1/I
                            (rising edge-triggered cell RAMD32 clocked by cpu_clk_clk_pll  {rise@0.000ns fall@20.000ns period=40.000ns})
  Path Group:             (none)
  Path Type:              Setup (Max at Slow Process Corner)
  Data Path Delay:        14.253ns  (logic 2.221ns (15.584%)  route 12.032ns (84.416%))
  Logic Levels:           7  (IBUF=1 LUT6=6)
  Clock Path Skew:        -1.942ns (DCD - SCD + CPR)
    Destination Clock Delay (DCD):    -1.942ns
    Source Clock Delay      (SCD):    0.000ns
    Clock Pessimism Removal (CPR):    0.000ns
  Clock Uncertainty:      0.201ns  ((TSJ^2 + DJ^2)^1/2) / 2 + PE
    Total System Jitter     (TSJ):    0.050ns
    Discrete Jitter          (DJ):    0.183ns
    Phase Error              (PE):    0.105ns

    Location             Delay type                Incr(ns)  Path(ns)    Netlist Resource(s)
  -------------------------------------------------------------------    -------------------
    AA7                                               0.000     0.000 r  switch[1] (IN)
                         net (fo=0)                   0.000     0.000    switch[1]
    AA7                  IBUF (Prop_ibuf_I_O)         1.477     1.477 r  switch_IBUF[1]_inst/O
                         net (fo=2, routed)           7.167     8.644    u_confreg/switch_IBUF[1]
    SLICE_X38Y158        LUT6 (Prop_lut6_I5_O)        0.124     8.768 r  u_confreg/rf_reg_r1_0_31_0_5_i_205/O
                         net (fo=1, routed)           0.757     9.525    u_confreg/rf_reg_r1_0_31_0_5_i_205_n_0
    SLICE_X37Y165        LUT6 (Prop_lut6_I2_O)        0.124     9.649 r  u_confreg/rf_reg_r1_0_31_0_5_i_191/O
                         net (fo=1, routed)           0.652    10.301    u_confreg/rf_reg_r1_0_31_0_5_i_191_n_0
    SLICE_X38Y165        LUT6 (Prop_lut6_I2_O)        0.124    10.425 r  u_confreg/rf_reg_r1_0_31_0_5_i_134/O
                         net (fo=1, routed)           0.898    11.323    u_confreg/rf_reg_r1_0_31_0_5_i_134_n_0
    SLICE_X50Y161        LUT6 (Prop_lut6_I2_O)        0.124    11.447 r  u_confreg/rf_reg_r1_0_31_0_5_i_56/O
                         net (fo=1, routed)           0.810    12.256    u_confreg/rf_reg_r1_0_31_0_5_i_56_n_0
    SLICE_X50Y155        LUT6 (Prop_lut6_I5_O)        0.124    12.380 r  u_confreg/rf_reg_r1_0_31_0_5_i_19/O
                         net (fo=1, routed)           0.424    12.805    cpu/u_regfile/rf_reg_r2_0_31_0_5_4
    SLICE_X54Y155        LUT6 (Prop_lut6_I5_O)        0.124    12.929 r  cpu/u_regfile/rf_reg_r1_0_31_0_5_i_2/O
                         net (fo=2, routed)           1.324    14.253    cpu/u_regfile/rf_reg_r1_0_31_0_5/DIA1
    SLICE_X56Y180        RAMD32                                       r  cpu/u_regfile/rf_reg_r1_0_31_0_5/RAMA_D1/I
  -------------------------------------------------------------------    -------------------

                         (clock cpu_clk_clk_pll rise edge)
                                                      0.000     0.000 r  
    AC19                                              0.000     0.000 r  clk (IN)
                         net (fo=0)                   0.000     0.000    pll.clk_pll/inst/clk_in1
    AC19                 IBUF (Prop_ibuf_I_O)         1.414     1.414 r  pll.clk_pll/inst/clkin1_ibufg/O
                         net (fo=1, routed)           1.531     2.945    pll.clk_pll/inst/clk_in1_clk_pll
    PLLE2_ADV_X0Y2       PLLE2_ADV (Prop_plle2_adv_CLKIN1_CLKOUT0)
                                                     -8.262    -5.316 r  pll.clk_pll/inst/plle2_adv_inst/CLKOUT0
                         net (fo=1, routed)           1.755    -3.561    pll.clk_pll/inst/cpu_clk_clk_pll
    BUFGCTRL_X0Y0        BUFG (Prop_bufg_I_O)         0.091    -3.470 r  pll.clk_pll/inst/clkout1_buf/O
                         net (fo=17726, routed)       1.528    -1.942    cpu/u_regfile/rf_reg_r1_0_31_0_5/WCLK
    SLICE_X56Y180        RAMD32                                       r  cpu/u_regfile/rf_reg_r1_0_31_0_5/RAMA_D1/CLK

Slack:                    inf
  Source:                 switch[0]
                            (input port)
  Destination:            cpu/u_regfile/rf_reg_r2_0_31_0_5/RAMA/I
                            (rising edge-triggered cell RAMD32 clocked by cpu_clk_clk_pll  {rise@0.000ns fall@20.000ns period=40.000ns})
  Path Group:             (none)
  Path Type:              Setup (Max at Slow Process Corner)
  Data Path Delay:        14.104ns  (logic 2.224ns (15.766%)  route 11.880ns (84.234%))
  Logic Levels:           7  (IBUF=1 LUT5=1 LUT6=5)
  Clock Path Skew:        -1.931ns (DCD - SCD + CPR)
    Destination Clock Delay (DCD):    -1.931ns
    Source Clock Delay      (SCD):    0.000ns
    Clock Pessimism Removal (CPR):    0.000ns
  Clock Uncertainty:      0.201ns  ((TSJ^2 + DJ^2)^1/2) / 2 + PE
    Total System Jitter     (TSJ):    0.050ns
    Discrete Jitter          (DJ):    0.183ns
    Phase Error              (PE):    0.105ns

    Location             Delay type                Incr(ns)  Path(ns)    Netlist Resource(s)
  -------------------------------------------------------------------    -------------------
    Y6                                                0.000     0.000 r  switch[0] (IN)
                         net (fo=0)                   0.000     0.000    switch[0]
    Y6                   IBUF (Prop_ibuf_I_O)         1.480     1.480 r  switch_IBUF[0]_inst/O
                         net (fo=2, routed)           7.379     8.859    u_confreg/switch_IBUF[0]
    SLICE_X38Y161        LUT6 (Prop_lut6_I5_O)        0.124     8.983 r  u_confreg/rf_reg_r1_0_31_0_5_i_206/O
                         net (fo=1, routed)           0.442     9.425    u_confreg/rf_reg_r1_0_31_0_5_i_206_n_0
    SLICE_X38Y163        LUT6 (Prop_lut6_I2_O)        0.124     9.549 r  u_confreg/rf_reg_r1_0_31_0_5_i_193/O
                         net (fo=1, routed)           0.425     9.974    u_confreg/rf_reg_r1_0_31_0_5_i_193_n_0
    SLICE_X38Y162        LUT6 (Prop_lut6_I2_O)        0.124    10.098 r  u_confreg/rf_reg_r1_0_31_0_5_i_140/O
                         net (fo=1, routed)           0.900    10.998    u_confreg/rf_reg_r1_0_31_0_5_i_140_n_0
    SLICE_X45Y160        LUT6 (Prop_lut6_I5_O)        0.124    11.122 r  u_confreg/rf_reg_r1_0_31_0_5_i_58/O
                         net (fo=1, routed)           1.111    12.233    u_confreg/rf_reg_r1_0_31_0_5_i_58_n_0
    SLICE_X50Y160        LUT5 (Prop_lut5_I1_O)        0.124    12.357 r  u_confreg/rf_reg_r1_0_31_0_5_i_20/O
                         net (fo=1, routed)           0.736    13.093    cpu/u_regfile/cpu_data_rdata[0]
    SLICE_X58Y160        LUT6 (Prop_lut6_I0_O)        0.124    13.217 r  cpu/u_regfile/rf_reg_r1_0_31_0_5_i_3/O
                         net (fo=2, routed)           0.887    14.104    cpu/u_regfile/rf_reg_r2_0_31_0_5/DIA0
    SLICE_X56Y156        RAMD32                                       r  cpu/u_regfile/rf_reg_r2_0_31_0_5/RAMA/I
  -------------------------------------------------------------------    -------------------

                         (clock cpu_clk_clk_pll rise edge)
                                                      0.000     0.000 r  
    AC19                                              0.000     0.000 r  clk (IN)
                         net (fo=0)                   0.000     0.000    pll.clk_pll/inst/clk_in1
    AC19                 IBUF (Prop_ibuf_I_O)         1.414     1.414 r  pll.clk_pll/inst/clkin1_ibufg/O
                         net (fo=1, routed)           1.531     2.945    pll.clk_pll/inst/clk_in1_clk_pll
    PLLE2_ADV_X0Y2       PLLE2_ADV (Prop_plle2_adv_CLKIN1_CLKOUT0)
                                                     -8.262    -5.316 r  pll.clk_pll/inst/plle2_adv_inst/CLKOUT0
                         net (fo=1, routed)           1.755    -3.561    pll.clk_pll/inst/cpu_clk_clk_pll
    BUFGCTRL_X0Y0        BUFG (Prop_bufg_I_O)         0.091    -3.470 r  pll.clk_pll/inst/clkout1_buf/O
                         net (fo=17726, routed)       1.539    -1.931    cpu/u_regfile/rf_reg_r2_0_31_0_5/WCLK
    SLICE_X56Y156        RAMD32                                       r  cpu/u_regfile/rf_reg_r2_0_31_0_5/RAMA/CLK

Slack:                    inf
  Source:                 switch[5]
                            (input port)
  Destination:            cpu/u_regfile/rf_reg_r1_0_31_0_5/RAMC_D1/I
                            (rising edge-triggered cell RAMD32 clocked by cpu_clk_clk_pll  {rise@0.000ns fall@20.000ns period=40.000ns})
  Path Group:             (none)
  Path Type:              Setup (Max at Slow Process Corner)
  Data Path Delay:        14.038ns  (logic 2.270ns (16.171%)  route 11.768ns (83.829%))
  Logic Levels:           7  (IBUF=1 LUT5=1 LUT6=5)
  Clock Path Skew:        -1.942ns (DCD - SCD + CPR)
    Destination Clock Delay (DCD):    -1.942ns
    Source Clock Delay      (SCD):    0.000ns
    Clock Pessimism Removal (CPR):    0.000ns
  Clock Uncertainty:      0.201ns  ((TSJ^2 + DJ^2)^1/2) / 2 + PE
    Total System Jitter     (TSJ):    0.050ns
    Discrete Jitter          (DJ):    0.183ns
    Phase Error              (PE):    0.105ns

    Location             Delay type                Incr(ns)  Path(ns)    Netlist Resource(s)
  -------------------------------------------------------------------    -------------------
    AC22                                              0.000     0.000 r  switch[5] (IN)
                         net (fo=0)                   0.000     0.000    switch[5]
    AC22                 IBUF (Prop_ibuf_I_O)         1.526     1.526 r  switch_IBUF[5]_inst/O
                         net (fo=2, routed)           6.889     8.415    u_confreg/switch_IBUF[5]
    SLICE_X41Y167        LUT6 (Prop_lut6_I5_O)        0.124     8.539 r  u_confreg/rf_reg_r1_0_31_0_5_i_209/O
                         net (fo=1, routed)           0.505     9.044    u_confreg/rf_reg_r1_0_31_0_5_i_209_n_0
    SLICE_X41Y168        LUT6 (Prop_lut6_I2_O)        0.124     9.168 r  u_confreg/rf_reg_r1_0_31_0_5_i_201/O
                         net (fo=1, routed)           1.311    10.479    u_confreg/rf_reg_r1_0_31_0_5_i_201_n_0
    SLICE_X45Y159        LUT6 (Prop_lut6_I2_O)        0.124    10.603 r  u_confreg/rf_reg_r1_0_31_0_5_i_168/O
                         net (fo=1, routed)           0.149    10.752    u_confreg/rf_reg_r1_0_31_0_5_i_168_n_0
    SLICE_X45Y159        LUT6 (Prop_lut6_I5_O)        0.124    10.876 r  u_confreg/rf_reg_r1_0_31_0_5_i_96/O
                         net (fo=1, routed)           0.590    11.466    u_confreg/rf_reg_r1_0_31_0_5_i_96_n_0
    SLICE_X53Y159        LUT6 (Prop_lut6_I5_O)        0.124    11.590 r  u_confreg/rf_reg_r1_0_31_0_5_i_33/O
                         net (fo=1, routed)           0.744    12.334    cpu/u_regfile/rf_reg_r2_0_31_0_5_1
    SLICE_X53Y155        LUT5 (Prop_lut5_I1_O)        0.124    12.458 r  cpu/u_regfile/rf_reg_r1_0_31_0_5_i_6/O
                         net (fo=2, routed)           1.580    14.038    cpu/u_regfile/rf_reg_r1_0_31_0_5/DIC1
    SLICE_X56Y180        RAMD32                                       r  cpu/u_regfile/rf_reg_r1_0_31_0_5/RAMC_D1/I
  -------------------------------------------------------------------    -------------------

                         (clock cpu_clk_clk_pll rise edge)
                                                      0.000     0.000 r  
    AC19                                              0.000     0.000 r  clk (IN)
                         net (fo=0)                   0.000     0.000    pll.clk_pll/inst/clk_in1
    AC19                 IBUF (Prop_ibuf_I_O)         1.414     1.414 r  pll.clk_pll/inst/clkin1_ibufg/O
                         net (fo=1, routed)           1.531     2.945    pll.clk_pll/inst/clk_in1_clk_pll
    PLLE2_ADV_X0Y2       PLLE2_ADV (Prop_plle2_adv_CLKIN1_CLKOUT0)
                                                     -8.262    -5.316 r  pll.clk_pll/inst/plle2_adv_inst/CLKOUT0
                         net (fo=1, routed)           1.755    -3.561    pll.clk_pll/inst/cpu_clk_clk_pll
    BUFGCTRL_X0Y0        BUFG (Prop_bufg_I_O)         0.091    -3.470 r  pll.clk_pll/inst/clkout1_buf/O
                         net (fo=17726, routed)       1.528    -1.942    cpu/u_regfile/rf_reg_r1_0_31_0_5/WCLK
    SLICE_X56Y180        RAMD32                                       r  cpu/u_regfile/rf_reg_r1_0_31_0_5/RAMC_D1/CLK

Slack:                    inf
  Source:                 btn_key_row[0]
                            (input port)
  Destination:            u_confreg/btn_key_r_reg[11]/D
                            (rising edge-triggered cell FDRE clocked by cpu_clk_clk_pll  {rise@0.000ns fall@20.000ns period=40.000ns})
  Path Group:             (none)
  Path Type:              Setup (Max at Slow Process Corner)
  Data Path Delay:        13.921ns  (logic 2.352ns (16.892%)  route 11.569ns (83.108%))
  Logic Levels:           8  (IBUF=1 LUT4=2 LUT5=2 LUT6=3)
  Clock Path Skew:        -1.844ns (DCD - SCD + CPR)
    Destination Clock Delay (DCD):    -1.844ns
    Source Clock Delay      (SCD):    0.000ns
    Clock Pessimism Removal (CPR):    0.000ns
  Clock Uncertainty:      0.201ns  ((TSJ^2 + DJ^2)^1/2) / 2 + PE
    Total System Jitter     (TSJ):    0.050ns
    Discrete Jitter          (DJ):    0.183ns
    Phase Error              (PE):    0.105ns

    Location             Delay type                Incr(ns)  Path(ns)    Netlist Resource(s)
  -------------------------------------------------------------------    -------------------
    U7                                                0.000     0.000 f  btn_key_row[0] (IN)
                         net (fo=0)                   0.000     0.000    btn_key_row[0]
    U7                   IBUF (Prop_ibuf_I_O)         1.484     1.484 f  btn_key_row_IBUF[0]_inst/O
                         net (fo=33, routed)          7.292     8.775    u_confreg/btn_key_row_IBUF[0]
    SLICE_X39Y151        LUT4 (Prop_lut4_I3_O)        0.124     8.899 f  u_confreg/FSM_onehot_state[1]_i_3/O
                         net (fo=7, routed)           0.897     9.796    u_confreg/key_start1__1
    SLICE_X38Y151        LUT5 (Prop_lut5_I2_O)        0.124     9.920 r  u_confreg/btn_key_r[14]_i_10/O
                         net (fo=1, routed)           0.433    10.353    u_confreg/btn_key_r[14]_i_10_n_0
    SLICE_X38Y151        LUT6 (Prop_lut6_I0_O)        0.124    10.477 r  u_confreg/btn_key_r[14]_i_8/O
                         net (fo=2, routed)           1.012    11.489    u_confreg/btn_key_r[14]_i_8_n_0
    SLICE_X38Y152        LUT5 (Prop_lut5_I4_O)        0.124    11.613 r  u_confreg/btn_key_r[14]_i_3/O
                         net (fo=18, routed)          0.864    12.477    u_confreg/btn_key_r0
    SLICE_X39Y154        LUT4 (Prop_lut4_I2_O)        0.124    12.601 r  u_confreg/btn_key_r[11]_i_5/O
                         net (fo=2, routed)           0.622    13.223    u_confreg/btn_key_r[11]_i_5_n_0
    SLICE_X38Y154        LUT6 (Prop_lut6_I1_O)        0.124    13.347 r  u_confreg/btn_key_r[11]_i_3/O
                         net (fo=1, routed)           0.450    13.797    u_confreg/btn_key_r[11]_i_3_n_0
    SLICE_X39Y154        LUT6 (Prop_lut6_I2_O)        0.124    13.921 r  u_confreg/btn_key_r[11]_i_1/O
                         net (fo=1, routed)           0.000    13.921    u_confreg/btn_key_r[11]_i_1_n_0
    SLICE_X39Y154        FDRE                                         r  u_confreg/btn_key_r_reg[11]/D
  -------------------------------------------------------------------    -------------------

                         (clock cpu_clk_clk_pll rise edge)
                                                      0.000     0.000 r  
    AC19                                              0.000     0.000 r  clk (IN)
                         net (fo=0)                   0.000     0.000    pll.clk_pll/inst/clk_in1
    AC19                 IBUF (Prop_ibuf_I_O)         1.414     1.414 r  pll.clk_pll/inst/clkin1_ibufg/O
                         net (fo=1, routed)           1.531     2.945    pll.clk_pll/inst/clk_in1_clk_pll
    PLLE2_ADV_X0Y2       PLLE2_ADV (Prop_plle2_adv_CLKIN1_CLKOUT0)
                                                     -8.262    -5.316 r  pll.clk_pll/inst/plle2_adv_inst/CLKOUT0
                         net (fo=1, routed)           1.755    -3.561    pll.clk_pll/inst/cpu_clk_clk_pll
    BUFGCTRL_X0Y0        BUFG (Prop_bufg_I_O)         0.091    -3.470 r  pll.clk_pll/inst/clkout1_buf/O
                         net (fo=17726, routed)       1.626    -1.844    u_confreg/cpu_clk
    SLICE_X39Y154        FDRE                                         r  u_confreg/btn_key_r_reg[11]/C

Slack:                    inf
  Source:                 btn_key_row[0]
                            (input port)
  Destination:            u_confreg/btn_key_r_reg[3]/D
                            (rising edge-triggered cell FDRE clocked by cpu_clk_clk_pll  {rise@0.000ns fall@20.000ns period=40.000ns})
  Path Group:             (none)
  Path Type:              Setup (Max at Slow Process Corner)
  Data Path Delay:        13.791ns  (logic 2.228ns (16.151%)  route 11.564ns (83.849%))
  Logic Levels:           7  (IBUF=1 LUT2=1 LUT4=1 LUT5=2 LUT6=2)
  Clock Path Skew:        -1.843ns (DCD - SCD + CPR)
    Destination Clock Delay (DCD):    -1.843ns
    Source Clock Delay      (SCD):    0.000ns
    Clock Pessimism Removal (CPR):    0.000ns
  Clock Uncertainty:      0.201ns  ((TSJ^2 + DJ^2)^1/2) / 2 + PE
    Total System Jitter     (TSJ):    0.050ns
    Discrete Jitter          (DJ):    0.183ns
    Phase Error              (PE):    0.105ns

    Location             Delay type                Incr(ns)  Path(ns)    Netlist Resource(s)
  -------------------------------------------------------------------    -------------------
    U7                                                0.000     0.000 r  btn_key_row[0] (IN)
                         net (fo=0)                   0.000     0.000    btn_key_row[0]
    U7                   IBUF (Prop_ibuf_I_O)         1.484     1.484 r  btn_key_row_IBUF[0]_inst/O
                         net (fo=33, routed)          7.292     8.775    u_confreg/btn_key_row_IBUF[0]
    SLICE_X39Y151        LUT4 (Prop_lut4_I3_O)        0.124     8.899 r  u_confreg/FSM_onehot_state[1]_i_3/O
                         net (fo=7, routed)           0.897     9.796    u_confreg/key_start1__1
    SLICE_X38Y151        LUT5 (Prop_lut5_I2_O)        0.124     9.920 f  u_confreg/btn_key_r[14]_i_10/O
                         net (fo=1, routed)           0.433    10.353    u_confreg/btn_key_r[14]_i_10_n_0
    SLICE_X38Y151        LUT6 (Prop_lut6_I0_O)        0.124    10.477 f  u_confreg/btn_key_r[14]_i_8/O
                         net (fo=2, routed)           1.012    11.489    u_confreg/btn_key_r[14]_i_8_n_0
    SLICE_X38Y152        LUT5 (Prop_lut5_I4_O)        0.124    11.613 f  u_confreg/btn_key_r[14]_i_3/O
                         net (fo=18, routed)          1.026    12.639    u_confreg/btn_key_r0
    SLICE_X37Y154        LUT2 (Prop_lut2_I0_O)        0.124    12.763 f  u_confreg/btn_key_r[15]_i_2/O
                         net (fo=6, routed)           0.905    13.667    u_confreg/btn_key_r[15]_i_2_n_0
    SLICE_X39Y152        LUT6 (Prop_lut6_I4_O)        0.124    13.791 r  u_confreg/btn_key_r[3]_i_1/O
                         net (fo=1, routed)           0.000    13.791    u_confreg/btn_key_r[3]_i_1_n_0
    SLICE_X39Y152        FDRE                                         r  u_confreg/btn_key_r_reg[3]/D
  -------------------------------------------------------------------    -------------------

                         (clock cpu_clk_clk_pll rise edge)
                                                      0.000     0.000 r  
    AC19                                              0.000     0.000 r  clk (IN)
                         net (fo=0)                   0.000     0.000    pll.clk_pll/inst/clk_in1
    AC19                 IBUF (Prop_ibuf_I_O)         1.414     1.414 r  pll.clk_pll/inst/clkin1_ibufg/O
                         net (fo=1, routed)           1.531     2.945    pll.clk_pll/inst/clk_in1_clk_pll
    PLLE2_ADV_X0Y2       PLLE2_ADV (Prop_plle2_adv_CLKIN1_CLKOUT0)
                                                     -8.262    -5.316 r  pll.clk_pll/inst/plle2_adv_inst/CLKOUT0
                         net (fo=1, routed)           1.755    -3.561    pll.clk_pll/inst/cpu_clk_clk_pll
    BUFGCTRL_X0Y0        BUFG (Prop_bufg_I_O)         0.091    -3.470 r  pll.clk_pll/inst/clkout1_buf/O
                         net (fo=17726, routed)       1.627    -1.843    u_confreg/cpu_clk
    SLICE_X39Y152        FDRE                                         r  u_confreg/btn_key_r_reg[3]/C

Slack:                    inf
  Source:                 switch[2]
                            (input port)
  Destination:            cpu/u_regfile/rf_reg_r1_0_31_0_5/RAMB/I
                            (rising edge-triggered cell RAMD32 clocked by cpu_clk_clk_pll  {rise@0.000ns fall@20.000ns period=40.000ns})
  Path Group:             (none)
  Path Type:              Setup (Max at Slow Process Corner)
  Data Path Delay:        13.774ns  (logic 2.233ns (16.212%)  route 11.541ns (83.788%))
  Logic Levels:           7  (IBUF=1 LUT6=6)
  Clock Path Skew:        -1.942ns (DCD - SCD + CPR)
    Destination Clock Delay (DCD):    -1.942ns
    Source Clock Delay      (SCD):    0.000ns
    Clock Pessimism Removal (CPR):    0.000ns
  Clock Uncertainty:      0.201ns  ((TSJ^2 + DJ^2)^1/2) / 2 + PE
    Total System Jitter     (TSJ):    0.050ns
    Discrete Jitter          (DJ):    0.183ns
    Phase Error              (PE):    0.105ns

    Location             Delay type                Incr(ns)  Path(ns)    Netlist Resource(s)
  -------------------------------------------------------------------    -------------------
    W6                                                0.000     0.000 r  switch[2] (IN)
                         net (fo=0)                   0.000     0.000    switch[2]
    W6                   IBUF (Prop_ibuf_I_O)         1.489     1.489 r  switch_IBUF[2]_inst/O
                         net (fo=2, routed)           7.030     8.519    u_confreg/switch_IBUF[2]
    SLICE_X39Y156        LUT6 (Prop_lut6_I5_O)        0.124     8.643 r  u_confreg/rf_reg_r1_0_31_0_5_i_208/O
                         net (fo=1, routed)           0.420     9.063    u_confreg/rf_reg_r1_0_31_0_5_i_208_n_0
    SLICE_X38Y157        LUT6 (Prop_lut6_I2_O)        0.124     9.187 r  u_confreg/rf_reg_r1_0_31_0_5_i_199/O
                         net (fo=1, routed)           0.656     9.843    u_confreg/rf_reg_r1_0_31_0_5_i_199_n_0
    SLICE_X39Y157        LUT6 (Prop_lut6_I2_O)        0.124     9.967 r  u_confreg/rf_reg_r1_0_31_0_5_i_166/O
                         net (fo=1, routed)           0.783    10.750    u_confreg/rf_reg_r1_0_31_0_5_i_166_n_0
    SLICE_X45Y157        LUT6 (Prop_lut6_I5_O)        0.124    10.874 r  u_confreg/rf_reg_r1_0_31_0_5_i_95/O
                         net (fo=1, routed)           0.855    11.729    u_confreg/rf_reg_r1_0_31_0_5_i_95_n_0
    SLICE_X51Y159        LUT6 (Prop_lut6_I5_O)        0.124    11.853 r  u_confreg/rf_reg_r1_0_31_0_5_i_31/O
                         net (fo=1, routed)           0.568    12.421    cpu/u_regfile/rf_reg_r2_0_31_0_5_3
    SLICE_X53Y156        LUT6 (Prop_lut6_I5_O)        0.124    12.545 r  cpu/u_regfile/rf_reg_r1_0_31_0_5_i_5/O
                         net (fo=2, routed)           1.229    13.774    cpu/u_regfile/rf_reg_r1_0_31_0_5/DIB0
    SLICE_X56Y180        RAMD32                                       r  cpu/u_regfile/rf_reg_r1_0_31_0_5/RAMB/I
  -------------------------------------------------------------------    -------------------

                         (clock cpu_clk_clk_pll rise edge)
                                                      0.000     0.000 r  
    AC19                                              0.000     0.000 r  clk (IN)
                         net (fo=0)                   0.000     0.000    pll.clk_pll/inst/clk_in1
    AC19                 IBUF (Prop_ibuf_I_O)         1.414     1.414 r  pll.clk_pll/inst/clkin1_ibufg/O
                         net (fo=1, routed)           1.531     2.945    pll.clk_pll/inst/clk_in1_clk_pll
    PLLE2_ADV_X0Y2       PLLE2_ADV (Prop_plle2_adv_CLKIN1_CLKOUT0)
                                                     -8.262    -5.316 r  pll.clk_pll/inst/plle2_adv_inst/CLKOUT0
                         net (fo=1, routed)           1.755    -3.561    pll.clk_pll/inst/cpu_clk_clk_pll
    BUFGCTRL_X0Y0        BUFG (Prop_bufg_I_O)         0.091    -3.470 r  pll.clk_pll/inst/clkout1_buf/O
                         net (fo=17726, routed)       1.528    -1.942    cpu/u_regfile/rf_reg_r1_0_31_0_5/WCLK
    SLICE_X56Y180        RAMD32                                       r  cpu/u_regfile/rf_reg_r1_0_31_0_5/RAMB/CLK

Slack:                    inf
  Source:                 btn_key_row[0]
                            (input port)
  Destination:            u_confreg/btn_key_r_reg[15]/D
                            (rising edge-triggered cell FDRE clocked by cpu_clk_clk_pll  {rise@0.000ns fall@20.000ns period=40.000ns})
  Path Group:             (none)
  Path Type:              Setup (Max at Slow Process Corner)
  Data Path Delay:        13.739ns  (logic 2.228ns (16.213%)  route 11.511ns (83.787%))
  Logic Levels:           7  (IBUF=1 LUT2=1 LUT4=1 LUT5=3 LUT6=1)
  Clock Path Skew:        -1.844ns (DCD - SCD + CPR)
    Destination Clock Delay (DCD):    -1.844ns
    Source Clock Delay      (SCD):    0.000ns
    Clock Pessimism Removal (CPR):    0.000ns
  Clock Uncertainty:      0.201ns  ((TSJ^2 + DJ^2)^1/2) / 2 + PE
    Total System Jitter     (TSJ):    0.050ns
    Discrete Jitter          (DJ):    0.183ns
    Phase Error              (PE):    0.105ns

    Location             Delay type                Incr(ns)  Path(ns)    Netlist Resource(s)
  -------------------------------------------------------------------    -------------------
    U7                                                0.000     0.000 r  btn_key_row[0] (IN)
                         net (fo=0)                   0.000     0.000    btn_key_row[0]
    U7                   IBUF (Prop_ibuf_I_O)         1.484     1.484 r  btn_key_row_IBUF[0]_inst/O
                         net (fo=33, routed)          7.292     8.775    u_confreg/btn_key_row_IBUF[0]
    SLICE_X39Y151        LUT4 (Prop_lut4_I3_O)        0.124     8.899 r  u_confreg/FSM_onehot_state[1]_i_3/O
                         net (fo=7, routed)           0.897     9.796    u_confreg/key_start1__1
    SLICE_X38Y151        LUT5 (Prop_lut5_I2_O)        0.124     9.920 f  u_confreg/btn_key_r[14]_i_10/O
                         net (fo=1, routed)           0.433    10.353    u_confreg/btn_key_r[14]_i_10_n_0
    SLICE_X38Y151        LUT6 (Prop_lut6_I0_O)        0.124    10.477 f  u_confreg/btn_key_r[14]_i_8/O
                         net (fo=2, routed)           1.012    11.489    u_confreg/btn_key_r[14]_i_8_n_0
    SLICE_X38Y152        LUT5 (Prop_lut5_I4_O)        0.124    11.613 f  u_confreg/btn_key_r[14]_i_3/O
                         net (fo=18, routed)          1.026    12.639    u_confreg/btn_key_r0
    SLICE_X37Y154        LUT2 (Prop_lut2_I0_O)        0.124    12.763 f  u_confreg/btn_key_r[15]_i_2/O
                         net (fo=6, routed)           0.852    13.615    u_confreg/btn_key_r[15]_i_2_n_0
    SLICE_X38Y154        LUT5 (Prop_lut5_I0_O)        0.124    13.739 r  u_confreg/btn_key_r[15]_i_1/O
                         net (fo=1, routed)           0.000    13.739    u_confreg/btn_key_r[15]_i_1_n_0
    SLICE_X38Y154        FDRE                                         r  u_confreg/btn_key_r_reg[15]/D
  -------------------------------------------------------------------    -------------------

                         (clock cpu_clk_clk_pll rise edge)
                                                      0.000     0.000 r  
    AC19                                              0.000     0.000 r  clk (IN)
                         net (fo=0)                   0.000     0.000    pll.clk_pll/inst/clk_in1
    AC19                 IBUF (Prop_ibuf_I_O)         1.414     1.414 r  pll.clk_pll/inst/clkin1_ibufg/O
                         net (fo=1, routed)           1.531     2.945    pll.clk_pll/inst/clk_in1_clk_pll
    PLLE2_ADV_X0Y2       PLLE2_ADV (Prop_plle2_adv_CLKIN1_CLKOUT0)
                                                     -8.262    -5.316 r  pll.clk_pll/inst/plle2_adv_inst/CLKOUT0
                         net (fo=1, routed)           1.755    -3.561    pll.clk_pll/inst/cpu_clk_clk_pll
    BUFGCTRL_X0Y0        BUFG (Prop_bufg_I_O)         0.091    -3.470 r  pll.clk_pll/inst/clkout1_buf/O
                         net (fo=17726, routed)       1.626    -1.844    u_confreg/cpu_clk
    SLICE_X38Y154        FDRE                                         r  u_confreg/btn_key_r_reg[15]/C





Min Delay Paths
--------------------------------------------------------------------------------------
Slack:                    inf
  Source:                 btn_step[0]
                            (input port)
  Destination:            u_confreg/btn_step0_r_reg/D
                            (rising edge-triggered cell FDSE clocked by cpu_clk_clk_pll  {rise@0.000ns fall@20.000ns period=40.000ns})
  Path Group:             (none)
  Path Type:              Hold (Min at Fast Process Corner)
  Data Path Delay:        2.879ns  (logic 0.251ns (8.732%)  route 2.627ns (91.268%))
  Logic Levels:           1  (IBUF=1)
  Clock Path Skew:        -0.293ns (DCD - SCD - CPR)
    Destination Clock Delay (DCD):    -0.293ns
    Source Clock Delay      (SCD):    0.000ns
    Clock Pessimism Removal (CPR):    -0.000ns

    Location             Delay type                Incr(ns)  Path(ns)    Netlist Resource(s)
  -------------------------------------------------------------------    -------------------
    Y5                                                0.000     0.000 r  btn_step[0] (IN)
                         net (fo=0)                   0.000     0.000    btn_step[0]
    Y5                   IBUF (Prop_ibuf_I_O)         0.251     0.251 r  btn_step_IBUF[0]_inst/O
                         net (fo=2, routed)           2.627     2.879    u_confreg/btn_step_IBUF[0]
    SLICE_X43Y149        FDSE                                         r  u_confreg/btn_step0_r_reg/D
  -------------------------------------------------------------------    -------------------

                         (clock cpu_clk_clk_pll rise edge)
                                                      0.000     0.000 r  
    AC19                                              0.000     0.000 r  clk (IN)
                         net (fo=0)                   0.000     0.000    pll.clk_pll/inst/clk_in1
    AC19                 IBUF (Prop_ibuf_I_O)         0.441     0.441 r  pll.clk_pll/inst/clkin1_ibufg/O
                         net (fo=1, routed)           0.620     1.061    pll.clk_pll/inst/clk_in1_clk_pll
    PLLE2_ADV_X0Y2       PLLE2_ADV (Prop_plle2_adv_CLKIN1_CLKOUT0)
                                                     -2.851    -1.790 r  pll.clk_pll/inst/plle2_adv_inst/CLKOUT0
                         net (fo=1, routed)           0.611    -1.180    pll.clk_pll/inst/cpu_clk_clk_pll
    BUFGCTRL_X0Y0        BUFG (Prop_bufg_I_O)         0.029    -1.151 r  pll.clk_pll/inst/clkout1_buf/O
                         net (fo=17726, routed)       0.858    -0.293    u_confreg/cpu_clk
    SLICE_X43Y149        FDSE                                         r  u_confreg/btn_step0_r_reg/C

Slack:                    inf
  Source:                 btn_key_row[1]
                            (input port)
  Destination:            u_confreg/FSM_onehot_state_reg[5]/D
                            (rising edge-triggered cell FDRE clocked by cpu_clk_clk_pll  {rise@0.000ns fall@20.000ns period=40.000ns})
  Path Group:             (none)
  Path Type:              Hold (Min at Fast Process Corner)
  Data Path Delay:        3.047ns  (logic 0.277ns (9.092%)  route 2.770ns (90.908%))
  Logic Levels:           2  (IBUF=1 LUT6=1)
  Clock Path Skew:        -0.264ns (DCD - SCD - CPR)
    Destination Clock Delay (DCD):    -0.264ns
    Source Clock Delay      (SCD):    0.000ns
    Clock Pessimism Removal (CPR):    -0.000ns

    Location             Delay type                Incr(ns)  Path(ns)    Netlist Resource(s)
  -------------------------------------------------------------------    -------------------
    W8                                                0.000     0.000 f  btn_key_row[1] (IN)
                         net (fo=0)                   0.000     0.000    btn_key_row[1]
    W8                   IBUF (Prop_ibuf_I_O)         0.232     0.232 f  btn_key_row_IBUF[1]_inst/O
                         net (fo=33, routed)          2.770     3.002    u_confreg/btn_key_row_IBUF[1]
    SLICE_X38Y150        LUT6 (Prop_lut6_I3_O)        0.045     3.047 r  u_confreg/FSM_onehot_state[5]_i_1/O
                         net (fo=1, routed)           0.000     3.047    u_confreg/FSM_onehot_state[5]_i_1_n_0
    SLICE_X38Y150        FDRE                                         r  u_confreg/FSM_onehot_state_reg[5]/D
  -------------------------------------------------------------------    -------------------

                         (clock cpu_clk_clk_pll rise edge)
                                                      0.000     0.000 r  
    AC19                                              0.000     0.000 r  clk (IN)
                         net (fo=0)                   0.000     0.000    pll.clk_pll/inst/clk_in1
    AC19                 IBUF (Prop_ibuf_I_O)         0.441     0.441 r  pll.clk_pll/inst/clkin1_ibufg/O
                         net (fo=1, routed)           0.620     1.061    pll.clk_pll/inst/clk_in1_clk_pll
    PLLE2_ADV_X0Y2       PLLE2_ADV (Prop_plle2_adv_CLKIN1_CLKOUT0)
                                                     -2.851    -1.790 r  pll.clk_pll/inst/plle2_adv_inst/CLKOUT0
                         net (fo=1, routed)           0.611    -1.180    pll.clk_pll/inst/cpu_clk_clk_pll
    BUFGCTRL_X0Y0        BUFG (Prop_bufg_I_O)         0.029    -1.151 r  pll.clk_pll/inst/clkout1_buf/O
                         net (fo=17726, routed)       0.887    -0.264    u_confreg/cpu_clk
    SLICE_X38Y150        FDRE                                         r  u_confreg/FSM_onehot_state_reg[5]/C

Slack:                    inf
  Source:                 btn_step[0]
                            (input port)
  Destination:            u_confreg/step0_flag_reg/D
                            (rising edge-triggered cell FDRE clocked by cpu_clk_clk_pll  {rise@0.000ns fall@20.000ns period=40.000ns})
  Path Group:             (none)
  Path Type:              Hold (Min at Fast Process Corner)
  Data Path Delay:        3.137ns  (logic 0.296ns (9.447%)  route 2.841ns (90.553%))
  Logic Levels:           2  (IBUF=1 LUT5=1)
  Clock Path Skew:        -0.262ns (DCD - SCD - CPR)
    Destination Clock Delay (DCD):    -0.262ns
    Source Clock Delay      (SCD):    0.000ns
    Clock Pessimism Removal (CPR):    -0.000ns

    Location             Delay type                Incr(ns)  Path(ns)    Netlist Resource(s)
  -------------------------------------------------------------------    -------------------
    Y5                                                0.000     0.000 r  btn_step[0] (IN)
                         net (fo=0)                   0.000     0.000    btn_step[0]
    Y5                   IBUF (Prop_ibuf_I_O)         0.251     0.251 r  btn_step_IBUF[0]_inst/O
                         net (fo=2, routed)           2.841     3.092    u_confreg/btn_step_IBUF[0]
    SLICE_X39Y149        LUT5 (Prop_lut5_I2_O)        0.045     3.137 r  u_confreg/step0_flag_i_1/O
                         net (fo=1, routed)           0.000     3.137    u_confreg/step0_flag_i_1_n_0
    SLICE_X39Y149        FDRE                                         r  u_confreg/step0_flag_reg/D
  -------------------------------------------------------------------    -------------------

                         (clock cpu_clk_clk_pll rise edge)
                                                      0.000     0.000 r  
    AC19                                              0.000     0.000 r  clk (IN)
                         net (fo=0)                   0.000     0.000    pll.clk_pll/inst/clk_in1
    AC19                 IBUF (Prop_ibuf_I_O)         0.441     0.441 r  pll.clk_pll/inst/clkin1_ibufg/O
                         net (fo=1, routed)           0.620     1.061    pll.clk_pll/inst/clk_in1_clk_pll
    PLLE2_ADV_X0Y2       PLLE2_ADV (Prop_plle2_adv_CLKIN1_CLKOUT0)
                                                     -2.851    -1.790 r  pll.clk_pll/inst/plle2_adv_inst/CLKOUT0
                         net (fo=1, routed)           0.611    -1.180    pll.clk_pll/inst/cpu_clk_clk_pll
    BUFGCTRL_X0Y0        BUFG (Prop_bufg_I_O)         0.029    -1.151 r  pll.clk_pll/inst/clkout1_buf/O
                         net (fo=17726, routed)       0.889    -0.262    u_confreg/cpu_clk
    SLICE_X39Y149        FDRE                                         r  u_confreg/step0_flag_reg/C

Slack:                    inf
  Source:                 switch[4]
                            (input port)
  Destination:            cpu/u_regfile/rf_reg_r1_0_31_6_11/RAMB_D1/I
                            (rising edge-triggered cell RAMD32 clocked by cpu_clk_clk_pll  {rise@0.000ns fall@20.000ns period=40.000ns})
  Path Group:             (none)
  Path Type:              Hold (Min at Fast Process Corner)
  Data Path Delay:        3.255ns  (logic 0.388ns (11.910%)  route 2.868ns (88.090%))
  Logic Levels:           3  (IBUF=1 LUT5=1 LUT6=1)
  Clock Path Skew:        -0.298ns (DCD - SCD - CPR)
    Destination Clock Delay (DCD):    -0.298ns
    Source Clock Delay      (SCD):    0.000ns
    Clock Pessimism Removal (CPR):    -0.000ns

    Location             Delay type                Incr(ns)  Path(ns)    Netlist Resource(s)
  -------------------------------------------------------------------    -------------------
    AC23                                              0.000     0.000 r  switch[4] (IN)
                         net (fo=0)                   0.000     0.000    switch[4]
    AC23                 IBUF (Prop_ibuf_I_O)         0.298     0.298 r  switch_IBUF[4]_inst/O
                         net (fo=2, routed)           2.544     2.841    u_confreg/switch_IBUF[4]
    SLICE_X50Y155        LUT5 (Prop_lut5_I1_O)        0.045     2.886 r  u_confreg/rf_reg_r1_0_31_6_11_i_16/O
                         net (fo=1, routed)           0.097     2.983    cpu/u_regfile/rf_reg_r2_0_31_6_11_1
    SLICE_X53Y155        LUT6 (Prop_lut6_I5_O)        0.045     3.028 r  cpu/u_regfile/rf_reg_r1_0_31_6_11_i_3/O
                         net (fo=2, routed)           0.227     3.255    cpu/u_regfile/rf_reg_r1_0_31_6_11/DIB1
    SLICE_X56Y157        RAMD32                                       r  cpu/u_regfile/rf_reg_r1_0_31_6_11/RAMB_D1/I
  -------------------------------------------------------------------    -------------------

                         (clock cpu_clk_clk_pll rise edge)
                                                      0.000     0.000 r  
    AC19                                              0.000     0.000 r  clk (IN)
                         net (fo=0)                   0.000     0.000    pll.clk_pll/inst/clk_in1
    AC19                 IBUF (Prop_ibuf_I_O)         0.441     0.441 r  pll.clk_pll/inst/clkin1_ibufg/O
                         net (fo=1, routed)           0.620     1.061    pll.clk_pll/inst/clk_in1_clk_pll
    PLLE2_ADV_X0Y2       PLLE2_ADV (Prop_plle2_adv_CLKIN1_CLKOUT0)
                                                     -2.851    -1.790 r  pll.clk_pll/inst/plle2_adv_inst/CLKOUT0
                         net (fo=1, routed)           0.611    -1.180    pll.clk_pll/inst/cpu_clk_clk_pll
    BUFGCTRL_X0Y0        BUFG (Prop_bufg_I_O)         0.029    -1.151 r  pll.clk_pll/inst/clkout1_buf/O
                         net (fo=17726, routed)       0.852    -0.298    cpu/u_regfile/rf_reg_r1_0_31_6_11/WCLK
    SLICE_X56Y157        RAMD32                                       r  cpu/u_regfile/rf_reg_r1_0_31_6_11/RAMB_D1/CLK

Slack:                    inf
  Source:                 btn_key_row[1]
                            (input port)
  Destination:            u_confreg/key_flag_reg/D
                            (rising edge-triggered cell FDRE clocked by cpu_clk_clk_pll  {rise@0.000ns fall@20.000ns period=40.000ns})
  Path Group:             (none)
  Path Type:              Hold (Min at Fast Process Corner)
  Data Path Delay:        3.266ns  (logic 0.322ns (9.863%)  route 2.943ns (90.137%))
  Logic Levels:           3  (IBUF=1 LUT5=1 LUT6=1)
  Clock Path Skew:        -0.262ns (DCD - SCD - CPR)
    Destination Clock Delay (DCD):    -0.262ns
    Source Clock Delay      (SCD):    0.000ns
    Clock Pessimism Removal (CPR):    -0.000ns

    Location             Delay type                Incr(ns)  Path(ns)    Netlist Resource(s)
  -------------------------------------------------------------------    -------------------
    W8                                                0.000     0.000 r  btn_key_row[1] (IN)
                         net (fo=0)                   0.000     0.000    btn_key_row[1]
    W8                   IBUF (Prop_ibuf_I_O)         0.232     0.232 r  btn_key_row_IBUF[1]_inst/O
                         net (fo=33, routed)          2.771     3.003    u_confreg/btn_key_row_IBUF[1]
    SLICE_X38Y150        LUT6 (Prop_lut6_I3_O)        0.045     3.048 r  u_confreg/key_flag_i_2/O
                         net (fo=1, routed)           0.172     3.221    u_confreg/key_flag_i_2_n_0
    SLICE_X39Y149        LUT5 (Prop_lut5_I1_O)        0.045     3.266 r  u_confreg/key_flag_i_1/O
                         net (fo=1, routed)           0.000     3.266    u_confreg/key_flag_i_1_n_0
    SLICE_X39Y149        FDRE                                         r  u_confreg/key_flag_reg/D
  -------------------------------------------------------------------    -------------------

                         (clock cpu_clk_clk_pll rise edge)
                                                      0.000     0.000 r  
    AC19                                              0.000     0.000 r  clk (IN)
                         net (fo=0)                   0.000     0.000    pll.clk_pll/inst/clk_in1
    AC19                 IBUF (Prop_ibuf_I_O)         0.441     0.441 r  pll.clk_pll/inst/clkin1_ibufg/O
                         net (fo=1, routed)           0.620     1.061    pll.clk_pll/inst/clk_in1_clk_pll
    PLLE2_ADV_X0Y2       PLLE2_ADV (Prop_plle2_adv_CLKIN1_CLKOUT0)
                                                     -2.851    -1.790 r  pll.clk_pll/inst/plle2_adv_inst/CLKOUT0
                         net (fo=1, routed)           0.611    -1.180    pll.clk_pll/inst/cpu_clk_clk_pll
    BUFGCTRL_X0Y0        BUFG (Prop_bufg_I_O)         0.029    -1.151 r  pll.clk_pll/inst/clkout1_buf/O
                         net (fo=17726, routed)       0.889    -0.262    u_confreg/cpu_clk
    SLICE_X39Y149        FDRE                                         r  u_confreg/key_flag_reg/C

Slack:                    inf
  Source:                 btn_key_row[2]
                            (input port)
  Destination:            u_confreg/FSM_onehot_state_reg[1]/D
                            (rising edge-triggered cell FDRE clocked by cpu_clk_clk_pll  {rise@0.000ns fall@20.000ns period=40.000ns})
  Path Group:             (none)
  Path Type:              Hold (Min at Fast Process Corner)
  Data Path Delay:        3.287ns  (logic 0.332ns (10.089%)  route 2.955ns (89.911%))
  Logic Levels:           3  (IBUF=1 LUT4=1 LUT6=1)
  Clock Path Skew:        -0.264ns (DCD - SCD - CPR)
    Destination Clock Delay (DCD):    -0.264ns
    Source Clock Delay      (SCD):    0.000ns
    Clock Pessimism Removal (CPR):    -0.000ns

    Location             Delay type                Incr(ns)  Path(ns)    Netlist Resource(s)
  -------------------------------------------------------------------    -------------------
    Y7                                                0.000     0.000 f  btn_key_row[2] (IN)
                         net (fo=0)                   0.000     0.000    btn_key_row[2]
    Y7                   IBUF (Prop_ibuf_I_O)         0.242     0.242 f  btn_key_row_IBUF[2]_inst/O
                         net (fo=33, routed)          2.788     3.029    u_confreg/btn_key_row_IBUF[2]
    SLICE_X39Y151        LUT4 (Prop_lut4_I1_O)        0.045     3.074 f  u_confreg/FSM_onehot_state[1]_i_3/O
                         net (fo=7, routed)           0.167     3.242    u_confreg/key_start1__1
    SLICE_X38Y151        LUT6 (Prop_lut6_I4_O)        0.045     3.287 r  u_confreg/FSM_onehot_state[1]_i_1/O
                         net (fo=1, routed)           0.000     3.287    u_confreg/FSM_onehot_state[1]_i_1_n_0
    SLICE_X38Y151        FDRE                                         r  u_confreg/FSM_onehot_state_reg[1]/D
  -------------------------------------------------------------------    -------------------

                         (clock cpu_clk_clk_pll rise edge)
                                                      0.000     0.000 r  
    AC19                                              0.000     0.000 r  clk (IN)
                         net (fo=0)                   0.000     0.000    pll.clk_pll/inst/clk_in1
    AC19                 IBUF (Prop_ibuf_I_O)         0.441     0.441 r  pll.clk_pll/inst/clkin1_ibufg/O
                         net (fo=1, routed)           0.620     1.061    pll.clk_pll/inst/clk_in1_clk_pll
    PLLE2_ADV_X0Y2       PLLE2_ADV (Prop_plle2_adv_CLKIN1_CLKOUT0)
                                                     -2.851    -1.790 r  pll.clk_pll/inst/plle2_adv_inst/CLKOUT0
                         net (fo=1, routed)           0.611    -1.180    pll.clk_pll/inst/cpu_clk_clk_pll
    BUFGCTRL_X0Y0        BUFG (Prop_bufg_I_O)         0.029    -1.151 r  pll.clk_pll/inst/clkout1_buf/O
                         net (fo=17726, routed)       0.887    -0.264    u_confreg/cpu_clk
    SLICE_X38Y151        FDRE                                         r  u_confreg/FSM_onehot_state_reg[1]/C

Slack:                    inf
  Source:                 resetn
                            (input port)
  Destination:            cpu_resetn_reg/D
                            (rising edge-triggered cell FDRE clocked by cpu_clk_clk_pll  {rise@0.000ns fall@20.000ns period=40.000ns})
  Path Group:             (none)
  Path Type:              Hold (Min at Fast Process Corner)
  Data Path Delay:        3.306ns  (logic 0.272ns (8.242%)  route 3.033ns (91.758%))
  Logic Levels:           1  (IBUF=1)
  Clock Path Skew:        -0.293ns (DCD - SCD - CPR)
    Destination Clock Delay (DCD):    -0.293ns
    Source Clock Delay      (SCD):    0.000ns
    Clock Pessimism Removal (CPR):    -0.000ns

    Location             Delay type                Incr(ns)  Path(ns)    Netlist Resource(s)
  -------------------------------------------------------------------    -------------------
    Y3                                                0.000     0.000 r  resetn (IN)
                         net (fo=0)                   0.000     0.000    resetn
    Y3                   IBUF (Prop_ibuf_I_O)         0.272     0.272 r  resetn_IBUF_inst/O
                         net (fo=1, routed)           3.033     3.306    resetn_IBUF
    SLICE_X45Y149        FDRE                                         r  cpu_resetn_reg/D
  -------------------------------------------------------------------    -------------------

                         (clock cpu_clk_clk_pll rise edge)
                                                      0.000     0.000 r  
    AC19                                              0.000     0.000 r  clk (IN)
                         net (fo=0)                   0.000     0.000    pll.clk_pll/inst/clk_in1
    AC19                 IBUF (Prop_ibuf_I_O)         0.441     0.441 r  pll.clk_pll/inst/clkin1_ibufg/O
                         net (fo=1, routed)           0.620     1.061    pll.clk_pll/inst/clk_in1_clk_pll
    PLLE2_ADV_X0Y2       PLLE2_ADV (Prop_plle2_adv_CLKIN1_CLKOUT0)
                                                     -2.851    -1.790 r  pll.clk_pll/inst/plle2_adv_inst/CLKOUT0
                         net (fo=1, routed)           0.611    -1.180    pll.clk_pll/inst/cpu_clk_clk_pll
    BUFGCTRL_X0Y0        BUFG (Prop_bufg_I_O)         0.029    -1.151 r  pll.clk_pll/inst/clkout1_buf/O
                         net (fo=17726, routed)       0.858    -0.293    cpu_clk
    SLICE_X45Y149        FDRE                                         r  cpu_resetn_reg/C

Slack:                    inf
  Source:                 btn_key_row[2]
                            (input port)
  Destination:            u_confreg/FSM_onehot_state_reg[3]/D
                            (rising edge-triggered cell FDRE clocked by cpu_clk_clk_pll  {rise@0.000ns fall@20.000ns period=40.000ns})
  Path Group:             (none)
  Path Type:              Hold (Min at Fast Process Corner)
  Data Path Delay:        3.364ns  (logic 0.287ns (8.520%)  route 3.077ns (91.480%))
  Logic Levels:           2  (IBUF=1 LUT5=1)
  Clock Path Skew:        -0.265ns (DCD - SCD - CPR)
    Destination Clock Delay (DCD):    -0.265ns
    Source Clock Delay      (SCD):    0.000ns
    Clock Pessimism Removal (CPR):    -0.000ns

    Location             Delay type                Incr(ns)  Path(ns)    Netlist Resource(s)
  -------------------------------------------------------------------    -------------------
    Y7                                                0.000     0.000 r  btn_key_row[2] (IN)
                         net (fo=0)                   0.000     0.000    btn_key_row[2]
    Y7                   IBUF (Prop_ibuf_I_O)         0.242     0.242 r  btn_key_row_IBUF[2]_inst/O
                         net (fo=33, routed)          2.879     3.121    u_confreg/btn_key_row_IBUF[2]
    SLICE_X37Y153        LUT5 (Prop_lut5_I3_O)        0.045     3.166 r  u_confreg/FSM_onehot_state[3]_i_1/O
                         net (fo=1, routed)           0.198     3.364    u_confreg/FSM_onehot_state[3]_i_1_n_0
    SLICE_X37Y153        FDRE                                         r  u_confreg/FSM_onehot_state_reg[3]/D
  -------------------------------------------------------------------    -------------------

                         (clock cpu_clk_clk_pll rise edge)
                                                      0.000     0.000 r  
    AC19                                              0.000     0.000 r  clk (IN)
                         net (fo=0)                   0.000     0.000    pll.clk_pll/inst/clk_in1
    AC19                 IBUF (Prop_ibuf_I_O)         0.441     0.441 r  pll.clk_pll/inst/clkin1_ibufg/O
                         net (fo=1, routed)           0.620     1.061    pll.clk_pll/inst/clk_in1_clk_pll
    PLLE2_ADV_X0Y2       PLLE2_ADV (Prop_plle2_adv_CLKIN1_CLKOUT0)
                                                     -2.851    -1.790 r  pll.clk_pll/inst/plle2_adv_inst/CLKOUT0
                         net (fo=1, routed)           0.611    -1.180    pll.clk_pll/inst/cpu_clk_clk_pll
    BUFGCTRL_X0Y0        BUFG (Prop_bufg_I_O)         0.029    -1.151 r  pll.clk_pll/inst/clkout1_buf/O
                         net (fo=17726, routed)       0.886    -0.265    u_confreg/cpu_clk
    SLICE_X37Y153        FDRE                                         r  u_confreg/FSM_onehot_state_reg[3]/C

Slack:                    inf
  Source:                 btn_key_row[2]
                            (input port)
  Destination:            u_confreg/FSM_onehot_state_reg[4]/D
                            (rising edge-triggered cell FDRE clocked by cpu_clk_clk_pll  {rise@0.000ns fall@20.000ns period=40.000ns})
  Path Group:             (none)
  Path Type:              Hold (Min at Fast Process Corner)
  Data Path Delay:        3.367ns  (logic 0.287ns (8.512%)  route 3.080ns (91.488%))
  Logic Levels:           2  (IBUF=1 LUT5=1)
  Clock Path Skew:        -0.265ns (DCD - SCD - CPR)
    Destination Clock Delay (DCD):    -0.265ns
    Source Clock Delay      (SCD):    0.000ns
    Clock Pessimism Removal (CPR):    -0.000ns

    Location             Delay type                Incr(ns)  Path(ns)    Netlist Resource(s)
  -------------------------------------------------------------------    -------------------
    Y7                                                0.000     0.000 r  btn_key_row[2] (IN)
                         net (fo=0)                   0.000     0.000    btn_key_row[2]
    Y7                   IBUF (Prop_ibuf_I_O)         0.242     0.242 r  btn_key_row_IBUF[2]_inst/O
                         net (fo=33, routed)          2.879     3.121    u_confreg/btn_key_row_IBUF[2]
    SLICE_X37Y153        LUT5 (Prop_lut5_I3_O)        0.045     3.166 r  u_confreg/FSM_onehot_state[4]_i_1/O
                         net (fo=1, routed)           0.201     3.367    u_confreg/FSM_onehot_state[4]_i_1_n_0
    SLICE_X37Y153        FDRE                                         r  u_confreg/FSM_onehot_state_reg[4]/D
  -------------------------------------------------------------------    -------------------

                         (clock cpu_clk_clk_pll rise edge)
                                                      0.000     0.000 r  
    AC19                                              0.000     0.000 r  clk (IN)
                         net (fo=0)                   0.000     0.000    pll.clk_pll/inst/clk_in1
    AC19                 IBUF (Prop_ibuf_I_O)         0.441     0.441 r  pll.clk_pll/inst/clkin1_ibufg/O
                         net (fo=1, routed)           0.620     1.061    pll.clk_pll/inst/clk_in1_clk_pll
    PLLE2_ADV_X0Y2       PLLE2_ADV (Prop_plle2_adv_CLKIN1_CLKOUT0)
                                                     -2.851    -1.790 r  pll.clk_pll/inst/plle2_adv_inst/CLKOUT0
                         net (fo=1, routed)           0.611    -1.180    pll.clk_pll/inst/cpu_clk_clk_pll
    BUFGCTRL_X0Y0        BUFG (Prop_bufg_I_O)         0.029    -1.151 r  pll.clk_pll/inst/clkout1_buf/O
                         net (fo=17726, routed)       0.886    -0.265    u_confreg/cpu_clk
    SLICE_X37Y153        FDRE                                         r  u_confreg/FSM_onehot_state_reg[4]/C

Slack:                    inf
  Source:                 btn_key_row[2]
                            (input port)
  Destination:            u_confreg/FSM_onehot_state_reg[0]/D
                            (rising edge-triggered cell FDSE clocked by cpu_clk_clk_pll  {rise@0.000ns fall@20.000ns period=40.000ns})
  Path Group:             (none)
  Path Type:              Hold (Min at Fast Process Corner)
  Data Path Delay:        3.370ns  (logic 0.332ns (9.841%)  route 3.038ns (90.159%))
  Logic Levels:           3  (IBUF=1 LUT4=1 LUT5=1)
  Clock Path Skew:        -0.264ns (DCD - SCD - CPR)
    Destination Clock Delay (DCD):    -0.264ns
    Source Clock Delay      (SCD):    0.000ns
    Clock Pessimism Removal (CPR):    -0.000ns

    Location             Delay type                Incr(ns)  Path(ns)    Netlist Resource(s)
  -------------------------------------------------------------------    -------------------
    Y7                                                0.000     0.000 r  btn_key_row[2] (IN)
                         net (fo=0)                   0.000     0.000    btn_key_row[2]
    Y7                   IBUF (Prop_ibuf_I_O)         0.242     0.242 r  btn_key_row_IBUF[2]_inst/O
                         net (fo=33, routed)          2.788     3.029    u_confreg/btn_key_row_IBUF[2]
    SLICE_X39Y151        LUT4 (Prop_lut4_I1_O)        0.045     3.074 r  u_confreg/FSM_onehot_state[1]_i_3/O
                         net (fo=7, routed)           0.250     3.325    u_confreg/key_start1__1
    SLICE_X38Y151        LUT5 (Prop_lut5_I3_O)        0.045     3.370 r  u_confreg/FSM_onehot_state[0]_i_1/O
                         net (fo=1, routed)           0.000     3.370    u_confreg/FSM_onehot_state[0]_i_1_n_0
    SLICE_X38Y151        FDSE                                         r  u_confreg/FSM_onehot_state_reg[0]/D
  -------------------------------------------------------------------    -------------------

                         (clock cpu_clk_clk_pll rise edge)
                                                      0.000     0.000 r  
    AC19                                              0.000     0.000 r  clk (IN)
                         net (fo=0)                   0.000     0.000    pll.clk_pll/inst/clk_in1
    AC19                 IBUF (Prop_ibuf_I_O)         0.441     0.441 r  pll.clk_pll/inst/clkin1_ibufg/O
                         net (fo=1, routed)           0.620     1.061    pll.clk_pll/inst/clk_in1_clk_pll
    PLLE2_ADV_X0Y2       PLLE2_ADV (Prop_plle2_adv_CLKIN1_CLKOUT0)
                                                     -2.851    -1.790 r  pll.clk_pll/inst/plle2_adv_inst/CLKOUT0
                         net (fo=1, routed)           0.611    -1.180    pll.clk_pll/inst/cpu_clk_clk_pll
    BUFGCTRL_X0Y0        BUFG (Prop_bufg_I_O)         0.029    -1.151 r  pll.clk_pll/inst/clkout1_buf/O
                         net (fo=17726, routed)       0.887    -0.264    u_confreg/cpu_clk
    SLICE_X38Y151        FDSE                                         r  u_confreg/FSM_onehot_state_reg[0]/C





